Machine,Diameter_mm
M1,19.979343834047395
M4,20.005780092964837
M3,20.249524413930303
M2,19.9600877566826
M2,19.98742699600072
M4,20.003083049800335
M1,20.00727637506128
M3,20.22697344643309
M1,20.00913049713306
M1,20.03813040289747
M3,20.25125033954637
M4,19.97454743356181
M3,20.24207458505588
M4,20.016018353614015
M3,20.218526835798045
M4,19.99668927837321
M3,20.2090500779389
M1,20.00622421829428
M4,20.09191381502608
M2,19.983216414761063
M3,20.207821266828283
M2,20.03906334356003
M1,20.006856488584052
M4,19.993489434166538
M4,20.00897289382969
M3,20.188784165893903
M2,20.000288016085076
M4,19.996289864605178
M3,20.20277804423231
M2,20.022901619593416
M2,20.06113985416641
M1,19.96130267705935
M1,19.981000983386313
M3,20.24617319883612
M4,20.032168652411254
M1,19.962417636675205
M4,20.00989978881568
M4,19.98550990659841
M2,19.894280142790553
M3,20.18911045277636
M1,19.94565731112148
M4,19.920795937291626
M3,20.206495337898808
M2,19.98378341760693
M1,20.006500362177285
M4,19.99239446547806
M2,20.02122214387439
M4,19.96450722714972
M3,20.23892436729006
M4,20.01384629404963
M4,19.97841519468533
M1,19.989072028538867
M2,19.9781908967212
M2,19.983817856706025
M2,20.022515090160653
M1,19.976683496206828
M3,20.27320212347338
M1,19.973777020318476
M3,20.216157483269445
M3,20.20905346394076
M4,20.036756257196792
M3,20.20849472008226
M2,20.06353356963026
M4,20.009541042602795
M2,20.043933882355265
M2,19.94641140720399
M4,19.920344833296586
M2,20.050262002936137
M1,20.08358641249123
M2,19.999618305312257
M4,20.043949391795525
M1,19.98042995332548
M2,19.98948979813124
M1,20.025884992061208
M3,20.20456509591557
M2,20.004827171728035
M2,20.059499342112066
M1,20.00442814109817
M3,20.204679278518327
M3,20.190440307248338
M4,20.00532749474165
M2,20.006484262109673
M1,19.98071426321869
M4,19.9799792337949
M3,20.24130589687823
M3,20.195532866122576
M1,20.00683853324884
M2,19.99776748411074
M4,20.006577892946584
M4,20.045878204616276
M2,19.978552725061885
M4,19.993725481999796
M4,20.001765424744317
M2,19.963483944139245
M4,19.988151808199103
M2,20.00562510865013
M1,19.999957675125668
M3,20.25008749327806
M3,20.180910502877335
M1,20.00203676569381
M4,20.005154489765648
M1,20.04060826583556
M4,20.06307676820531
M1,20.03210968724775
M4,20.012288060275004
M4,20.02191508025515
M4,19.998065916873617
M3,20.205561863684864
M2,20.007525085828263
M3,20.207663127016943
M2,20.009127578573104
M4,20.050865347990968
M3,20.144209295094495
M2,20.050462827451764
M3,20.210491178084787
M3,20.191719537786387
M1,19.954209109710245
M1,19.94323482117234
M1,19.99267219366319
M1,19.969265395384102
M2,19.994384260498087
M3,20.2487241296089
M3,20.214561883884496
M2,19.979334178761217
M4,19.995401739747713
M3,20.255082761069296
M1,19.9678057792836
M4,20.040278768250683
M3,20.17151854037899
M3,20.208611858650283
M3,20.260535293463573
M3,20.24614864868492
M1,19.967218860851233
M3,20.24622987821715
M4,20.005445349704225
M2,19.99041231657839
M3,20.213627631558957
M1,19.973312318966222
M2,19.930984028560108
M2,19.968446607515336
M4,19.98768917217698
M1,20.00287888515736
M2,20.02547307981391
M2,20.00824599743602
M4,20.01520431316083
M4,20.01259826674207
M1,19.95542244506056
M1,19.98535812633886
M4,19.973628330823477
M1,19.97516484570642
M4,20.008836824623742
M2,19.977992198599893
M4,19.980700264902307
M2,19.99557819712427
M2,20.027497043222013
M3,20.194689115263337
M1,19.976457303222453
M3,20.18759662036539
M3,20.25508774008504
M4,20.07885665974983
M4,20.023020128257706
M3,20.206075006580345
M2,19.991362166353024
M2,20.00073638290525
M2,19.941698641372906
M4,20.030171588188583
M2,19.963008949123395
M1,19.990454216353633
M2,20.012629294009024
M1,20.00065488198456
M1,19.94861943638548
M1,19.97575171548482
M4,19.97330198402132
M3,20.292088668423776
M3,20.188374947723418
M2,20.01411499542928
M3,20.218776966951093
M1,19.98168798229091
M4,19.979049148716705
M3,20.245587025248597
M4,19.98146918011551
M1,19.929611757016453
M2,19.97709302670088
M3,20.21300722259997
M2,19.984372639400412
M2,20.022008467729915
M1,20.051830023452204
M2,19.96229770367942
M1,19.99941982911497
M2,20.005799464372515
M3,20.18602781953862
M3,20.26333288866945
M3,20.234204975034285
M2,20.01530114188715
M4,20.00495751704735
M1,20.102056200485052
M2,20.001381539249373
M1,20.04752481537692
M2,19.982049166116987
M4,20.05272881519614
M2,20.007258729912177
M4,19.975928876058475
M2,20.0235935356454
M3,20.2532900427
M2,19.979460847397345
M2,20.000264924992837
M4,20.012966056147324
M4,20.002441226293424
M2,20.006599642647277
M4,20.027681290721
M2,20.02264386603293
M3,20.190608930240053
M4,20.01320317913141
M2,20.02023336749744
M3,20.18548506863723
M2,19.897259546939427
M1,19.957551342940675
M1,19.962301079264904
M2,20.018166568162354
M4,20.034934538924528
M1,19.9773866386948
M2,20.05453900783693
M3,20.207073484556897
M1,20.014087946434906
M3,20.236478431950545
M2,19.999499474746123
M4,20.08389361346944
M3,20.214366074289543
M3,20.213808542186623
M1,20.008733821271196
M2,20.00856642707025
M4,19.989941176006493
M1,20.02021334787774
M4,20.066932020704872
M2,19.97232556298365
M3,20.20494030812836
M3,20.209657700798115
M2,20.020344455394536
M2,19.97765597580044
M3,20.269698964671303
M1,19.968353892382837
M3,20.259350119133455
M1,19.91715828871743
M3,20.26348609625408
M3,20.257649781139644
M1,20.01924651915508
M4,20.021328171797432
M2,20.04364853737038
M4,20.02855827990801
M1,20.004336497690755
M1,20.040978636883864
M2,20.016988493880813
M1,20.01421537130356
M2,20.01874152290431
M3,20.231149583609117
M1,19.94508317522299
M3,20.22661933207882
M1,19.963582539514775
M1,19.986482257716688
M3,20.151189647719793
M4,20.0120787364102
M1,19.94591163960613
M2,19.99781194431106
M4,20.020967855866935
M4,19.998270349498124
M3,20.16740315850855
M2,19.95533705787424
M2,19.994154299077135
M3,20.229765529990228
M3,20.21461746919743
M2,20.020475638687824
M1,20.01511350561688
M1,20.006418760736175
M4,20.005213264647352
M2,20.025891906497197
M2,19.968246072882145
M2,20.04584185107696
M4,20.072326406999807
M1,19.955814521217864
M1,19.973912938580355
M2,19.97938228619686
M2,20.12794120743632
M3,20.17261917068118
M2,20.02508925195628
M2,20.03751574925156
M4,20.011597871727428
M1,19.962666731512627
M3,20.2046545311313
M3,20.169602163587548
M2,20.001002060226103
M4,19.998480321380676
M2,19.911225544308664
M4,19.986889612385333
M2,20.06469717598652
M3,20.169848996189245
M3,20.26423209650981
M4,20.02442376945471
M2,19.9965522705577
M2,20.01879683305167
M1,19.97203794119375
M2,20.070584986907317
M4,20.000863975504263
M1,20.062292636515537
M4,19.98852474402461
M3,20.250298592886704
M1,19.9860080198499
M2,19.981373166663584
M3,20.260292602968185
M2,20.022371903690928
M1,19.97596604330827
M3,20.235086919739533
M3,20.300533454736012
M1,19.99337136677322
M2,20.024913923831683
M1,19.976450389508805
M3,20.195083389861228
M3,20.24771634000837
M3,20.111711980468495
M4,20.00926707886582
M4,20.017961115847186
M2,20.002331353601768
M1,19.989525391557816
M3,20.13293319301744
M4,19.973365543770715
M4,19.9555236628907
M1,19.958144218695978
M1,20.003240954720376
M1,19.999937481702297
M1,20.003471807349484
M3,20.214896229219896
M3,20.18857495728114
M2,20.03092169791691
M2,19.9915547522245
M4,20.00474827497062
M2,19.98236299660591
M4,20.01258851628568
M4,19.99196550787908
M2,19.986215792814257
M1,19.993109517752316
M4,20.0117637115534
M3,20.302990030793296
M2,20.004176855220525
M3,20.237122829558068
M3,20.181726585047812
M4,19.93247029692137
M2,20.00788430958963
M4,19.96392654276958
M4,20.02384670658575
M1,19.98269351294818
M1,20.02753907833961
M3,20.209573773827355
M1,19.981011840020727
M2,19.98774208041107
M2,20.035564307051228
M4,20.035173153059
M4,20.031327469539875
M1,19.9842278381277
M4,20.08004508330404
M1,20.0140286915355
M3,20.230353729085124
M4,20.027775940797895
M4,20.050477596029715
M1,20.006841369255387
M4,20.095546771422928
M1,19.930510137156528
M3,20.217829960650825
M2,20.029350912947585
M2,20.028576033219647
M1,19.98052621622687
M4,20.050609798224983
M2,20.0005433496317
M3,20.219568128013595
M2,20.018293798266523
M2,19.95557557083783
M4,20.04819738575073
M1,19.979421127436805
M3,20.23840055045962
M3,20.22877695692871
M2,20.028459360689126
M2,20.010347381175414
M1,19.960932856268084
M4,20.021946805365797
M4,19.966115741560508
M1,20.016306807849585
M1,20.00237330440572
M1,20.055297549920574
M1,19.95914206293972
M4,20.041075143874945
M4,19.99103099865681
M1,19.983423254149223
M3,20.28369751447212
M1,20.005715784104268
M2,19.98804895520314
M3,20.243481636539816
M3,20.220693217075564
M4,20.050303245606592
M1,19.951953748388934
M1,19.955928389430465
M2,20.001268808237324
M2,19.99276097894331
M4,19.98529874093702
M4,20.012817723632494
M2,20.076812171148415
M4,19.9648067533757
M2,19.915070675154695
M3,20.18332312140096
M2,19.990293172352448
M1,19.98467229023416
M4,20.011859512225257
M1,20.009315822611875
M1,19.985905088831753
M1,19.952173811774447
M2,20.028030149446284
M1,19.967796840845757
M1,20.031035211702836
M3,20.284788932186835
M4,20.01154516907658
M1,19.9688691038218
M2,19.990791581059938
M3,20.200368540457813
M4,19.98360956196146
M3,20.234923264881573
M4,20.023591683276692
M3,20.239036945879644
M2,20.042762513702392
M1,19.993081782905936
M4,19.964607077543203
M4,19.998653847392507
M1,20.035462398293877
M3,20.172751083947286
M1,19.955303150444696
M3,20.273575741096508
M4,20.047332475199227
M1,20.018453144193973
M2,20.006328704807085
M1,20.02118198731333
M3,20.16910177170533
M4,19.9817379916783
M1,19.973937572513396
M2,20.03126982282065
M4,20.029940333768913
M2,19.99448055459137
M1,20.030108856158016
M2,20.02200556748828
M3,20.182042683054405
M3,20.236950374392855
M2,20.014464894321986
M4,20.033011199675443
M3,20.214776214876593
M2,19.970334347342423
M4,19.99532963795729
M4,20.04798111245414
M2,20.02581337798423
M1,19.96363720288573
M3,20.19556394633887
M3,20.223021168317025
M1,19.972654357376612
M3,20.26428869343318
M4,19.99166060046546
M1,19.996657424118293
M3,20.222320984890818
M1,20.011707129245796
M3,20.199591071823782
M2,19.945493020715357
M1,20.00711197518079
M4,20.02001035389777
M1,20.02457043206376
M3,20.24687186907046
M1,20.002139587982036
M4,19.98417135771924
M3,20.22503380032345
M4,19.981708402002624
M2,19.981635740225425
M2,20.005044811264295
M3,20.22459503459372
M4,19.9612885603706
M4,20.045335619497305
M1,20.000625338984996
M3,20.208024931216027
M1,19.932066287131363
M2,20.02845087088218
M4,19.97767702774727
M2,19.981267753381616
M4,19.978119901994535
M2,19.997266121933745
M1,19.959983064413095
M2,20.02222872112553
M3,20.188931369506346
M4,20.03158264776075
M3,20.323891655071495
M4,20.03302510565248
M4,20.01070909422715
M4,20.08499609562552
M3,20.191300232501327
M2,19.97081976786395
M2,20.04450140824773
M1,19.980258854021784
M2,20.037425825305213
M4,19.97637475648048
M2,19.927545092414466
M1,19.978139150585573
M3,20.17326611307919
M4,19.960662522366356
M4,20.008232793562357
M2,19.941393037099672
M2,19.98931736391546
M3,20.251394247147054
M1,20.003986725601816
M2,20.022272783648617
M1,19.98318721488665
M4,19.97830276385749
M3,20.23663334323964
M4,20.00577327418705
M4,20.0164905690067
M4,19.992866775521097
M1,20.03063141442269
M4,19.96297476760804
M1,19.99557505570259
M2,20.05711022327312
M3,20.229153806637452
M2,19.9968910996443
M1,19.98635005368775
M1,20.01212947587527
M4,20.020632510035465
M2,20.015538808269156
M2,19.99541075692445
M4,20.026640672428943
M1,19.97641134389332
M4,19.939323366774833
M4,20.005042686558305
M3,20.2027169919232
M1,20.00010241308731
M1,19.97545974944491
M2,19.974801142008044
M3,20.2251934195088
M1,19.966466500014572
M2,20.009782258307556
M1,19.972563831858693
M3,20.184021200825324
M1,19.935237082336993
M3,20.21094928389359
M1,19.99546559492894
M1,19.950762886383995
M1,19.991341116254286
M4,19.97723184195006
M1,19.99510544344195
M2,19.97299487003638
M3,20.227610004010025
M3,20.229426543847424
M3,20.239590288639903
M4,19.98493227281233
M2,19.992073631666734
M4,19.99015005948193
M2,19.965509917460757
M4,20.010035017629587
M3,20.32643325376344
M3,20.172521813033296
M4,19.941776083517546
M4,20.08120848845096
M4,20.027355065838353
M3,20.17194585328302
M1,20.001195004762653
M2,19.97137374761988
M1,19.96556275113786
M4,20.030401376495465
M1,19.960244331091573
M1,19.99241137800462
M1,19.988800222232125
M3,20.270661770303796
M3,20.27271574701925
M4,20.02257644232691
M2,20.041661316727023
M2,19.98479152426083
M1,20.002880235075366
M1,20.00497497710377
M2,20.020519349577295
M4,20.02770373233004
M3,20.27140458419661
M4,20.01681037687348
M1,19.995625692712174
M1,19.985267545637715
M4,20.02350330609579
M1,20.035941137113365
M1,19.9653348906678
M2,20.027034515200597
M4,19.993960427207995
M3,20.27488366516525
M1,19.991598694288133
M4,19.987482379501035
M4,19.970868016309275
M4,20.02140542274261
M4,20.03935713209772
M1,19.983075905058275
M4,20.027209632336785
M2,19.968144064622624
M4,19.956147786976857
M3,20.22654909449667
M4,20.02061013444735
M3,20.176308149753233
M3,20.239171256903436
M3,20.278632922849805
M4,20.047979985018426
M3,20.295442269497222
M1,20.01654159780966
M4,19.997367689902553
M3,20.19332184486094
M2,20.028345804746763
M3,20.219473473314626
M4,19.994405882741574
M4,20.03208613362151
M4,20.011026810624557
M2,19.939410437978054
M4,20.001658285854216
M2,19.992575779439665
M3,20.26701298492351
M3,20.147126782748785
M1,20.07318729386711
M2,20.041884107887405
M1,19.93722170053255
M1,19.964076171862093
M2,20.041299435779727
M2,19.961229404741555
M1,19.96673261128906
M2,20.089371655414993
M3,20.208106854041937
M1,19.934334964781915
M2,20.02309897377415
M2,20.01211719082168
M3,20.30808165095631
M2,20.003439996735853
M3,20.25866678441055
M2,20.014363944205943
M2,20.00494042809491
M2,20.0001678656762
M1,20.03391063237199
M3,20.218215868040023
M1,19.964024830904332
M2,20.01115770655648
M4,20.029000523149183
M4,20.006208319126916
M3,20.16844417264441
M4,20.01015136863631
M4,20.011645392418732
M2,19.988448834549786
M4,20.006916920910935
M2,19.98885021455852
M2,19.986127334712588
M3,20.260474746482956
M4,19.96170367999993
M4,20.04357047876328
M2,20.02874160959243
M3,20.225389979135624
M1,20.02234463309535
M4,20.014310134369296
M3,20.199047460832137
M3,20.19712966955836
M4,19.96246117297849
M3,20.23505040827379
M1,20.051252823947824
M2,20.0186402118534
M1,20.035991284090745
M3,20.2513624909594
M1,19.96144084205689
M1,20.000729188492013
M3,20.2486780785432
M3,20.21478464367045
M3,20.227343254660717
M4,20.050389414661783
M4,20.005672022876244
M1,20.04345078361815
M4,20.012948097186317
M3,20.22463637082456
M3,20.252137550473208
M1,20.004130636886543
M3,20.23946298314824
M3,20.280171401209877
M3,20.25404322747619
M1,19.99378768895675
M3,20.181323964244044
M4,20.066062230576197
M3,20.238218330411993
M1,20.050957925382185
M4,20.01318293600367
M4,20.05627159194942
M1,19.97391131024447
M4,19.988051553693335
M2,19.99631461730066
M3,20.20047769227353
M2,20.034944451017807
M4,19.986406020627182
M4,20.00231481030995
M4,19.94980601610839
M4,20.02729521639463
M4,19.996916012136804
M1,20.07760967076615
M2,20.03147236434656
M3,20.27187812747732
M3,20.165407087045857
M1,19.943779267246757
M1,19.94420587856045
M3,20.19672065113028
M3,20.280295088468577
M1,20.058278828953043
M1,19.987935241971705
M1,19.945497915080978
M3,20.23579673470067
M1,20.006260632195453
M3,20.19963834586416
M2,19.96902446698683
M2,19.99594279146822
M3,20.207290170910913
M3,20.191362773078396
M3,20.27533091233824
M4,20.033045710286945
M4,20.047395322035197
M4,20.01417007490968
M3,20.17749369851005
M2,19.962514047866108
M1,20.01874919996553
M3,20.2239454958946
M1,19.98169135422036
M4,19.994384668802773
M4,19.97423656906289
M1,19.96020585413807
M4,19.99082404568784
M1,19.979870310079654
M3,20.201098138147835
M1,20.050411779084477
M2,20.03273943102163
M3,20.236072996821164
M3,20.184445484908725
M2,20.053636480511308
M4,19.984486933201623
M4,20.042990268979743
M1,19.97478059602788
M3,20.171668880746147
M3,20.252428626307612
M2,20.021508124345125
M3,20.223754903619692
M4,20.02570312147634
M4,20.014244707766732
M4,20.031125184791907
M3,20.15642051337996
M2,19.96307956361646
M4,20.00880057840804
M2,20.0017326410526
M3,20.17901126616878
M2,19.995375608845535
M2,20.00104233437541
M1,19.997388050988544
M4,19.95916212142122
M1,19.994388120992216
M1,19.923648465443993
M4,19.99478072501376
M3,20.182312425626765
M2,19.987662992880445
M3,20.161790318950057
M2,19.99789030734262
M1,19.98262976306613
M3,20.230939848569975
M1,20.04324566290321
M3,20.210605254978564
M4,20.028009036332396
M4,19.99060068925076
M2,20.026003720179936
M4,19.94789908798974
M3,20.189310937437323
M2,19.97774557198908
M1,19.986519278782023
M2,19.991747780275936
M3,20.2161311281043
M4,20.034991090821347
M1,20.052398607664955
M3,20.173073808050667
M4,20.06571647190906
M4,19.99584098489014
M2,19.965627727097797
M1,19.958925149684603
M2,19.992120107481767
M4,20.032990421833563
M4,20.01457597327347
M3,20.218378620933784
M1,19.957783874779732
M1,19.97932964956176
M2,20.036671030802022
M3,20.24628207220101
M1,19.92835068853188
M3,20.279137981285512
M3,20.239789026464255
M1,19.993308332911433
M1,20.002072720903115
M2,20.00487045177039
M3,20.275223778010066
M4,19.990708111467168
M2,20.009877178303757
M2,20.019732591301853
M4,19.980111365247097
M2,19.988069191340827
M2,19.98970755140906
M2,19.990682002063892
M1,19.99524963231966
M2,19.980420428234503
M3,20.255277458514097
M4,19.979291092893483
M3,20.184350388040716
M4,20.068286514074742
M3,20.29415923006921
M1,20.004857756194973
M2,19.985071207954164
M4,20.011662421884605
M1,19.984973757104623
M4,19.98441983835174
M3,20.229766624957776
M2,19.965579617460396
M4,20.00094969851786
M4,20.02621315033196
M1,20.016058124221363
M1,19.95582058491818
M3,20.19628879458423
M4,19.977438318467193
M1,19.955461867053003
M3,20.173256720491988
M1,19.980107437369877
M3,20.191369693606404
M3,20.295478790201823
M1,19.976259127882923
M3,20.22231104380083
M4,19.95651964742391
M4,20.009722989259615
M1,20.030372726243804
M1,19.981591902616735
M1,19.97453611749247
M2,19.98683225740745
M1,20.00699679611388
M4,19.977081325027857
M4,20.042952747524716
M4,20.04914040672448
M1,19.993601448841275
M1,19.94539730645428
M4,19.98055001515689
M2,20.075057647904607
M3,20.19202898244644
M4,20.030124759184503
M1,19.94448654310917
M1,19.9723089352868
M1,20.02376684395824
M1,19.976006591644733
M1,19.96386605581168
M4,20.009349658132553
M3,20.21390207235112
M4,20.060127079847344
M4,19.998449831653087
M4,19.988381973195803
M1,19.999708819349653
M2,19.964771594751188
M4,19.934913937808787
M1,19.957881656226387
M1,19.946005548385504
M3,20.216553568494476
M4,20.04518375031768
M4,20.00613153467631
M4,19.997899409924173
M1,19.982913364628352
M4,20.012464489420186
M4,20.05705805108946
M3,20.246190612968434
M4,20.058141577262347
M4,19.96621118063856
M2,20.00959829305912
M1,19.98064081929202
M2,19.94974798934788
M1,20.027551604150407
M1,19.999987063858526
M1,19.998245411707583
M3,20.20479539251195
M3,20.242654599473088
M3,20.21353647329439
M3,20.19329614366753
M3,20.239510189585666
M3,20.30972455107572
M1,19.97696786034942
M4,20.001560150287084
M2,20.020623922512137
M1,19.96353765172665
M4,20.0612187511774
M3,20.21244239694172
M1,20.02513460362444
M1,19.95854670271325
M1,19.975780273496795
M2,19.971041415738803
M1,19.98842095265267
M3,20.165551349562563
M3,20.220504678248687
M4,19.98825912240651
M3,20.160514782493376
M3,20.189249977823163
M3,20.254682889117397
M1,20.068220278440144
M1,19.998288930750576
M3,20.31024116072468
M1,19.94492897477604
M1,20.01244181711303
M1,19.954694034842273
M4,20.015263994248468
M2,19.947882890434418
M3,20.132788770451985
M2,20.00065033911243
M1,19.965986712237303
M2,19.956669093626875
M1,19.979645189737496
M4,20.03283849698733
M1,19.980286732721424
M2,19.95182941202985
M4,19.970263547798503
M3,20.228782753569575
M2,20.044141697547083
M3,20.23793079108774
M4,20.089854029189173
M2,19.999868903890057
M3,20.185681151352693
M4,19.96930763840167
M3,20.253081734089417
M2,20.00130054502536
M1,20.02751256320683
M1,19.966172326397302
M4,19.982038538331928
M3,20.28790004704121
M2,20.046465683226575
M2,20.05749451345547
M3,20.18047237620484
M3,20.155783880986956
M3,20.216989024701444
M2,19.96553748499467
M3,20.24497275709081
M2,19.955974284187175
M4,20.03191381059904
M1,19.958714768758647
M1,19.942417387163218
M2,20.033185692208757
M3,20.222717617402903
M3,20.24404654449021
M2,20.041745336977907
M4,20.048608010403683
M2,20.02567809663637
M1,19.99147328599077
M1,20.037786911875635
M4,19.96429084608755
M1,19.971955344177108
M4,19.957332366028215
M2,19.997326971553267
M1,19.967653416497978
M2,20.02924436058546
M3,20.194369034869965
M2,20.05937894852305
M4,19.988316312131364
M3,20.254432731860597
M2,20.062780890133883
M3,20.219417605623505
M4,19.987984763625867
M2,19.989162363585212
M1,19.971564805086416
M2,20.034741002863907
M4,19.991756675234388
M1,19.969654265082557
M4,20.013738602637797
M3,20.202722920462055
M3,20.221773242026583
M2,19.99464261624003
M4,19.979684483761066
M1,19.972895062680823
M2,20.00228649855069
M2,20.02648149318876
M2,20.03885119257256
M2,20.003562916971216
M1,20.022709758190807
M1,20.021055192250586
M1,19.96342757081641
M3,20.269446509575296
M2,20.013101754543964
M3,20.221368270221657
M3,20.21426911752273
M3,20.195397239494625
M3,20.22041269409236
M3,20.188268258668188
M3,20.239131591338133
M3,20.22953493476468
M3,20.260483886519367
M2,20.0258789449684
M1,19.996129121574302
M4,20.02122322536663
M2,20.056801036110343
M3,20.29276887535806
M1,19.94900039061743
M2,19.92859839246926
M3,20.220563736912528
M3,20.223239400857818
M3,20.222632461198877
M2,19.99319280123256
M4,20.053821222224837
M3,20.25707999506487
M4,20.002530406567217
M3,20.267346218569497
M3,20.277700556852228
M4,19.97392647317107
M1,19.997963111103267
M4,20.01907715410534
M4,20.06407025042499
M3,20.240181668275028
M3,20.253770036672723
M3,20.23048372354892
M2,20.02630337163167
M4,20.00143054915289
M1,19.986950970455027
M2,19.98815797142788
M3,20.267167923905863
M4,20.02592851064422
M2,20.026611810787905
M2,20.014370751782963
M1,19.96995564012327
M1,20.00614166950863
M1,19.978139244922787
M1,20.016110709229256
M4,20.04356315729095
M4,20.001964724613412
M4,19.9974879744401
M1,19.965274250970957
M1,20.031438385106227
M2,20.01838879753057
M3,20.250222682970247
M2,19.970109971630205
M2,20.01983853391326
M1,19.944003496600637
M3,20.239663575584412
M2,19.974220685809435
M1,19.951312614553945
M3,20.224516506774695
M4,19.98920283986542
M1,19.95748172096237
M2,20.06993560712107
M4,20.043766581364824
M3,20.28270932316441
M4,20.042223359300163
M2,19.979673178866616
M2,20.069844984581717
M3,20.253922145349385
M1,19.967788659145423
M1,19.95331298058891
M3,20.275944356146887
M3,20.141442078296564
M1,20.00691670526708
M3,20.199801382151872
M2,19.96740717209511
M3,20.23698846734384
M4,20.036191275562672
M1,19.9626144313761
M4,19.977928521605715
M2,19.953794770951713
M4,19.98606343099094
M2,19.996633618963735
M2,19.997464282908673
M4,20.00260257426344
M3,20.231463209289043
M1,19.99672519493167
M3,20.189036521355497
M4,20.002475130147868
M2,20.014675979868095
M4,20.032927543488732
M3,20.200350378662076
M2,19.987103225358613
M1,19.998214037046747
M3,20.19704965890259
M1,20.01080852621861
M4,20.069435355368192
M3,20.22663713543153
M2,19.987287430918773
M1,19.960636807854716
M3,20.211536676144306
M1,19.951208394255765
M2,20.00150246440181
M4,20.014418886740025
M4,19.978345653317536
M4,19.98613779096307
M4,20.03494871717573
M3,20.184498552741392
M1,19.98931971186824
M4,20.03213499694361
M4,20.042344905595204
M4,19.963969288762495
M3,20.257528154979315
M1,20.00073428553769
M3,20.19835491383668
M2,19.996682996719727
M4,20.043028757198947
M2,19.93769502735316
M2,19.968462027399777
M1,19.956635910124614
M4,20.03687419348837
M4,20.0545488368384
M1,20.02427614891041
M2,19.971060819973815
M2,20.033998371207172
M2,19.987134834848124
M4,19.98969031104707
M1,20.00015210632746
M2,20.05022776876522
M1,19.991699312015943
M1,19.931693753288
M4,19.95620013531819
M4,19.97043261291838
M1,20.018071703674472
M3,20.208357841101176
M1,19.96634906478953
M1,19.94955232131245
M2,19.973179963390912
M1,19.958509124121232
M2,19.945387776446104
M4,19.99959796955146
M3,20.25367946369826
M3,20.23639359041454
M2,20.015413281999106
M1,20.009559995909864
M1,19.993766197672574
M2,19.956739532655657
M1,20.00204787488799
M4,20.024800392747796
M4,20.00946992845496
M4,20.005968013734833
M3,20.26697608858108
M3,20.202081073625664
M3,20.178769665638725
M2,19.988847547609044
M3,20.2220410229213
M4,20.0268425450388
M4,20.002826380132024
M3,20.227004210037293
M1,19.96058201134616
M3,20.248556400891935
M2,19.998980006584222
M3,20.20073024470302
M3,20.2074540888004
M4,19.96079276208516
M2,20.064930572710125
M4,20.034181959655868
M4,20.013311454086494
M2,19.97034764868094
M2,20.03538125146116
M3,20.228913247694567
M4,20.084779168003244
M3,20.23122084387024
M4,19.978393834598737
M2,20.01524992327154
M3,20.19319840382929
M2,19.96323937133365
M4,20.002767438033825
M2,19.97597756050978
M3,20.21967576539898
M1,20.00748876371983
M4,20.033768791906382
M2,19.985291401429127
M2,20.03238051009443
M3,20.245661701082273
M2,20.03405835194977
M4,20.03237377998432
M3,20.263826665565453
M3,20.252037710122707
M1,19.920738366253858
M1,19.970541666971656
M2,20.0380823754444
M4,20.067146953217257
M4,20.05878319406052
M3,20.25448489750209
M3,20.254718808395396
M2,19.994972715351327
M1,20.079449530043934
M1,20.031123671762018
M2,19.97740300469162
M2,19.93240975649439
M1,19.991656988328753
M2,20.019377490245382
M1,19.98395391068101
M3,20.228050499579055
M4,20.05015112669459
M3,20.25125926347807
M2,20.08160617945317
M2,20.014119691731917
M2,19.99467927281833
M1,19.989714367562893
M3,20.219928783831488
M3,20.227730768131774
M1,19.991194007954658
M2,20.03830322650804
M2,20.05698591386703
M1,20.045282914422483
M3,20.173920009906876
M3,20.23370035489431
M3,20.264166946454512
M3,20.21399929386968
M4,19.97412837180399
M4,20.019744433032788
M3,20.154402877068815
M4,20.00938944242187
M2,20.042536953118272
M4,20.030755771064804
M4,20.01605861679493
M3,20.264462088247065
M4,20.017744081926544
M3,20.260197943731992
M3,20.221672689771683
M2,20.07340567116164
M4,19.964693119346915
M3,20.203322229451103
M4,20.05552443289165
M2,20.016742285818683
M4,20.04033098538241
M1,19.948026412194633
M1,20.04177447807265
M3,20.225126801441732
M3,20.1949597172892
M4,19.9808625556083
M2,19.94977687264076
M3,20.222246197990735
M3,20.20215356183766
M4,20.03082454490944
M3,20.22769129854698
M2,19.988803680036444
M4,19.99305362536964
M1,19.981129456487512
M4,20.007039343254704
M1,19.982993145109145
M2,20.053174241020415
M4,19.940089228085903
M3,20.224954442725913
M4,20.04298633478463
M3,20.24589036685106
M3,20.163202960624236
M2,19.975533003668435
M1,19.95525765659907
M1,20.005235501689334
M2,19.963345232778277
M1,19.979065264469593
M3,20.25021772001818
M4,20.013235758328573
M4,19.98821267199871
M2,20.010273669550195
M4,20.01227757670804
M4,20.07335655362196
M4,20.007868904997515
M2,20.018888956843316
M2,20.00005111015987
M4,20.03716288234992
M1,19.933512521282033
M2,20.05402278334048
M1,19.93152522466549
M4,19.98163184246504
M3,20.215163746308363
M1,19.93360885023505
M1,20.027778271037732
M3,20.2258152257379
M3,20.20313998724494
M4,19.94862377542483
M2,20.05846741002212
M4,20.04148035825535
M2,20.01698816206544
M4,20.02337411098157
M1,20.001967574529655
M1,19.94523299930644
M1,19.947990421603507
M2,20.009657593459956
M4,20.015094251579175
M1,19.99662989134337
M2,19.947434363451645
M1,19.953328577940187
M4,20.040389010323324
M3,20.23438779443236
M4,19.993310031790887
M3,20.244394307108458
M3,20.182991985908107
M4,20.05222327727296
M1,19.917620645644384
M4,20.064215939575742
M3,20.22626442619537
M3,20.227834147092803
M2,19.962903702477217
M4,20.02346245110677
M2,20.01562422642588
M1,19.97669945319248
M4,20.00966977936841
M1,20.032310088263873
M1,19.977856212564493
M3,20.191046082854907
M1,19.974588394011047
M4,20.00450908981458
M2,19.958429818484955
M1,19.961597609162627
M4,20.004009646501867
M3,20.269077734519268
M2,20.057598632531555
M3,20.23713764057791
M3,20.266693747899435
M1,20.044283350336453
M4,20.053064631167754
M2,19.96211716988127
M3,20.277376063436893
M4,20.0575562022616
M3,20.252406624455084
M3,20.23784639512659
M2,19.977819156735308
M1,19.965031575689547
M2,20.063871678397923
M4,20.03312160681769
M3,20.225089330791135
M2,19.985420764899988
M4,19.986289025088972
M4,20.02054892210033
M4,19.99738868405834
M2,19.967168994137516
M3,20.220255495702595
M3,20.241070482959916
M2,20.00803031318073
M2,19.968984434260864
M1,20.00621978361825
M2,19.96811754856452
M3,20.313353328515536
M4,20.0035314152214
M4,19.991260713614917
M1,19.984437288133396
M3,20.240094725090565
M1,19.91834822729174
M3,20.273814922811844
M2,19.973638983731732
M2,20.045245385249373
M3,20.172602800245823
M2,19.996697195326508
M4,20.027370788281495
M3,20.19796197973858
M4,19.997840615303076
M3,20.27411738621625
M2,19.99061413944817
M4,20.058423548995354
M2,20.056268927808503
M3,20.24419528123559
M1,19.950626665296205
M1,20.023215123202167
M3,20.20853058660417
M1,19.95266056893414
M4,20.02983900987836
M4,19.978921473939632
M3,20.165854933544537
M3,20.267544104050067
M3,20.217563688221205
M1,20.030002907483546
M2,20.03040493209784
M2,20.05893920175687
M4,20.002309357320303
M1,19.961720565247177
M2,19.977548684993327
M2,19.9510827833205
M1,19.980840917913905
M1,19.973291717939343
M2,19.987653570652014
M1,20.00748784636824
M1,19.984477433205132
M2,19.998194865221528
M1,19.970271063331555
M3,20.240504443548932
M1,19.935975195595073
M2,20.027369822044427
M2,20.012030494094052
M4,20.06103679784777
M3,20.289732854475933
M4,20.064387082659607
M2,19.969847053869504
M2,19.968997332255704
M2,20.01306166455274
M4,19.981373240018417
M4,20.01247456162715
M4,20.038066166198195
M4,20.033571456560765
M3,20.183019841639876
M3,20.240879056994117
M4,20.026037797519137
M2,19.97027744322932
M2,20.047823732249263
M4,20.015469365739172
M2,19.981479141945854
M1,19.986469568435975
M3,20.18312034571661
M2,19.99297581803442
M4,20.052190560455497
M4,20.01062297984394
M2,19.99293371220946
M3,20.284890705892447
M4,19.96127404825803
M3,20.164052430050823
M1,19.998953417651112
M3,20.202660428695385
M3,20.219541542272733
M3,20.197365454877204
M1,19.936821009941244
M2,19.960555779761695
M4,19.990687606128603
M1,19.930533656619723
M2,19.970103372072092
M2,20.002359629195976
M1,19.97511952531333
M1,19.953319408390527
M2,19.963548778628574
M4,20.033261228202075
M1,19.959058158252603
M2,19.94545301674972
M1,20.005504731129363
M3,20.21148141255082
M2,20.110945778974106
M4,20.085857586368057
M3,20.21002635765935
M4,20.067091248120377
M3,20.21965969256109
M2,20.062871893172876
M4,20.003843797088553
M2,20.04195784740726
M4,20.016292795959956
M4,19.97989293545855
M3,20.19762936348132
M3,20.242123967611533
M2,20.01597308272937
M4,20.04801451566963
M3,20.184413794999344
M4,20.011289551117
M2,20.07181554800493
M4,19.99547960596477
M2,20.02830919314213
M1,19.970539637923956
M1,19.954664259165668
M3,20.242983467689925
M2,20.03603705436366
M1,20.013907705527075
M2,20.030223484722335
M3,20.31621202181681
M2,19.94527811019745
M4,19.982458572529943
M4,20.07973155533036
M3,20.25053076759522
M4,19.98763761820734
M2,20.004656628563087
M1,19.96343436146992
M1,20.022458016104448
M4,19.998718452582153
M4,20.092307106405155
M3,20.22453870476098
M1,20.02037746853336
M2,20.04374613250045
M1,19.94864567840591
M1,20.01661006184057
M1,19.97864617032304
M3,20.18641281979236
M1,19.9627987089687
M4,19.989023609229616
M2,19.940996320413912
M2,20.015233790721854
M3,20.3118780011267
M4,20.00365554411447
M2,19.90304626136775
M1,19.954815831455452
M1,20.019384304988847
M4,20.055159251313167
M1,20.001803589444485
M3,20.232111930683445
M2,20.0088525070466
M4,19.97458876878204
M1,19.964544561752756
M4,20.038390098675514
M3,20.191671989321673
M2,20.011378853321823
M1,19.965969199970456
M4,20.059666602305175
M2,20.028840535933703
M2,20.01543035164726
M2,20.01430852635287
M1,19.962362477042458
M2,20.042574945017947
M1,19.9860230352982
M1,19.9439098181144
M2,20.01716043190629
M1,19.98803159367833
M2,20.01065385354713
M4,20.060282535890273
M1,20.020570012583732
M1,19.948873525749587
M1,19.99400715101052
M3,20.19273272617724
M2,20.023123337910008
M2,19.99211286810178
M1,20.019241383134215
M2,20.02612850479497
M2,20.015448560331187
M2,19.95523208109966
M3,20.27053316295374
M4,20.057888190103572
M2,20.04089383819048
M4,19.94718324265759
M3,20.276288735037628
M2,19.991818252441607
M1,19.981938414961466
M2,19.948949588289857
M3,20.2123587793129
M1,19.96434854032561
M4,19.980549370015613
M2,20.022784330981853
M4,20.00268882342168
M3,20.275567088122916
M2,20.01067043126435
M1,19.98253955674871
M3,20.197960272589203
M2,19.983295870831444
M1,19.986142660816284
M4,19.9773961182704
M2,20.0026323014762
M1,19.94407497915648
M2,19.986132584234017
M2,20.052806986595098
M4,20.005032111298885
M3,20.20145989284794
M1,19.92517922097638
M1,19.98717970377488
M3,20.295128184230357
M1,20.048854838021313
M2,20.001135833139983
M1,19.963850252880853
M1,19.945132154320092
M4,19.96223816179938
M1,19.964628798708
M1,20.017535523216495
M4,19.978406463875828
M1,20.02630040338709
M4,19.99389252992187
M1,19.988081577181983
M1,19.978014250042296
M1,20.01392732242148
M3,20.195706896301047
M3,20.24242493034583
M2,20.061550650586437
M1,19.947121411089263
M1,19.955753183656125
M3,20.231095408407327
M1,19.99612659416513
M3,20.234068013956502
M3,20.275448667140324
M4,20.00540144008514
M2,20.01067243304897
M1,19.94514515303405
M2,20.017916236832964
M4,20.02177610409681
M3,20.20353975978364
M3,20.2294415917082
M2,19.99379290880225
M1,19.98149370244221
M4,20.00900519902133
M4,20.051567254512097
M4,20.02241058010017
M4,20.069185708360862
M2,20.057547441080708
M2,20.046035539449015
M1,19.99871344853936
M4,19.997763513474567
M3,20.28172928497079
M2,19.92613486771576
M4,19.997232162131574
M3,20.21401969166498
M4,20.03719358288976
M4,20.032580465610064
M1,19.9386100240176
M2,20.07481102920526
M3,20.153638731055835
M4,20.066198170644945
M1,19.97252535681004
M2,20.041698699774752
M3,20.24246021427957
M4,19.993934277005973
M1,20.018847446614704
M3,20.284028642177574
M2,20.0723735978347
M1,19.977347918462243
M3,20.23594422043821
M2,20.003786043619844
M3,20.210897554199303
M2,19.998232818292863
M4,19.997301994207316
M1,20.004498800246264
M4,19.980123606209332
M1,19.990752428887863
M3,20.225067793814617
M2,19.93360132394202
M2,20.02339809939973
M1,19.981653358569726
M3,20.23840715693211
M1,20.01073085025449
M3,20.166569409745374
M3,20.215088569871934
M4,19.972891241655347
M3,20.198828589024043
M2,20.014281708358418
M3,20.15848690500967
M4,19.975580994719184
M2,20.00110425869268
M1,19.970076433175
M4,20.02069781397812
M1,19.9858316687322
M3,20.315391519898867
M1,19.99247307507355
M1,20.030117475288073
M4,20.028507638953375
M1,19.925857123830003
M3,20.262591609437237
M3,20.204960244833277
M1,19.98677084660039
M1,20.02669145117805
M4,20.000718404757137
M3,20.252995788041503
M1,19.93607802238455
M4,20.04670083816185
M2,19.999691580288182
M1,19.94003661693792
M4,20.044379603696992
M1,19.87889636261361
M3,20.227276250338207
M4,19.988505506690014
M3,20.21155060095407
M3,20.236788542330856
M2,20.041412328625036
M1,19.96298918329633
M3,20.16441493800469
M4,20.058150200243407
M1,19.99440514270478
M4,20.027990777654527
M2,19.96129601460854
M3,20.162026607543915
M1,19.96338328299933
M3,20.206983292817643
M1,19.990138948521423
M2,19.972603152056436
M3,20.139647401812272
M1,19.99888493157279
M2,19.98390982435612
M3,20.201996068852733
M1,19.9740176834058
M2,20.0125468941818
M2,19.996087276024213
M3,20.19526752533672
M4,20.03728063867318
M4,20.03163467911792
M1,19.937678475532906
M1,20.024420158347528
M1,20.00999958434894
M3,20.270713482967384
M1,19.99234788936335
M1,19.990340919459396
M4,19.960716030826383
M4,20.073000278303688
M4,19.971862050334583
M2,19.98791170615075
M3,20.239100957389017
M3,20.18391597862737
M1,20.005316698274935
M3,20.176924534640666
M3,20.21863544590968
M2,19.998460749086405
M4,19.9902073737228
M3,20.234534861612968
M3,20.235044994694995
M3,20.206092820686255
M4,20.03188999240593
M3,20.210507781633876
M2,19.995642509775028
M4,20.038908821884917
M3,20.25793042539753
M4,19.955846809826824
M1,20.044443996332305
M2,20.026636730259625
M4,20.067017184174397
M3,20.23670822465448
M4,20.024201512971565
M1,19.932394780982577
M1,20.021320440185026
M4,20.05776263462369
M2,19.9411193550823
M3,20.2317883111967
M2,20.039446328633616
M2,19.992976227731088
M4,20.029441125773243
M1,20.030674930657455
M4,19.97018899851211
M4,20.00633346446405
M3,20.193297051491378
M2,20.012034296726146
M1,20.016436704102947
M3,20.221572365679695
M2,20.06372853644296
M1,19.92734948339543
M2,20.027918775244657
M4,20.039044256059135
M2,20.04667542723654
M1,20.035229838540804
M3,20.17852822341972
M1,20.020232684126142
M4,20.026037998073992
M4,19.994874520134022
M4,19.993571059955677
M4,20.002462722237905
M1,20.024036460627062
M1,19.971593534270045
M2,19.994278007213723
M2,19.987916048115583
M4,19.98832766908993
M3,20.239030166332853
M3,20.196176452877538
M4,20.026276727159978
M3,20.247632921479944
M2,19.983748953367233
M2,20.012286780338403
M3,20.24391712094662
M1,19.937785820066132
M3,20.269599482167138
M3,20.176870555116853
M3,20.181431514766324
M3,20.187373664186023
M4,20.04203418873114
M4,20.02890143788601
M3,20.25100286400104
M2,20.04859083337051
M1,19.98059240723658
M4,20.051697827171537
M4,20.01304916326043
M3,20.273089843716185
M4,19.9926532668878
M4,19.98507374960134
M4,20.064065470629796
M3,20.26384553307412
M1,20.00643051008895
M1,19.98930635955996
M1,19.95228808697334
M2,20.01675572446094
M3,20.20960421954487
M2,20.047236941030217
M1,19.96646963749144
M1,20.02617511358028
M4,19.98790714334799
M4,20.004377600626466
M2,19.968624324893625
M4,20.01754216993066
M3,20.261465422370236
M4,20.030399102720683
M4,20.032210712256628
M3,20.26329940473162
M2,20.019915734356992
M3,20.194586048689477
M2,20.010458815111352
M2,20.10185343927197
M3,20.16132012437333
M3,20.228488639950147
M3,20.208517674216463
M2,19.97690793252683
M2,20.001208024066255
M1,20.022593430498365
M3,20.163417014391136
M3,20.19057233062345
M4,20.00233774657743
M3,20.222861121896113
M2,19.96480171084872
M1,19.97044156215804
M1,19.982385924086586
M2,20.0171102782108
M2,19.994794561397388
M2,19.90446336467335
M2,19.97991575789835
M4,20.050977214783902
M1,19.991054608426715
M2,20.059352768007233
M1,19.988639035634552
M2,19.983888999782568
M3,20.25677303413735
M1,19.96636921782329
M2,19.99948161361664
M1,19.94329494379459
M4,19.99924839921818
M3,20.161154003505136
M1,19.998648756667382
M1,19.971467279133208
M1,19.982584477230777
M2,19.98209130094398
M4,20.068823799556977
M3,20.27388330177832
M4,20.016960960360343
M2,19.957788746525583
M2,20.042555837131435
M2,20.03178290136701
M1,19.99212624498408
M4,20.024655713002137
M1,20.02391932067942
M2,19.96391349092966
M3,20.21448631593117
M1,19.993027145736544
M2,19.980816228807313
M2,20.026808969787503
M2,20.026800248554867
M1,19.960065262237674
M1,19.95911734780652
M1,20.036805126268614
M2,19.976947608378
M1,19.962772417380116
M4,19.995219294992005
M1,19.977047390008263
M3,20.219442058890092
M3,20.24023124983177
M2,20.03852695055813
M4,20.00750212350148
M1,20.0193335818919
M1,20.017785074860335
M2,19.9926754260724
M1,20.042449147853237
M2,19.995232276960984
M2,20.0530117121976
M4,20.044981558813912
M2,19.97461100923528
M4,19.98631740088763
M4,20.030685771930862
M4,20.004606686165403
M1,19.973831910073507
M4,20.0030939426781
M3,20.25574931553036
M4,19.975185809220672
M2,19.96951228022457
M4,20.018860758422573
M3,20.229216668739465
M1,19.962241040412263
M2,19.981855322211977
M1,20.01648159714858
M4,20.07778351160956
M2,20.01541719164992
M1,19.92382285648723
M3,20.257934360128356
M2,19.96016174907748
M1,19.9622161740449
M4,20.034101601942023
M4,19.985029891502755
M3,20.225787580095396
M3,20.19977124265348
M2,20.01975602322328
M3,20.24411125973821
M3,20.21657792766311
M1,19.983282104656062
M1,19.990064204983245
M2,19.960045460927645
M2,20.02393423545745
M1,20.010381576731756
M1,20.050144576696994
M4,20.023947203226435
M2,19.957277956644383
M3,20.286184755025097
M3,20.20813379018363
M3,20.200980092213904
M3,20.26944287759494
M2,20.025973690093327
M4,20.052518402709744
M2,19.995343900067947
M4,20.05620718243511
M2,19.98821747525392
M1,19.973265230701344
M4,20.114669495241237
M1,20.021487852988
M4,20.03925789793195
M1,19.99454230681692
M1,19.90486896048258
M3,20.2455750083941
M4,19.9995785280646
M2,19.99160727825628
M1,20.000730945819143
M1,19.965518971210702
M4,20.02889166017013
M3,20.196238910925455
M1,19.953404871065132
M2,19.997422121117424
M2,19.986063238398344
M1,19.921994696435497
M4,19.967104997604856
M3,20.205570664654488
M1,19.986892730774837
M3,20.250684057197574
M2,20.01797703949021
M1,19.976697043951027
M2,20.007125044541365
M1,19.958150896410626
M1,19.983809379144393
M4,20.04449185457843
M3,20.196938993830727
M1,19.946786062838484
M4,20.02159560765718
M3,20.178153745074887
M4,19.97178890727266
M3,20.222112047864087
M2,19.98657043107484
M3,20.20258455296634
M3,20.18168442667232
M3,20.1871217942579
M1,20.039376082440324
M2,19.942407058948476
M1,20.00235662480749
M2,19.997394441713528
M1,20.05744264006832
M1,20.01144286071662
M4,20.005525062496584
M1,19.99615943431546
M4,19.999766416958693
M1,19.953448645520623
M4,20.00204767651907
M2,20.001784637362892
M3,20.131948592301654
M2,19.93979012684404
M2,20.044432268720954
M2,20.03025485788732
M3,20.19439453776956
M2,19.962604536686495
M3,20.265808527068312
M4,19.9960129729038
M2,20.037814401673213
M2,20.029077157916102
M1,20.072774360713517
M2,20.010398261920063
M1,19.965707144655113
M1,19.951505532712225
M4,20.02624587002124
M1,20.016354158304864
M2,19.999530341450953
M4,20.060215468260072
M4,19.97566513995372
M1,20.0049674441708
M1,19.959589463056854
M2,19.991742645645907
M3,20.248306446965337
M4,19.986371742591416
M1,19.98471490845252
M1,20.013648755927218
M2,19.98322802718214
M4,19.98582942533853
M1,19.964942966916553
M2,19.987848531313784
M1,20.0686271237971
M1,19.96186529462366
M4,20.04154414771987
M1,19.952048843279183
M2,19.97750223544207
M4,20.00078179163764
M3,20.17369100797026
M1,19.985059264763304
M2,19.98621473750602
M4,19.99932215458326
M2,20.051647608300947
M3,20.297379503414177
M3,20.18501184118528
M3,20.19436395066295
M1,19.960632656428466
M4,20.033291396893624
M4,19.962003628926933
M1,19.958548826403447
M4,19.99901793975048
M4,20.022262169127387
M3,20.229147167941196
M2,20.034281848017997
M2,20.023943941706584
M4,20.063351046193254
M1,20.073915563022897
M4,20.034561599657255
M4,20.02412932695469
M3,20.20393075389932
M2,20.01408405558485
M3,20.286279420685354
M1,19.97863116281456
M4,20.012824668824376
M2,19.99066642934159
M1,19.935209980557495
M4,20.051637067070903
M3,20.12671390647088
M3,20.195913081618805
M1,19.997362669057225
M4,20.01330930437719
M3,20.216763430023132
M4,19.964912367913108
M4,20.081695769568483
M1,19.93643417352422
M1,20.012508997675024
M4,20.05921362762113
M3,20.16673224785804
M2,19.991199465736894
M2,20.00008204498937
M3,20.18441460205972
M4,20.040637447539627
M1,19.995299900004763
M3,20.24153103924019
M4,20.09990641076181
M2,19.99331855927616
M2,20.03404717493169
M4,19.97555395536588
M1,19.999097276061107
M2,20.04229047029054
M2,20.037205265806644
M4,20.01113849864486
M1,19.95325122773691
M2,19.972070762808535
M1,19.90902617997044
M4,19.99515942244569
M3,20.21046489297928
M2,19.95169515208922
M2,20.018711130999197
M1,19.95015453447037
M4,19.97042513728224
M3,20.242164112092745
M2,19.9958148496274
M2,19.962660281312296
M3,20.21135551699552
M3,20.214001043974363
M2,19.995944376379608
M2,19.98795900936301
M3,20.209024500649665
M3,20.271409604669905
M3,20.189354136206177
M1,19.974399117666653
M2,19.9903574325171
M3,20.22762421321943
M4,20.03296991097932
M3,20.241350340343786
M2,20.039744382390765
M3,20.302416776496624
M1,20.06261922161593
M1,19.965986499877744
M3,20.17753480704703
M4,19.99884944128997
M4,20.015471167393137
M3,20.22897698819166
M1,19.950416832670353
M4,20.019494699639363
M2,20.02985476092745
M2,19.953371961871717
M4,20.00097700539881
M3,20.202439389382175
M3,20.174630371736843
M2,20.030605074644605
M4,20.029184270724596
M2,19.937781497537543
M3,20.27760191924871
M4,20.065497667806756
M3,20.210859884328062
M1,19.96202101665711
M2,19.998117708392737
M2,19.953677163463237
M4,19.998412331002022
M3,20.223968337928973
M2,20.041666167575087
M3,20.18918045129256
M3,20.240977079247298
M2,19.98299868986836
M2,20.02680537358809
M4,19.97445194982817
M3,20.14854522740271
M1,20.01839804597788
M3,20.24804118881566
M3,20.19338649463405
M3,20.260754819740665
M3,20.23994149812192
M4,19.986827963260662
M2,19.989344953636017
M2,19.985597913675218
M1,20.02901664149308
M3,20.201440731869464
M2,19.91772249124707
M2,19.99170439945005
M3,20.246499049148344
M2,20.015355137341498
M2,19.96642712197232
M2,20.03076838512942
M2,20.041973404703437
M1,19.928620294563235
M4,20.05228776943273
M1,20.006582670680235
M2,20.011566330393016
M3,20.192582729833223
M1,19.993788369805465
M3,20.246084892398372
M3,20.22657599771644
M3,20.185636245344956
M2,19.99680898991964
M1,19.92120402978586
M4,20.029849999863295
M2,20.002482894187064
M4,20.02806875487645
M1,20.007806154152902
M1,19.96020315217221
M4,19.99607055532261
M4,20.00436808400575
M4,19.94737958195881
M4,20.005543909317105
M1,19.96499007404588
M4,20.002966570344345
M3,20.215611463466125
M1,19.964263414929643
M1,20.025148663448014
M4,20.00669123781929
M2,19.95492290458788
M4,20.00352504001414
M1,20.01739230597839
M2,20.01339327498228
M2,20.007276811982653
M2,19.99635424240305
M3,20.32016647603769
M4,19.989689708402075
M4,19.99314794214508
M3,20.170268324052294
M1,20.00899935617244
M4,20.020967979842585
M3,20.27949551369232
M3,20.197934830305257
M3,20.251539682937658
M4,19.99036427866253
M4,20.074016551237808
M3,20.11567654516812
M3,20.21303496082375
M3,20.23692142524295
M2,20.02376869770063
M2,20.018770306445223
M3,20.20799596742271
M1,20.04841096734243
M2,20.05141794559332
M3,20.278180353881243
M4,20.01820972061701
M3,20.263640435382033
M2,20.028565054528563
M2,19.969432404564127
M3,20.233774670125147
M3,20.18503858316685
M1,20.021169521596573
M3,20.229699246050007
M2,20.046631369457792
M3,20.261901901636133
M4,20.055453102558168
M4,20.05603419523643
M3,20.2095213990169
M2,20.019860006625027
M2,20.02979599195547
M1,19.967471716427916
M4,20.055965615624007
M4,19.98442684621226
M4,20.01453648904228
M2,19.98065020689764
M2,20.02396555167236
M4,20.029239025163
M3,20.27015824640467
M3,20.240373360796028
M2,19.970875832651604
M2,20.064191218856703
M3,20.24513150462289
M4,20.01006976228417
M2,20.00427914520085
M4,20.02605915653437
M1,19.98011031364781
M2,19.979970092103855
M4,20.04177347958986
M4,19.99575236866322
M4,19.963166687160545
M2,19.997646037547995
M4,19.95840117080368
M4,20.044596416324342
M4,20.06717983818341
M1,20.04210208260127
M3,20.227340894748323
M4,19.986988556062553
M4,19.98283770165022
M1,20.039061359621115
M4,19.986128885988652
M1,19.930793832585397
M2,20.10938319517049
M3,20.23312461709897
M2,19.999048140646803
M3,20.226028498341243
M1,20.002447696723426
M3,20.191800624911664
M3,20.197460216599733
M3,20.260729696563008
M2,20.007962334605377
M2,20.04021353669132
M2,20.010626792926292
M2,20.00948754062047
M3,20.225787276400524
M2,20.00744289473123
M2,19.976989707978916
M2,19.979268639224365
M1,19.96617905064445
M3,20.136424701851823
M4,20.038348853527033
M2,20.041788180849196
M4,19.961918895680217
M3,20.143793190320643
M1,20.00383302814895
M2,19.99395194537094
M1,19.990326473691297
M1,19.93258037440692
M2,19.944819301341912
M2,19.984554514284913
M4,19.997506938605664
M1,20.005767839698983
M4,20.034250686685883
M1,20.030932394493203
M1,20.037486769668117
M3,20.145405430785985
M4,19.98477214492192
M3,20.258862419573727
M1,19.928001226906
M1,19.93417373792899
M2,20.00831757262831
M2,19.966864005834125
M4,20.031097175810565
M2,19.934324514315097
M1,19.932370246061865
M4,20.01240255807892
M1,19.990192832913788
M1,20.04708162534383
M2,19.98963432499484
M2,19.99235939590315
M3,20.165256591963416
M4,20.032752744358067
M4,20.0436985911229
M2,20.048534795225148
M4,19.98004292149105
M3,20.19019781733269
M1,20.005825945292223
M4,20.034668611600168
M1,20.044429233037576
M3,20.23381682104483
M4,20.00684700030109
M1,20.003434827044003
M2,19.976374372527225
M2,19.999322668899776
M4,20.068737642283036
M1,20.001174244038666
M3,20.20285672563974
M2,19.895597084083956
M1,19.98565735285922
M3,20.256533413349477
M4,19.993456571264776
M3,20.18063171857479
M1,20.00815179980667
M1,19.953542754728367
M2,19.982357133519866
M3,20.183543547464907
M3,20.18557915711229
M1,20.02441943125297
M3,20.178112659303356
M2,20.02939578370469
M3,20.289898688971093
M4,19.998732289797843
M3,20.215062525519112
M1,20.054870849378617
M4,20.1057385372383
M1,20.021200869958644
M4,19.984412706021192
M1,19.991451479121334
M3,20.24514664507922
M1,19.964609803714072
M1,20.06197348718726
M3,20.23347679354238
M3,20.266257108877536
M1,20.05635127453484
M4,20.030180517443153
M2,20.019025426296068
M2,20.01053536081524
M2,19.999307574106737
M2,20.02996779014644
M1,19.97808606418667
M2,19.976506786444165
M1,19.942221141388256
M1,20.03323813658192
M2,20.02815368120571
M3,20.23389008639611
M4,20.017409711105405
M2,19.989082086534
M2,19.97992271454145
M4,19.992516464903908
M3,20.261989339868887
M4,20.0051728516071
M4,20.0072126393311
M4,19.997182182021223
M4,20.01728546078124
M2,20.055939869189604
M2,19.972423411792978
M2,19.969176355449015
M1,19.98510535449467
M3,20.255764417826413
M3,20.244414500857783
M4,19.96771020576855
M1,20.06030205516124
M2,19.958653718921763
M1,20.00604395453971
M4,20.03345198201036
M2,19.945234780625015
M1,19.9899662125816
M3,20.172939910343676
M4,20.00090860893937
M4,19.99017019488714
M1,20.010831637132867
M2,20.035113918960576
M1,19.97540553796979
M2,19.977436169208143
M3,20.243962593504417
M2,20.019523067342742
M1,19.99023721723053
M3,20.18393322863391
M1,19.93590683115131
M1,19.99132069581732
M1,20.00474638973996
M1,20.02717626437818
M2,20.0206569854896
M4,19.961845931523232
M4,20.01714710665119
M1,19.97896339058459
M1,19.98163037969112
M2,19.94967144847211
M3,20.235377222330616
M3,20.15140152083801
M4,19.96616903562393
M2,20.08611117474182
M1,20.036914008563752
M1,19.984646750171446
M1,20.031840837787147
M1,20.025256342500107
M4,20.0807282210554
M2,20.04491878272819
M4,20.043852452078756
M3,20.2222526158836
M3,20.186875642334662
M2,19.977102758833247
M4,19.980976691847506
M1,20.013236590184768
M1,20.000874329397963
M2,20.03026873179754
M2,19.964835721885382
M3,20.178850771243432
M3,20.237782233088407
M3,20.211478278966467
M2,20.02446883233727
M2,20.04136804785606
M4,20.044655566542932
M1,20.01214755629512
M3,20.229987084819214
M3,20.16500006359024
M4,20.012458479386396
M3,20.280125257910825
M2,20.06327196040449
M2,19.99083490210703
M2,20.010096282959545
M2,20.0003451528313
M1,19.98699495605631
M3,20.208801153403694
M1,19.99118125559535
M3,20.21116776818211
M4,20.05324232179566
M4,20.01562799515511
M1,20.00478097788656
M4,20.002346944998575
M1,20.007401962017145
M2,20.030175415824047
M1,19.97979558407476
M1,19.937159195300858
M1,19.986707332183624
M1,20.01338117358024
M4,20.005199463327948
M1,19.96598528671384
M2,20.021643851342795
M3,20.21106888196468
M4,20.0280635592885
M4,20.040935141069845
M1,19.99463740536534
M4,19.99488869644596
M3,20.2448378153918
M1,20.007745279604197
M2,20.001405138089297
M4,19.992656952693903
M2,19.98211848654467
M1,20.02302787660534
M4,20.028636804358012
M4,20.055246903735096
M4,20.00304906263962
M4,20.0333890819337
M4,19.995576730884785
M2,19.97291936046689
M1,20.05016705938603
M3,20.28507564235702
M1,19.964986569405415
M2,20.00017084523683
M3,20.1912624963505
M4,20.01508138532432
M2,19.98728836036368
M2,19.952376522947706
M3,20.167059517323448
M1,20.06599612005051
M3,20.21529106817845
M3,20.278329710378394
M3,20.20776204794655
M2,19.969083753017927
M4,20.071792020538787
M2,20.011745719168164
M3,20.187589864573333
M2,20.06048010843995
M1,19.955535180814636
M3,20.276187147936184
M1,19.905338407821553
M4,19.98771765348167
M3,20.23680673018567
M2,20.00462776210361
M2,19.98222895181179
M3,20.249768495566027
M2,20.014049108764635
M2,19.9848425251271
M2,19.98105335470638
M2,19.993918227266423
M4,20.01191671523477
M1,19.923684302554808
M4,20.046148924197993
M2,19.999178574201164
M3,20.171695597115075
M1,19.963923322665185
M2,20.009977682858597
M4,20.04158404818683
M2,20.030321960713284
M1,19.954091851583353
M3,20.214903570736727
M1,20.023074445405264
M2,20.061050600298913
M2,20.05547670334048
M3,20.19263990502208
M3,20.17938069398551
M3,20.160666552651293
M4,20.013832082126072
M1,19.97957517206856
M2,20.00428720773829
M1,20.01729604522753
M1,19.98931902733886
M1,19.938255447553352
M3,20.24850484111312
M4,19.99318803108384
M4,20.03118671006644
M3,20.22140818728183
M4,20.0386428310112
M1,19.990944280785357
M4,19.966803440366544
M4,20.02216095054196
M1,20.00475536626424
M2,20.051252356637015
M4,20.081181946999564
M2,20.03708529239624
M4,20.05105657622352
M4,20.02831427657944
M2,20.00349579625732
M1,19.962213746736804
M2,20.029755573387284
M1,19.979961740739473
M2,19.94826485460219
M3,20.178070499310728
M2,20.035189298373904
M1,20.01469465143959
M2,19.976512940519537
M3,20.287340536693858
M1,19.94757643007172
M1,19.994131525826557
M4,20.05066310861689
M1,20.003045835570862
M2,20.106839563390142
M1,19.9897472324624
M1,19.97384640289337
M2,20.034062784904492
M3,20.204961167655423
M1,19.935116697648823
M1,19.91471974756639
M1,19.9783535734762
M3,20.247230000294348
M4,19.97979107034827
M1,19.954046199812804
M2,20.006242879702057
M2,19.994006987362123
M2,20.04053968933479
M1,19.94484759674831
M1,20.019834906453976
M3,20.192011729167294
M2,20.016825198767332
M2,19.98069096630226
M2,20.00336037885705
M4,20.03505462294396
M3,20.207902980631538
M2,19.982441156292595
M1,19.995060563385422
M4,19.99866278689959
M4,20.004494989193496
M1,19.943719338976983
M4,20.03074213651582
M3,20.228707429505366
M1,19.98362710909821
M4,19.975079071474873
M1,19.954176981498144
M1,20.010514968315785
M1,19.910944997339698
M2,19.98258896582684
M3,20.18990251294728
M2,19.99310745474805
M1,20.030780353050854
M1,19.97985631655593
M4,20.01923583248076
M4,20.025437816392294
M4,19.993363207388825
M1,19.96837261412851
M4,19.99479383688278
M3,20.226464093869705
M3,20.21136486501668
M1,20.019035767103443
M4,20.04185251682924
M2,20.025123977913783
M1,19.948477058068324
M1,19.946876617350178
M2,19.97987241747972
M1,20.042981667628933
M2,19.999684186373976
M2,20.020858482820326
M4,19.994418738833495
M1,19.941298550949117
M3,20.267038124755956
M4,20.014590939383975
M4,20.03046536658366
M4,20.00915892596722
M1,20.054538125113886
M4,19.979220254515216
M4,19.99149557380734
M2,20.016960387324715
M2,20.0258800202449
M3,20.237649782235835
M2,19.93967767591142
M2,19.965295720467708
M4,20.017809719111
M4,20.018706696841736
M2,20.008256487650964
M4,20.038272338543592
M2,19.96468349121649
M4,20.032011446025734
M3,20.22737271034773
M2,19.93210185266059
M1,19.958320686786372
M3,20.212172593247477
M2,20.0346154014413
M1,19.98569081494084
M1,19.967653388641327
M4,20.002109890315136
M1,19.962451837510866
M4,20.007993546246553
M4,20.074685502776685
M1,19.998783838354218
M3,20.18827883092255
M3,20.222464398068585
M2,20.00200138207879
M3,20.25210386974606
M2,20.018053725823723
M2,20.002056700140457
M2,20.003380293359935
M4,19.98254212607295
M3,20.245187635710764
M2,20.007251814479233
M4,19.998035042875596
M4,20.03055036988357
M4,20.00980216599323
M3,20.174965946709285
M2,20.008836770104075
M4,20.01771352191946
M2,19.967694035893413
M2,19.956702625037945
M2,20.03040400123735
M4,20.081978099399805
M3,20.23230848874763
M2,20.0732126515237
M2,20.04049772874402
M2,19.963908516093714
M3,20.26017805791181
M2,20.01318675593041
M3,20.2594136746487
M2,19.981065092771335
M2,20.038373420754372
M4,20.01873965164222
M2,19.94359617884396
M1,19.995514485230263
M2,20.032308338643773
M3,20.163711887442247
M1,19.95703691631228
M2,19.97449847052361
M1,20.01812676009533
M3,20.197972068170053
M3,20.21036312822019
M4,20.02202968188309
M2,20.028159840924925
M4,20.01234766780591
M1,20.01609948985373
M4,20.05530855147174
M3,20.24356601451151
M4,19.998272367303223
M4,20.044335148325775
M3,20.19402309652479
M2,19.968289541114828
M3,20.236387953541666
M4,19.982944525777643
M4,19.987018814300697
M4,19.99796364192476
M1,19.964092161936684
M3,20.19502489773005
M1,20.01147738971054
M3,20.216317203050256
M4,20.048382899961172
M1,19.993846111046125
M3,20.19720324464474
M4,20.03402694302386
M4,19.98676243041652
M2,20.027301872127605
M1,19.94468964020983
M4,19.962939406943708
M4,19.973678034344836
M3,20.234101639876403
M4,19.96121724198696
M1,20.033975082466075
M3,20.231872984213297
M1,20.011115329838784
M4,20.069258495279826
M3,20.23604088341905
M4,20.00960088715749
M3,20.21014112238854
M1,19.958266125800147
M1,19.93320021408481
M2,19.953739930438633
M3,20.179306653007572
M1,19.95506346272408
M4,20.031784914217383
M1,19.969214244874067
M2,19.987489238899855
M1,20.004454672412493
M2,20.00583696707713
M2,20.011435785041023
M1,19.94807881470441
M3,20.202176108793655
M4,20.05687416495375
M4,19.967685014586536
M2,20.038031407955245
M4,19.99553116526423
M4,19.986490177815536
M4,20.020729773264705
M2,20.00692776974707
M4,20.02433703781651
M3,20.270988882163113
M1,20.007026264684697
M2,19.945134205614806
M3,20.192928511176483
M1,19.981908984337615
M2,19.98713695032216
M4,20.02735403669481
M1,20.008020462965856
M2,20.024878156303245
M1,19.989688971284373
M3,20.17730787571049
M1,19.966013573748533
M4,20.09357534390442
M1,19.96815053462353
M4,20.01612435394539
M4,20.018589512492525
M4,19.99714154588398
M4,20.02742581968722
M1,19.927531600461823
M4,20.001074263193807
M3,20.21531034350151
M4,19.990747347957125
M4,20.09448676403637
M3,20.260855183097473
M2,20.03224124130393
M1,19.969485792837773
M1,20.013717826931504
M2,20.088650638649916
M4,19.91756386453056
M3,20.19142083530537
M2,20.018455285008283
M1,19.99062087186955
M3,20.23408596875024
M3,20.17143935299779
M4,20.019089765296208
M3,20.20417990756459
M3,20.257673662979744
M4,20.00028362316539
M2,19.98890699448277
M4,20.06089852292263
M2,19.978880864397873
M1,20.05089628926683
M2,20.088189592761513
M1,19.966608442493023
M1,20.044009581125188
M4,20.00172663036993
M4,20.035386089952095
M1,19.95644679176584
M4,19.96730793444191
M1,19.97933606727521
M2,19.98600822606101
M3,20.187049515507773
M2,19.965117919566513
M3,20.25087570156931
M4,20.060498075948704
M1,19.960276470579583
M1,20.12151169316633
M4,19.984947948858416
M3,20.181296309152245
M3,20.184003466818712
M2,19.951063707740172
M2,20.045238832026733
M3,20.24659109210547
M3,20.232552748078355
M1,19.97646669120035
M3,20.160129464437777
M3,20.167778215893826
M1,19.91420430449203
M2,19.97765143024443
M4,20.001757277047737
M3,20.207925932889985
M1,19.930942246324804
M1,19.99940213518432
M3,20.285658348696707
M2,19.945509540820904
M4,19.977526720721222
M3,20.244692002545253
M4,19.9884369334701
M1,19.95199341330758
M2,20.046510797501877
M1,19.966024423846164
M3,20.21573181547449
M1,19.932311876888143
M2,19.998751531254815
M2,20.006961269208613
M1,19.989671203423896
M1,19.930408060647483
M3,20.208636388082187
M4,20.026353767500503
M1,19.942905157298547
M2,19.962886057595824
M1,19.979942567039885
M4,19.986699890990447
M2,20.041723786626992
M4,20.04279858062467
M1,19.947662446542083
M1,20.007604459589047
M3,20.121847865270546
M3,20.24907963735489
M4,19.937081833008705
M4,20.040230621970416
M4,19.944001074577223
M3,20.18737014120715
M2,20.0185429630184
M2,20.01787764007284
M1,19.99356339819731
M2,19.96870896774296
M2,20.02477769674895
M1,19.928904051819792
M1,19.98561435368157
M3,20.199346904653183
M2,19.965007391424457
M4,20.029287991662923
M2,20.004411000762683
M4,19.965109639183172
M3,20.279052796640396
M1,20.003811781119772
M1,19.932118774081328
M3,20.205656460377533
M3,20.198077545097107
M2,19.96837650925939
M3,20.230284134177705
M4,20.03109336972971
M2,20.0534021005112
M1,19.967866366296512
M2,19.9501977133345
M4,20.010727371627205
M4,20.044135264963987
M4,20.0060547319202
M4,20.004302431357385
M1,20.059705797305764
M2,20.05920714431367
M1,19.99033769739971
M1,19.960171695620986
M4,20.06752528362052
M4,20.04372910720537
M1,19.969216141398736
M3,20.252346562768263
M3,20.239702048382423
M1,19.98159989331355
M4,20.042821186682698
M4,20.002209322280727
M3,20.256205903615054
M3,20.167054369795597
M2,19.981914394751655
M4,19.994687031403373
M2,19.95482091883759
M4,20.03013092185661
M1,19.94360689130467
M1,19.99938116651225
M4,19.982816442791357
M2,19.97855217961649
M2,19.999398605816587
M4,20.08518110777476
M1,19.99346942921048
M3,20.204896433544285
M2,19.986284969690047
M1,20.027718528336028
M4,20.01300931135903
M1,19.9496378928265
M1,19.984892775038546
M3,20.198681336141767
M4,20.070745646311
M1,19.960499820705497
M3,20.182431342434533
M3,20.23779360476444
M4,20.011179210352815
M1,19.991937406499652
M4,19.991597062494215
M3,20.17763708641267
M4,20.070231093909214
M2,20.050101722840477
M4,20.03177109745663
M3,20.178830169578053
M1,19.970843914830905
M4,20.035156636598984
M4,20.006090922288287
M2,20.017401186250144
M3,20.219845960789392
M2,19.962276168278485
M3,20.216520359424695
M4,20.009483859498744
M4,20.03916442884634
M1,20.038338955849415
M4,20.023994642108036
M2,20.015798941669605
M3,20.220217900137897
M4,19.956081205678355
M2,20.00926183490009
M2,20.03851352550121
M2,20.053169687311232
M4,20.022419653767383
M2,20.02203440928949
M2,20.001757088076673
M2,20.000851435828523
M1,19.975361067402503
M2,19.973750990479942
M1,19.9759456878095
M1,20.04545080928738
M3,20.181445611122644
M1,20.026198631383636
M3,20.231614914334653
M4,19.991332012916473
M3,20.21244434834393
M2,20.00055132978617
M1,20.01690225904341
M4,20.04534715467356
M4,19.986392654500666
M3,20.160749523539337
M1,20.030800681298977
M1,19.985948772998523
M2,19.988915007636827
M1,19.98654197051256
M4,19.964051503559023
M1,19.97881149908322
M2,19.95407362631775
M4,20.08054843978337
M4,19.970297640994435
M1,19.986265431116767
M2,19.99830391438804
M3,20.206137328414727
M3,20.15775142268942
M4,20.01810195706258
M4,20.013411019429
M4,19.976788610999325
M1,19.951548645774327
M1,20.01966882391285
M3,20.179702565280667
M1,19.980631922046506
M2,20.085646443113337
M1,19.98688656607556
M4,20.072242650874017
M1,19.964740740246313
M1,20.02233715481238
M1,19.93079648998274
M1,20.00601783999664
M3,20.17301364354928
M2,20.08705233245976
M4,19.971418829150455
M2,20.0346500503264
M3,20.22090388192079
M3,20.22444360036856
M3,20.264079351124916
M4,20.045850017658857
M1,20.015041901347736
M3,20.25898988320895
M4,19.948237720900103
M4,20.019801424116004
M3,20.22135579099561
M3,20.210577932592365
M4,19.99713795691619
M3,20.21209975630565
M4,20.013002652096233
M1,19.934295922071705
M2,19.998247718035294
M1,19.98879529744412
M1,19.980702967341383
M2,20.035969034732545
M1,19.999858644628397
M2,20.019316345857963
M2,20.02253613828778
M3,20.257041871253065
M4,20.042552637301256
M4,20.058479144574303
M2,19.975778526127517
M2,19.95872629454252
M4,19.99917106122827
M1,19.9573033474562
M3,20.243011420003047
M2,19.98836122945138
M1,19.95750470918641
M3,20.18972980463837
M2,19.992912040630635
M1,20.014402845749345
M3,20.27661483394327
M1,20.045148140103432
M3,20.2411632535965
M1,19.976034562505543
M2,19.99873965193204
M4,20.004023724357015
M1,20.00084825052585
M4,19.98510145664621
M3,20.209654406580768
M4,19.982795440975096
M1,19.99178362186062
M3,20.300186922701517
M4,19.996228303632503
M4,20.0029722664446
M1,19.96768062765025
M4,20.029882141555746
M1,19.995112352731624
M3,20.25845926806539
M2,20.008380222475505
M3,20.19682207411651
M3,20.268535161715302
M1,19.996826513413165
M3,20.256361629313272
M4,20.02811794545747
M2,20.023957746624056
M2,19.97577232805821
M4,20.009498399715095
M1,20.00435554199757
M2,20.017624764084584
M3,20.21608879130172
M2,19.983762164400694
M4,20.012450293609255
M2,19.947459256121025
M4,19.973805846021715
M1,19.950300766804673
M3,20.26551766059812
M3,20.22519032331856
M1,19.951270916609804
M1,19.931548885198513
M3,20.19594512352124
M3,20.281085525771253
M3,20.26130859405135
M1,20.01595653508631
M3,20.23850244697838
M4,20.014765453936132
M1,19.973666990560524
M2,19.978683856315577
M2,19.953756392297304
M4,20.02116897040572
M2,19.9673412151671
M2,20.05866363939003
M3,20.188619725087833
M1,19.9862291988391
M4,19.949063836941257
M4,19.99677906512836
M3,20.268802070003876
M3,20.22182518559918
M3,20.211420550089105
M4,20.088544056471537
M4,19.97480508299373
M2,20.00498263411737
M2,19.986986874188215
M3,20.19263460760153
M1,19.993447964012734
M4,20.01087383514193
M4,19.97881972818076
M3,20.18774369790424
M2,20.02334211574569
M2,20.05502092208076
M2,19.976289139354005
M3,20.2479279740586
M4,20.0270504317125
M3,20.219494028535575
M4,20.01643145976021
M4,20.038785307152786
M3,20.216541516486934
M2,19.917743951595895
M3,20.18503389020524
M2,19.94450996319453
M3,20.243622440170643
M4,20.022690556923273
M2,20.00317974145512
M3,20.25444650619622
M1,19.97879141239799
M3,20.25620080647334
M2,20.006077688709233
M2,20.037025242809396
M3,20.20872407625914
M1,19.954284556442705
M3,20.259417208346512
M3,20.23941699244572
M2,19.995469184421097
M1,20.00030288896938
M2,20.04139897446168
M1,19.994948470440377
M2,20.020518794626128
M3,20.181143539203664
M1,20.03358697859096
M3,20.201755821808653
M1,19.95166102363688
M4,20.00680981290451
M3,20.223699215731557
M2,20.012639362512793
M3,20.260336270758778
M1,19.934507357408304
M1,19.95975313798372
M4,20.051075509450683
M4,19.97452135150101
M1,19.950098180449523
M2,19.96035135226135
M1,19.9692054956901
M2,20.031713803835476
M2,20.011321995055475
M2,20.00266933014383
M3,20.236644494295245
M1,19.967867345180142
M4,20.008486227888355
M3,20.32252194293147
M4,20.00397599497228
M1,20.002386852950757
M3,20.19285903684759
M4,19.997450160200415
M1,19.98560631104731
M4,19.974377769848697
M2,20.01785055332328
M4,20.05799814250936
M2,20.001742629522976
M4,20.02402860765129
M1,19.988840559458705
M2,19.96331409007688
M2,20.028802767245818
M1,19.983576929622632
M2,20.062249449290988
M2,20.02474444139492
M1,19.96827115881889
M3,20.191359973328986
M3,20.219740565210596
M4,19.989918471681
M3,20.20946060192147
M1,19.98812111038393
M1,20.006390879499264
M2,20.005059246533506
M2,20.002249440175277
M1,20.00502316360923
M4,20.013217698192893
M3,20.226033438592967
M3,20.1919814841765
M1,19.976709713443967
M4,20.03724398411373
M1,19.994248579405145
M2,19.99978987541521
M2,20.019045844277123
M4,20.03967647149048
M2,19.969291821123257
M1,19.956112421814844
M2,20.02326605360484
M2,20.011839662571067
M1,20.014976018552534
M1,19.98745021687632
M1,20.0244700816065
M2,19.996180444350795
M2,19.944082775116673
M2,20.010478536569284
M3,20.27935776415555
M1,19.984530638405268
M4,19.96536911636268
M4,20.132858742105434
M1,19.974088477648504
M2,19.93767567566113
M1,19.944649019864883
M2,20.042940062205066
M2,20.000401524615633
M1,20.039098778855063
M1,20.03511142817228
M2,19.97809232380833
M3,20.17326900094152
M2,19.99408418290901
M4,20.07742134056182
M2,20.009997668721887
M4,19.996817931043797
M1,20.061812644115385
M3,20.140414722557917
M4,20.003702631353132
M1,20.0241386142818
M4,20.05304991376205
M2,19.980269029755135
M2,19.996460612183604
M3,20.26855348827187
M3,20.236528267737537
M1,20.00278156040813
M4,20.04358944021537
M3,20.210353056181855
M4,20.020044542846023
M2,20.054032213241605
M3,20.20363417535992
M2,20.0258942994337
M4,20.005552602925313
M4,20.032017263628436
M4,19.969407561247223
M3,20.214943456290957
M4,19.905376816893614
M2,20.055753872396103
M2,20.02651611154308
M4,20.038023579461377
M1,20.002516604536332
M3,20.160127854203292
M1,20.02986646142795
M3,20.23470588678265
M2,20.016646801217735
M2,19.98471992842498
M2,19.98914683530925
M2,20.03462184670329
M2,19.984420142499665
M2,19.96141936230853
M3,20.254838909444352
M4,20.02073002245007
M3,20.25435850320393
M3,20.23150530703548
M4,20.00685423812179
M4,19.99398664221652
M1,20.0170672535793
M3,20.192867732743423
M1,20.01368936156414
M1,19.951982826873447
M4,19.998448336726792
M1,19.9638476436812
M4,20.031026752985586
M4,19.993177545754985
M4,20.01511956123711
M3,20.219763889835495
M4,20.015251248931143
M1,20.005602314477866
M4,19.99357027607538
M1,19.980012269724043
M2,19.958928942664578
M1,19.958932608983396
M2,20.001584214655605
M3,20.232074340314455
M2,20.01610063014745
M4,20.018546431834764
M3,20.231288537573565
M3,20.172394054592285
M4,20.066130101192744
M2,20.00966732607474
M2,20.05110939372114
M4,20.0196933868441
M3,20.21632942424676
M3,20.300580729607127
M2,19.980238101748853
M1,19.9835569192038
M1,19.96366795345797
M1,19.97882337108366
M1,20.010106247365982
M3,20.264511234755645
M1,19.951213449867968
M3,20.271181693703255
M4,20.013909646769196
M4,20.003510849619087
M2,20.03389661320914
M1,20.01162336857494
M4,20.05836220402554
M1,19.966120072324863
M3,20.194701403319325
M3,20.20382164378528
M1,20.027151636517164
M3,20.20205652631498
M1,19.98396801094232
M1,19.997123997339585
M4,19.996744155069333
M4,20.039121607344253
M2,20.036832862979967
M4,20.044985500185483
M4,20.02045348668918
M4,20.00083311189935
M1,20.01462939404841
M2,19.995210209168633
M3,20.282442258308837
M4,20.018740329613617
M4,20.05635287569916
M2,20.00903705742281
M1,19.944638635091657
M4,20.00913132441163
M2,20.008755116158177
M2,19.989279481258272
M4,20.035749905088295
M3,20.1985133785938
M2,19.954231218391037
M1,19.997653320621087
M2,19.958629043660153
M4,20.05058762161599
M2,19.995052598339846
M3,20.191821193362323
M2,19.961462510608538
M4,20.010947336054578
M4,19.969705212823325
M3,20.204139476097357
M4,19.96443769188042
M3,20.239771522146285
M2,19.974284382339267
M3,20.28860334789547
M4,19.976961311942972
M4,20.051880106828563
M1,20.01229034518147
M3,20.151557982999503
M1,19.932333513032905
M3,20.24956739903906
M3,20.280630830858723
M2,19.994023034098976
M4,19.991276156932763
M4,20.050946866246452
M1,19.98391172411216
M1,19.91377822586648
M1,20.019499544182747
M4,19.9628534985868
M3,20.205342403377816
M3,20.22245655645352
M4,20.010668180137213
M4,19.991834555583555
M1,19.91198102522276
M1,19.970831998184963
M2,19.999502579245323
M2,20.00728497243659
M3,20.28263712463607
M1,19.97710823564887
M2,20.003024655838693
M1,19.958497444101436
M1,20.004369968322862
M1,19.99881807625335
M1,19.99412668226687
M3,20.237105839916538
M2,19.996091396116608
M2,20.036012460796503
M2,19.990087480181103
M3,20.218658704148503
M4,20.03057681188375
M3,20.226211736664045
M3,20.175033123489214
M3,20.212695337349416
M3,20.204070787830865
M1,19.976728808055192
M4,19.99683028584185
M1,20.01507799241888
M2,20.000362443925653
M3,20.239558632607565
M2,20.014711890400974
M1,19.990617217984862
M4,19.957206474604607
M1,19.877280324177804
M1,20.02279361920552
M4,19.98291504160224
M3,20.243603271976184
M1,20.035119026311456
M4,20.013496312168108
M4,19.98945433716714
M1,19.975234994341623
M2,20.034793262169316
M2,20.00573171197488
M1,19.983512845853753
M1,19.943560497746248
M1,20.038255126604646
M1,19.96303264235933
M2,19.99416136117561
M2,19.98356247008512
M1,19.97539343551679
M2,20.007989786364412
M1,19.98086063240958
M4,20.090215078083133
M1,19.99833107670618
M4,19.989666388755413
M3,20.234283767411956
M4,19.99556277706316
M3,20.20339513303459
M2,19.977634079896973
M3,20.227007502375574
M2,20.012005855984675
M1,19.986955262791877
M2,19.99013859109172
M2,20.07202527958708
M1,20.000193411347244
M1,19.97165966319427
M4,19.975818180688957
M3,20.273411584535665
M2,19.95236418119805
M4,20.016963343708785
M1,20.02448589850632
M2,19.98533975300569
M4,19.985746903054903
M3,20.21748462628178
M2,20.019249229411155
M2,20.051853451649777
M1,20.000994568846934
M1,19.93632921083006
M1,19.97481994491803
M4,20.07399231617489
M3,20.27035765848768
M2,19.97593835982141
M4,20.044495674613213
M1,19.99799054199343
M1,20.000171595065645
M2,19.97857384495325
M4,20.014659632114338
M3,20.225799291558783
M4,20.066730226777395
M1,19.971957327075405
M4,20.03810387019176
M1,20.023750769690132
M1,19.971391667352982
M3,20.25284360479577
M1,19.976830476577987
M4,19.995373968719193
M4,19.95813705392685
M3,20.241477873664177
M2,19.989939934239096
M1,20.02846831618732
M3,20.182783646462045
M3,20.185573890657537
M4,20.02232529210155
M3,20.211207101158276
M1,19.970450193377314
M1,19.9997531767567
M4,19.9914954778894
M1,19.985142769529464
M4,20.028306790582697
M1,20.04150825608184
M3,20.25211701781243
M4,20.083648428668077
M2,19.99892618653408
M1,19.904837233965267
M4,20.06480335402101
M1,19.977715531825098
M3,20.165088667900804
M4,19.985379230427416
M3,20.222926672635065
M1,19.987782950753974
M4,20.006911913518472
M1,19.933139283817972
M3,20.203858440842737
M3,20.3056719197348
M2,19.95996442437942
M2,19.98040095579544
M1,20.004053222055266
M4,20.006328648796412
M1,20.008455765966435
M2,20.021066812939484
M3,20.221677280205213
M3,20.21024615462554
M3,20.218342396105307
M3,20.202419961352067
M3,20.20481306905128
M4,19.977876623945544
M2,19.99691676401019
M4,19.970949831307713
M4,19.971332595405087
M4,20.020933491873993
M4,19.986061236140586
M4,20.029960385624584
M1,19.942102943846898
M4,19.97724272831734
M3,20.200231898036037
M2,19.986102426789436
M3,20.16429509638115
M2,20.02368639788631
M3,20.215773644926436
M4,20.04410599113588
M1,19.994468910691605
M2,19.97758564356637
M4,20.006909106243935
M2,20.03626821125333
M4,20.00609406618383
M1,20.009773388306375
M3,20.211429003824534
M4,19.99491291512891
M4,20.01123873360846
M1,19.98959183723178
M4,19.978917232125145
M2,19.99600899173801
M2,20.03257479654774
M2,20.02075723748085
M3,20.253604292482468
M3,20.237371553780413
M2,20.04511851050856
M1,20.02639457262172
M4,20.022358068621255
M1,20.019250466039797
M1,19.982352027144305
M3,20.22535136804444
M2,19.999720935005055
M3,20.22988185073284
M4,20.07182704440624
M1,20.055599626658623
M2,20.02006472708039
M3,20.22975312586823
M4,20.013478693153765
M3,20.246946773596136
M2,20.00219893848239
M3,20.237365506431185
M4,20.00309090586393
M2,20.005204569703658
M4,20.05456845790807
M4,20.001964849820368
M2,20.021093898308152
M1,19.95570941056752
M4,20.08129786613781
M1,19.943605690845715
M2,20.04813035912926
M1,19.962053011585873
M3,20.189514742859046
M2,19.99050228178168
M3,20.207444407974695
M4,19.98714792108561
M4,20.0040640927365
M4,19.997608033387213
M1,19.990434983357133
M2,20.02450389103558
M1,20.031016664663987
M4,20.00487709178049
M3,20.23662897658016
M2,20.03169261871386
M3,20.215376772558113
M3,20.21779427851095
M2,20.057556336944348
M2,20.009111243595
M1,19.992880086829203
M2,19.96574209337718
M2,20.004113419665707
M4,20.024802813132297
M4,20.023509467342272
M4,20.008654152622793
M1,19.98876936393398
M4,19.952239874467857
M2,19.982430537540907
M2,20.027578717899164
M4,20.011661826046904
M4,19.995409598051022
M1,19.94749647088678
M2,20.00214157278307
M3,20.19824023557612
M3,20.21745860723675
M2,20.08775252204715
M3,20.188085137089384
M4,19.990638407965164
M1,20.014799511821565
M3,20.20144314822581
M3,20.20909600029347
M4,19.98335783735282
M2,20.039065199082643
M1,20.00972991715024
M3,20.214228757580372
M3,20.23760233306163
M2,19.99498042295876
M4,20.01217695648625
M4,19.979422436305367
M1,19.987437081270613
M4,20.03250867651573
M1,20.040374784028995
M2,19.996351517237315
M1,20.02551239793268
M2,19.993559527129104
M4,20.06684446072958
M2,20.05018612737106
M3,20.211499395353847
M1,20.049964164349785
M3,20.158110041425218
M2,19.976605015469055
M3,20.18065508122541
M4,19.94406920158592
M3,20.208612983587695
M1,20.008198306802463
M2,20.03184593659391
M1,19.952825695558875
M2,19.94755329735785
M1,19.93124986561672
M3,20.199224044927853
M2,20.077545797394123
M1,20.014566980418454
M1,20.0466731272375
M4,19.97421562846121
M4,20.017468983461008
M4,19.98491703875743
M1,19.958418927067587
M2,20.026748537095493
M4,20.019602629038044
M3,20.181525175721458
M1,19.95077790592394
M1,20.041124124096793
M2,20.000170639422905
M4,20.007218316814267
M1,20.012703441399516
M4,20.0438400879494
M3,20.251106535989816
M4,20.03111402972887
M4,19.978163162976976
M2,19.973610591101515
M4,20.01146097913166
M1,19.994207427766504
M2,20.041385750355875
M1,20.0073106064652
M1,20.05592530721297
M1,19.96009162058513
M1,19.95278386044202
M1,19.956900296165617
M2,20.009144668252187
M1,20.01067670210896
M1,20.025452306341965
M4,19.995349834086277
M1,20.00480154847544
M1,19.90338625589525
M1,20.002134654802123
M1,19.921367632894437
M3,20.2040372327333
M4,20.00794204328942
M3,20.21592729640568
M3,20.24409333752219
M1,20.00431659521819
M4,19.985878302016364
M1,20.03794836921044
M3,20.271571653528703
M2,19.965248070048997
M4,20.011329065656895
M2,19.9994870112914
M3,20.24213134751164
M2,20.00839034181167
M3,20.24200297150955
M4,20.02208552080388
M3,20.199376143571392
M2,20.049797325824716
M2,20.029317603766852
M3,20.238113595021208
M2,20.0322951763244
M1,19.991320152202356
M2,19.95811053423399
M1,20.00119811790513
M1,19.96689061642255
M2,20.045187957368228
M4,19.969980849926372
M4,20.05117049427458
M2,20.049168194996177
M2,19.96239480212587
M1,19.93308389570344
M4,19.998620945930245
M1,20.035610765896703
M4,20.03503203169416
M4,19.985414702932232
M3,20.23227128878246
M2,20.03143381546667
M4,19.996785181407525
M3,20.237610162684295
M3,20.24023067332834
M4,20.008170639756212
M4,20.04858247990834
M1,19.953072473993213
M4,19.99127067333786
M4,20.055942266544488
M1,19.992537438347764
M2,20.048011127654146
M4,20.09735504699165
M1,19.989737414917503
M2,20.055432059538266
M3,20.230511689455465
M3,20.15348903622474
M4,20.01866420355576
M1,19.984154200926653
M2,20.009770730964952
M4,19.9907866616956
M3,20.27318403207874
M1,19.997218490203075
M2,20.01231857303199
M2,20.02284712638832
M3,20.20767153689273
M2,19.966008955139092
M3,20.188130742227894
M2,19.964665847596606
M3,20.187330717487217
M1,20.059531960125515
M3,20.214944975711894
M4,20.053543565451463
M1,19.990554586988782
M2,19.99190869769999
M3,20.240612657774555
M3,20.21564606369587
M3,20.24721652097057
M3,20.260990503793437
M3,20.228088226398672
M3,20.201709746671735
M1,19.98309771939504
M4,19.977896549962185
M2,19.98356298831319
M1,20.00413666813757
M2,19.961636478432283
M2,19.96725110296995
M1,19.984133380825764
M4,20.019706830803266
M1,20.0271428458112
M2,20.00689003086282
M2,19.976992373634303
M4,20.104870205178937
M3,20.249276782733105
M4,20.01463101944854
M1,20.04689721348043
M4,19.961929885761084
M4,19.98112036912968
M2,19.99936952592342
M3,20.208951246946313
M1,19.933878829144977
M4,20.04212841753848
M4,20.032760857022986
M2,20.01258093896621
M3,20.2211981566368
M2,19.98573078629048
M1,19.99566015637363
M3,20.22684327850324
M3,20.25318135530101
M4,19.971829095979324
M4,19.97090833161388
M2,19.998043192192533
M4,19.978286755549977
M3,20.212699954765277
M3,20.174014159348463
M3,20.18886036003708
M4,19.99056732724686
M3,20.215978947235055
M1,19.970266337918822
M1,20.02869258661772
M2,20.037160239759295
M3,20.292433938647505
M3,20.20753608670007
M2,19.99361287327963
M3,20.19882190232757
M4,20.014356457518915
M2,19.999729363802356
M2,20.08813948210727
M3,20.28496757041178
M2,19.957300541802464
M4,19.99842105893089
M4,20.01683684732065
M3,20.221352038843097
M2,19.972537845566254
M3,20.18536565715278
M1,20.050156159163254
M2,19.9487490353892
M1,20.06351876144292
M1,19.99576012986812
M1,19.905536683198875
M3,20.15425082773544
M1,19.99831517203508
M3,20.198036253700256
M2,20.023548748168775
M2,19.957056538431505
M4,20.02154945895916
M3,20.192695855767912
M3,20.213317885175176
M3,20.24562589955767
M1,20.00291208925949
M1,19.97878958948054
M3,20.264289255400108
M4,20.03265821654827
M1,19.97104403800719
M1,19.930210002997505
M4,19.998716755874337
M4,20.068283227153216
M1,20.003988736739807
M2,20.00224556751775
M3,20.180622400363056
M1,20.02963894476759
M2,20.023708216050935
M2,19.948274324968036
M3,20.19021471432813
M2,20.023346298327976
M2,20.024720425617364
M2,20.00251563227912
M4,19.9990091333609
M1,20.015591611050137
M1,19.96591892110201
M1,19.979742666137263
M4,19.977293066467695
M4,19.997106169164717
M3,20.231950149322227
M1,19.89566510220283
M4,20.040257173163347
M2,20.00711205624081
M4,19.98580021241444
M2,20.01294725204469
M4,20.025627275522
M4,20.019460770853428
M1,20.003793145587856
M3,20.27570741991728
M2,19.97096825340539
M2,20.00103263753699
M2,20.00373007056375
M3,20.2531942443806
M2,20.03684170024997
M3,20.256009290215182
M3,20.22257595714119
M4,20.02051991904657
M4,19.999198745790157
M1,19.94828092659196
M4,19.9883969631904
M1,20.006224537609647
M3,20.21377104883947
M2,20.009640544912845
M3,20.23850769867772
M3,20.261454419630407
M4,20.035267582714773
M2,20.00830928528619
M4,20.024458908856538
M2,20.003165644837356
M1,19.9944056007508
M2,20.059018533816776
M3,20.21087365819523
M3,20.27334416772151
M4,20.063153038174462
M1,20.010878036180163
M2,20.042685308319708
M4,19.96226140071
M2,19.99514920727923
M1,19.95222732247184
M4,20.04064647340897
M2,19.98951341087667
M4,20.04677205359727
M4,20.019106442624263
M4,20.005926673084197
M3,20.216193863241305
M4,19.966446769798004
M4,20.01938494838644
M2,20.01238916840537
M1,19.996200533305508
M2,19.972909677321823
M3,20.232527703127406
M3,20.150286502911264
M1,19.932369046149436
M3,20.183208553829378
M1,19.977475617810935
M3,20.27131697031774
M3,20.26052340674935
M3,20.186505416875885
M2,20.02262824112732
M2,20.045663045637095
M3,20.223537652865513
M3,20.228830037139637
M4,20.053547509163256
M2,19.94698440714165
M2,20.00148503777733
M2,19.980004809713705
M3,20.313935251359087
M1,19.946001957950397
M2,20.00113961135443
M1,19.956180550153626
M3,20.21207365559116
M4,20.04186403325655
M4,20.010938144423097
M2,20.036708958823663
M1,20.00138783414568
M1,19.970903425681527
M1,19.921197251215776
M4,20.064339606256823
M4,20.01385244327713
M3,20.244047627210055
M1,19.98531052809314
M1,19.967377517342097
M4,19.97640491907138
M2,19.95807706033489
M1,20.046748530103184
M1,19.940837357825515
M2,20.02212057323473
M3,20.233209403405304
M4,20.027988127379455
M2,20.041574065742452
M3,20.215956560593504
M1,19.99988443859785
M1,20.04238919545099
M1,19.988496708902662
M4,20.025210199763265
M3,20.137392380680176
M4,20.050388400933436
M1,20.024296901219813
M1,19.97046249539149
M4,20.071632612236
M1,19.96167452718368
M1,20.00147063816768
M3,20.246753895398317
M3,20.252617987466273
M1,19.935383882317232
M2,20.007072050522673
M3,20.169233056969883
M2,20.0017948912582
M2,20.005492441671063
M1,19.963081931548977
M2,20.012175184295863
M4,19.978612013928604
M3,20.229940434617575
M4,20.03744070498582
M1,19.921767070588263
M1,19.988266781408736
M3,20.15047213794975
M1,20.07981962822565
M3,20.174515290259436
M4,20.0165592166264
M2,19.99612294491918
M3,20.19922787357315
M3,20.18900097954428
M1,19.95705942908934
M4,20.035288494493923
M1,19.97131796774028
M4,20.053048521682243
M3,20.20315301857459
M1,20.025405170382275
M3,20.270467298693372
M1,20.01608204370212
M3,20.215675974185455
M4,20.015294261910235
M4,20.025137618550392
M4,20.044456986340503
M2,19.950807999954858
M3,20.26071036624253
M2,19.953525635321775
M4,20.054511707629477
M2,20.011534322110872
M4,20.02433136576897
M2,19.98603095011953
M3,20.213957895746404
M1,20.01991789669705
M3,20.15996476498675
M1,20.01876882334351
M1,19.99084730543431
M2,19.97852806000526
M2,20.009181167065165
M3,20.15675849705872
M2,20.06899008462283
M1,19.990905289680583
M2,19.994198838214437
M2,19.94483948864794
M3,20.27937496828073
M3,20.20107350652404
M1,19.964629679001597
M3,20.22734579600045
M3,20.278845621861457
M4,20.00809692844262
M3,20.248281390605303
M4,19.986366641123187
M1,20.003350876320987
M3,20.22758943834295
M1,19.999836908916784
M1,20.025103410621316
M4,20.00804087012208
M2,19.98027426716483
M3,20.25516737332047
M3,20.249650035990513
M3,20.19239713969554
M1,19.98786688354555
M1,20.035080674384808
M1,20.017533316293704
M4,20.02467244253036
M1,20.00266045810064
M3,20.179528515143115
M2,20.005565394228196
M1,20.011312459106257
M2,19.99490723821445
M1,19.970241592438303
M1,19.977815655985196
M1,19.988845288866887
M4,19.97956779240161
M3,20.239858873268044
M4,20.01005701975524
M2,20.015126487753864
M1,19.93183762990549
M3,20.228747444292715
M4,19.920218869190787
M3,20.226181472157023
M1,19.89048816675049
M2,19.990675869675588
M4,20.02336326689371
M3,20.20332324705643
M4,19.98431163518872
M3,20.160097229949752
M1,20.023471352104092
M4,19.96219397193485
M4,20.029816729408942
M3,20.212005436714925
M4,20.028687696362233
M1,20.02141918655297
M4,19.973441378080725
M1,19.980307421000408
M4,19.972734717567565
M1,19.98357147264057
M3,20.12602281445494
M4,20.016739025045613
M1,20.001702392128355
M1,19.973192403681736
M4,20.03450354817039
M1,19.977712964458902
M3,20.243295191506597
M4,19.955194621906728
M3,20.225855340847843
M2,19.97915820550603
M2,20.022003364656307
M3,20.221491984870916
M3,20.264609410345003
M3,20.25443751962344
M1,19.963910146090026
M3,20.210171592977098
M3,20.202403718005673
M3,20.228443521416484
M1,20.00329986672171
M3,20.337420632025797
M3,20.222684624602746
M1,19.991521055555804
M4,20.030359717662904
M3,20.222380355205292
M2,20.01873898290316
M3,20.235528308688217
M3,20.195373209261096
M3,20.17273279916144
M2,20.001883746290233
M4,19.97787474538577
M4,19.97328151230019
M1,19.991671512412488
M3,20.19938064179115
M1,19.95976451103341
M2,20.06001361478345
M4,19.983355854275516
M1,19.987804850339085
M2,19.99635749505896
M1,20.038470683560774
M3,20.2054792564969
M2,20.03970583599719
M3,20.235505488507243
M4,19.994136291411937
M3,20.205377662110923
M3,20.205660578924338
M1,19.954523946098707
M1,19.95733257921656
M4,19.993473977598786
M4,19.94762285902004
M3,20.23728990790435
M2,19.944110801006612
M1,19.940796164500195
M4,19.99018794524756
M4,20.01027800141288
M1,19.986473914476132
M3,20.267596825119735
M3,20.214447833689967
M2,20.04240596809642
M4,19.98142615881556
M1,20.013936284025785
M2,20.019471252111664
M1,19.95099542428877
M3,20.250442749761937
M3,20.294155231303534
M4,20.01699219163628
M3,20.278039772278873
M1,19.989546836015418
M2,19.95761791149183
M1,19.99330910212317
M3,20.21969926195118
M3,20.21850128009194
M4,20.011112266158484
M2,20.002944516293592
M2,19.99808070965596
M1,20.0634581611982
M2,19.97215074272352
M2,20.02997064794924
M4,19.974422658246304
M4,20.020394574180656
M1,19.963592499856148
M2,20.065701698024423
M3,20.24944929583072
M2,19.9901076939513
M1,19.971601402999685
M4,19.99876218678569
M3,20.184836980163656
M3,20.22658395660802
M2,19.96567417627497
M4,20.07282145450346
M1,19.95256714229008
M2,19.981834893430065
M4,19.92742174250627
M4,20.01429893028649
M2,19.98655099792301
M3,20.2778397244709
M1,19.928814158551685
M1,19.93264899793298
M2,20.061504139890907
M4,20.044181986207043
M3,20.16509596373906
M2,20.00459081217869
M2,20.03437553426103
M1,19.95608709958113
M2,19.98281970501136
M1,19.973682377022104
M1,19.924253762455475
M3,20.2695970600036
M1,20.020255886371498
M1,20.058349253149213
M3,20.204825368754346
M2,20.05425706837884
M2,19.99802941632933
M1,20.031260287003875
M1,20.021191977201813
M2,20.00197741341246
M3,20.201294318686617
M2,20.02112689433778
M3,20.1687225729862
M3,20.22326460268505
M2,20.067108176952804
M2,19.961385628225056
M2,19.944750450038125
M1,19.958177718250056
M3,20.241999182449288
M3,20.22914143990427
M2,19.95733930512233
M2,20.0284299140282
M2,19.96186748060432
M3,20.19138859590273
M4,20.08064990765893
M1,19.970142279794945
M2,20.078675700041085
M1,20.007235708501128
M2,20.041539847342904
M1,19.99619323657803
M2,19.998788111577504
M2,19.94464052226153
M2,19.96392068377142
M2,20.02879795116812
M4,19.977213893738018
M4,20.042910492918494
M1,20.02894526112296
M2,19.941151540060684
M4,19.994188537174654
M3,20.202870139647356
M1,19.921405732372104
M3,20.23450074036085
M1,19.994955396376163
M1,19.960995888537106
M3,20.24634518084664
M3,20.27710285039215
M4,20.024324073852178
M2,19.973893208026286
M4,20.007922175635557
M2,19.98988815835594
M3,20.20089359165349
M1,19.947786219551897
M1,20.015399229293124
M4,20.022785824965514
M4,20.038603644953344
M4,19.962689808463
M2,19.997873678463673
M1,19.996916976552797
M4,19.997912328242
M3,20.212530694636555
M1,19.96964650954801
M4,20.028065981091913
M4,20.01809457777558
M2,20.00496782284556
M4,20.01461968525583
M4,20.032227572851912
M3,20.274721850394094
M3,20.260001154214873
M2,19.972381918115037
M4,20.049141191407507
M4,20.025548891650132
M4,20.00140366311695
M3,20.20596545170734
M1,20.05531423451689
M2,20.017742412493213
M2,20.014587167402187
M4,19.99902507847086
M3,20.23896276204672
M3,20.177582665868535
M1,19.95928394759695
M4,20.00425400363407
M2,20.030186161031494
M1,19.994607710530065
M4,20.00605358633501
M1,20.022688914983046
M1,19.980942109586618
M1,19.9698882575174
M2,19.921954239753138
M1,19.930885481303065
M4,20.081500901713177
M3,20.24904301693925
M2,20.071153991716404
M1,19.971137434921474
M2,20.003411733308944
M1,19.963113638085556
M4,20.05074613796199
M2,20.023382528641044
M2,19.958016498539248
M1,19.933153548081595
M1,19.96929987739836
M1,20.028046640092143
M1,19.998707326088276
M3,20.248054133629847
M4,19.983555208225095
M4,19.951150206726552
M2,20.012250463929888
M4,20.012280756300676
M3,20.237509610999947
M1,19.989022743258655
M1,19.947793029371677
M3,20.232963821523892
M2,20.014623423322117
M1,19.976811790536996
M4,19.99786656507112
M3,20.19971247327348
M3,20.205167809799548
M4,20.020827533065138
M4,19.984734349050367
M4,20.00014323888365
M2,19.953282901767643
M4,19.97657139918956
M3,20.30163585827227
M3,20.225079029940044
M4,19.961211512257417
M1,19.997707304910556
M2,19.962790255050876
M1,20.038216623029093
M2,20.01380478934329
M2,19.96502471596322
M4,19.989142315797626
M4,19.97714360037572
M2,19.972363482765747
M2,20.024975143720297
M3,20.241022174184767
M4,20.021772633448204
M4,20.00758728548559
M1,19.954948612867984
M1,20.003824802336737
M3,20.130801379206343
M2,19.993159821883864
M1,19.950585420908787
M1,20.00131183831506
M2,19.971931515623933
M2,19.95179301916712
M3,20.240290940589116
M1,19.971714442349622
M3,20.256593937423084
M3,20.197217534159673
M2,20.010312364786557
M1,19.96463086326779
M3,20.167245645624888
M3,20.231704702771953
M2,19.946372749788775
M2,20.041386700275865
M3,20.191448051787347
M2,20.023095019282117
M2,19.95777594278715
M2,19.932350449728112
M2,20.004096472169785
M3,20.2301323103394
M2,19.992212139451873
M2,19.97956151542464
M3,20.14442887392695
M2,20.04114434986907
M1,19.982856889180795
M4,19.985279876287667
M1,19.97165273305381
M3,20.22746736897131
M2,19.97764491292035
M1,19.968857290108637
M1,19.98389549848348
M4,20.026133656539788
M2,20.034403721334986
M2,19.99254533361773
M3,20.223440886354297
M1,19.976997340520292
M3,20.29443824503812
M2,19.943078357609355
M3,20.26719362858522
M1,19.980015410122594
M4,20.01624201497329
M1,19.95948577678735
M3,20.214386650861663
M3,20.197379354899297
M2,19.97934044168326
M1,19.97887812099932
M2,19.94941978327996
M4,20.06548894347756
M4,19.98818590185484
M4,19.954992355105823
M1,19.982151805018493
M3,20.214738931974487
M1,19.928240845930784
M3,20.192600170357323
M2,19.982427363264236
M3,20.23588438413822
M3,20.26421748041312
M4,20.00402922412748
M2,19.97923529844872
M2,19.97013253354475
M3,20.256479010053216
M1,20.017623938077772
M1,19.98727560682261
M3,20.2106635013073
M4,20.017141145223007
M3,20.194844524036856
M4,20.010899706654563
M1,19.964975537976876
M2,20.077946437212947
M3,20.226455768543776
M2,20.053646191265983
M1,19.99543262809691
M1,19.980495021553025
M4,20.01588677071625
M3,20.261360685490057
M2,20.0164915192428
M2,19.98938223783231
M1,19.981448548246817
M4,19.97375331419907
M1,19.977904330355724
M4,19.983770703815125
M1,20.01108359513943
M2,20.016185835111763
M2,20.004994284467692
M4,20.019772177071605
M1,19.983344779332057
M2,19.99748597822109
M2,20.01881354074493
M2,20.042064841160222
M1,20.046536325882183
M4,19.986273405323217
M2,20.006394028373418
M2,19.971720609727615
M2,20.084593037328567
M4,20.030861280852033
M2,19.988319478304593
M2,20.018035862286386
M2,19.9874350208489
M2,20.00108032749034
M1,20.061011597239705
M3,20.21821847338668
M1,19.947549218709167
M1,20.029486244347908
M1,19.944512147013775
M2,20.00925931847082
M4,20.019683715319523
M3,20.175840028673505
M4,20.016863595119833
M2,20.02354552059732
M4,20.001535139499317
M1,19.94992062170933
M3,20.21935436061228
M4,20.041266406211452
M3,20.293623511224805
M4,19.987911601541303
M2,19.99936138021849
M1,19.939819566046587
M4,20.023722509264825
M1,19.97657555576299
M4,19.996559371195055
M3,20.246678930362275
M4,20.014872017410315
M2,20.03675078745199
M4,19.983535911929515
M1,20.00943778925626
M2,20.00103695658035
M1,19.90449414666126
M4,19.998565796091313
M3,20.198386748576937
M4,19.95843056450728
M4,19.985088202240323
M2,19.992519998984942
M1,20.01663350623874
M4,20.031953570891865
M2,19.939679353024857
M1,19.98714689657314
M4,20.002481649225636
M4,20.033539743427077
M2,20.031613803058757
M4,20.018822779001116
M1,19.973536060256865
M1,19.974688472895224
M2,20.034950475337787
M3,20.19162436257904
M1,20.015969917746368
M1,19.93666285190266
M3,20.23579775144728
M4,20.05697701621631
M3,20.23319076845918
M4,20.015029550144547
M4,20.022712629200583
M3,20.21620455685515
M3,20.165885897220104
M4,20.015963631317337
M2,19.97675326423671
M1,19.998337918762346
M4,19.980914906701713
M2,20.02767800134178
M4,19.9831622342526
M2,20.026442005345835
M4,20.015953521190756
M1,19.95776126396327
M3,20.25863974944909
M2,19.995613068840765
M2,20.043682601261462
M2,19.99977457919105
M4,20.01271616885183
M2,20.06521717735361
M4,20.028468287350357
M2,19.96835065743083
M1,19.98749341762833
M4,20.00860517090227
M1,19.9446822316097
M2,19.992755486779043
M4,19.9928678480347
M4,19.989075054402143
M4,20.00906533760134
M2,20.0162405287125
M4,20.026089831444775
M2,20.022546439915907
M3,20.236014555182734
M3,20.209898959114906
M1,19.93017224947644
M2,19.937461399335714
M2,20.024853169885375
M2,20.02023564841141
M2,19.987167336616064
M3,20.213829707701596
M1,19.982235950897422
M1,19.993680736475454
M4,19.98678355557924
M2,19.98529278392817
M3,20.254727426651627
M3,20.252958074841025
M3,20.2021931524142
M2,20.016391209911493
M2,20.00880490821117
M4,19.9893834800692
M4,20.076560443750328
M2,20.005055383781823
M3,20.18492073354329
M4,19.983807563303223
M1,19.971244279748383
M4,19.98394144775473
M2,19.990379999803203
M4,20.01792563533508
M3,20.255160069832453
M4,20.04232957199524
M1,19.979411097834255
M1,19.945491629987178
M4,20.00625062273564
M3,20.156917721443385
M3,20.213080889649753
M1,19.98795394942328
M1,19.953358804636142
M4,19.99033498602865
M2,19.938377544124748
M3,20.29839431837322
M2,20.040471221677336
M2,19.975899671760164
M1,19.946274486786088
M4,20.045572617192953
M4,20.01330924790565
M1,20.00829522607871
M2,20.0177246925117
M3,20.221712818036515
M2,20.038303634543723
M3,20.238855971106005
M2,19.996350000683663
M1,20.03507353321874
M2,19.97392749437684
M3,20.249120372741228
M1,19.97822731432828
M4,19.933933732742464
M1,20.01975315694636
M1,19.96491695266569
M3,20.232483963369745
M3,20.19644436775715
M2,20.040823821485283
M2,19.995068531623197
M1,19.97951941310612
M3,20.259031917169317
M2,19.99666208735997
M1,20.002069229696975
M2,20.01669370007178
M4,20.05309122147632
M2,19.961333001663313
M4,20.030089072631192
M2,20.07229008783226
M1,19.96217730065913
M2,20.004436235185853
M2,19.99037845657812
M1,19.993055017325453
M3,20.230801134700247
M2,19.993155551371427
M3,20.2703158771858
M2,19.950951448306057
M2,19.9332491163058
M2,20.005816387845076
M1,20.02816390499323
M3,20.19285828835941
M1,19.991123086585553
M3,20.14709222713142
M4,20.004464830567183
M4,20.004672887095953
M2,19.999900299248853
M2,19.987678267365276
M4,20.00379182222976
M2,19.9944315690144
M2,19.98507014976256
M4,20.00454837128069
M4,20.00517849909628
M4,19.962102890309463
M1,20.014490079151244
M4,19.980612825941975
M1,19.96796535286541
M3,20.178272232227204
M4,20.029826923667915
M3,20.2665628681207
M4,20.0119554314829
M2,20.017643498680368
M2,19.99959609665367
M2,20.054195805403335
M2,20.038911245224007
M3,20.248648187763635
M2,20.03268582994561
M3,20.257579993776364
M2,20.029783322799524
M2,20.032042929649688
M1,20.0585589128439
M3,20.198990763814212
M4,20.04436228351023
M4,20.030441452596335
M2,20.022951211980153
M2,20.027136188387928
M3,20.146720627669367
M3,20.207438542846894
M1,19.98584709465533
M3,20.209417400965485
M1,19.98012827596292
M1,19.981738913425065
M3,20.21975981245644
M1,19.907009663296268
M2,20.04158353303039
M3,20.207086330051503
M3,20.229118431530697
M2,20.02533046462292
M1,20.014492987575903
M4,20.0502627584958
M4,19.98252588290848
M4,20.015139673995513
M3,20.206044328795567
M2,19.983533979770304
M4,20.03093761755572
M2,19.930657185747204
M1,20.04537231407334
M4,20.040604786160667
M2,19.960091256945297
M4,20.021386207921683
M2,20.01489567331632
M4,20.062932857352937
M3,20.245163715809
M2,20.011511537038757
M2,20.05109348281929
M4,19.997592599299058
M1,19.89859871421854
M2,19.948485157169458
M2,20.03712736658629
M3,20.15248790049756
M2,19.981048995633873
M3,20.269532958648064
M2,19.94153907001807
M1,19.99498169841824
M1,19.98307744224818
M3,20.162904987222095
M2,20.00583662173677
M2,20.00159197236801
M3,20.21772810892594
M2,20.041281399590748
M2,19.97784876290939
M1,20.00994275061861
M2,20.029617005169236
M3,20.26300078912076
M3,20.20337603579507
M4,20.05301975393209
M4,20.06022268739977
M1,19.999884489413464
M2,20.009744245680675
M2,19.9746844431455
M3,20.246274635543017
M2,20.050101085285636
M4,20.01431383255727
M2,19.987666402443487
M3,20.23000853437813
M1,20.03676351920722
M4,20.007438441750104
M4,19.993312922095523
M4,20.021183038199965
M2,20.02687456715372
M1,20.01483077108556
M3,20.28410117168175
M2,20.05362904181602
M4,20.02384675801308
M3,20.219588702605332
M3,20.18105235095225
M4,20.041319002853413
M4,20.002991113199972
M2,20.062018388174018
M1,20.037301488369017
M1,19.9417600328824
M2,19.941228130308
M3,20.21981215504344
M1,20.03453579557128
M1,20.0278522237629
M3,20.206485918712623
M4,20.012251466306868
M1,19.980722957963067
M3,20.247870206824388
M1,19.988759915781788
M3,20.213796718667115
M4,19.970422708182085
M4,19.953990539949928
M3,20.23598806778079
M3,20.24515273628872
M4,20.02039086000043
M3,20.23972004188108
M2,20.007874309943936
M4,20.055110675915376
M3,20.203353326317306
M4,20.03102364503799
M3,20.23794050973152
M4,20.045246805386135
M1,19.9351683558372
M1,20.005584319896997
M1,19.935636075727334
M3,20.242644356213763
M3,20.22335924042728
M1,19.975204847058436
M1,19.966641781924455
M4,20.01077306746275
M4,19.98980274176155
M3,20.199613156014593
M2,20.009061118800833
M2,20.003268174606045
M1,20.02197846748936
M1,19.952080741705227
M4,20.01116721535423
M2,19.962331231694694
M3,20.23364334762447
M3,20.201522606844716
M2,20.017386728980476
M1,19.977747128999063
M3,20.13636439000568
M1,19.99212653635021
M2,19.96910447080839
M4,20.031694811613416
M3,20.20404424232862
M4,20.012103900605144
M1,19.99513412403721
M1,19.982280359354487
M2,20.02918654706843
M2,19.96756761094775
M1,20.007747671693455
M4,20.01233346540948
M1,19.924037409543853
M3,20.197043117218023
M3,20.221332666259404
M3,20.254593676913174
M1,19.973738241828013
M2,20.000022374209397
M3,20.24795998656204
M2,19.997348375290027
M3,20.257092525434327
M1,20.038181929928538
M1,19.976920550234706
M3,20.25996337697639
M3,20.206579206626277
M1,19.99682997537707
M4,19.96804068377746
M1,19.99342097733027
M4,19.98678231823987
M3,20.194902776642984
M4,20.087508266978695
M4,19.99455167601862
M2,19.987123074861223
M4,20.038985205537216
M1,19.905786761875945
M2,19.971949433121285
M1,20.036438543155136
M2,20.065762594739027
M4,20.05422224984634
M2,20.020081050598883
M1,20.066979383891923
M2,20.01246677867267
M4,19.960248873025183
M3,20.230153357911952
M3,20.271700887787468
M2,19.99097428975354
M2,19.962813428479663
M3,20.21088308872764
M3,20.237084550153615
M4,20.003473694581064
M3,20.251094074623214
M4,20.119626680409784
M4,20.032922887117035
M1,20.005580227929663
M2,19.97055821406891
M2,20.04845076066664
M1,19.922844917439978
M1,20.049913199138658
M4,19.99694709762946
M2,20.04706819576437
M1,19.99100338588868
M2,20.022619943844894
M2,20.00781417678903
M1,20.011114184774197
M1,20.01263712441388
M4,19.992642444488432
M4,19.964733940365196
M2,19.948900833592607
M3,20.256490638144392
M4,20.018255773385803
M4,20.00788795366864
M1,19.972458831038225
M4,20.01352777280192
M1,19.95873552338377
M1,20.014674831603266
M2,19.921432798108164
M3,20.205320789803864
M1,19.95876098804213
M2,19.969365052662035
M2,20.049911376890673
M2,20.083821028249957
M4,20.032670257961925
M2,19.953813032253628
M1,20.02867432417261
M1,19.982374838976337
M1,19.930860333625056
M1,20.03906877050261
M3,20.208260631617367
M2,19.979425503386057
M2,20.00989793755399
M4,20.01031811437886
M3,20.23074979819997
M1,19.969917304079782
M2,19.975769933195007
M2,19.945102916692843
M4,19.979083866012775
M2,20.018560227652948
M1,19.98875173912509
M3,20.248239614292263
M2,19.97720060411137
M1,19.979136703700114
M3,20.232027190124292
M1,20.010441663733538
M4,20.024816552559376
M4,20.029862913830083
M2,19.970717608378383
M3,20.25303180205468
M3,20.284917297746
M3,20.239737119484467
M1,19.957435249479293
M2,19.9364738348889
M1,20.00592603375754
M3,20.22447918777347
M1,19.998415147376093
M3,20.24581246406276
M3,20.232010383439697
M4,20.025588747828852
M2,20.0336519712982
M1,19.954990220993096
M3,20.217857313890033
M1,19.955302960026614
M1,19.92703106047299
M4,20.01600516339315
M4,20.00271671627367
M3,20.262355627165395
M4,20.0699741199241
M1,19.95333429031837
M1,20.011767670091977
M2,20.01569199471361
M1,20.00657018849843
M4,19.983805198104815
M1,19.98152780930241
M3,20.236874854651308
M4,20.019020827932295
M3,20.271815261060095
M1,20.01145619880907
M2,20.05572817992702
M3,20.231594163872757
M4,20.00281551592043
M2,20.02072419492911
M2,20.040896589950187
M4,19.940161768240543
M4,19.96613640794549
M2,20.006910216481405
M1,20.04075717280489
M3,20.23358454565343
M4,19.97416759670269
M4,19.99139897774706
M2,20.00220410293193
M1,19.913879323129137
M3,20.232137679530513
M4,19.965055785812677
M4,20.022233414344903
M1,20.012629366855844
M2,19.930838421765515
M2,19.988057746452565
M1,20.023369393003467
M4,19.966338154480507
M1,19.99246323472397
M3,20.237896871790497
M4,19.956307294238695
M3,20.225878430944192
M4,20.065371271821192
M2,20.011506101846944
M4,20.048419251404496
M2,19.977129109779643
M1,19.973098744821815
M2,20.031239547968163
M2,19.958762518462443
M3,20.265592600485498
M2,20.018065743455544
M2,19.985585408035075
M2,19.956704490093408
M2,20.029674188726375
M3,20.232842919694654
M2,20.02838806391114
M4,19.9799906385622
M2,20.0018182234993
M4,20.03883283683799
M2,20.01462356886787
M1,20.05289642821666
M1,19.99117871110717
M4,20.040293393720383
M4,20.02281698264891
M1,20.001835579955337
M3,20.23687933040729
M3,20.25010088962767
M1,19.991053092863694
M2,20.018558441274912
M3,20.217050908063108
M4,20.036698097419517
M4,20.027431765108744
M1,19.977233120314732
M1,19.988090495215616
M2,19.978235934016496
M1,19.984358906102617
M3,20.20196218760113
M1,20.009929940148133
M1,19.99938685011024
M1,20.004373081200537
M2,20.087907550597837
M4,19.95914770647061
M1,20.036884575823688
M4,19.99938472637508
M2,20.005885834906096
M1,19.96937153092163
M2,20.09122247778936
M3,20.24867666948445
M1,20.01826277187683
M1,19.96314989230797
M4,19.999989886665247
M3,20.251962129875047
M2,20.021009745076395
M4,19.965460363386143
M4,20.041377774980997
M2,19.99249914400198
M3,20.26769258686968
M1,19.975785685434968
M2,19.957588927077023
M3,20.21311982085795
M1,19.965609309303737
M4,19.99403835891095
M4,20.008674873014105
M2,19.97933318133311
M2,19.972244231611207
M1,19.940939615698753
M3,20.257973158660523
M1,20.00433273662369
M2,20.0259386661127
M3,20.165477863122263
M3,20.259292126957103
M3,20.22939761696039
M1,19.969061617439653
M4,20.059391457842914
M3,20.20872501290629
M4,20.110190182774144
M2,20.02029454129558
M4,20.08008879955338
M2,19.9855368556923
M4,20.058123318621053
M1,19.940056298551404
M1,20.016609313449333
M3,20.208218198667247
M3,20.21500628200689
M3,20.23162739940694
M2,20.04550115627701
M4,20.03795705557534
M2,19.959976850709612
M3,20.23745769920083
M4,20.01436810980923
M3,20.221395096689523
M3,20.238869253248016
M4,19.98758699663179
M4,20.01788162443347
M2,19.99820009323269
M2,20.042737699838455
M1,19.99135765338669
M3,20.25917514023458
M4,20.06345693289451
M2,20.028235931369316
M2,20.00969604333004
M1,19.98435429317321
M2,19.977136077676576
M1,19.984916116787332
M4,19.96263902885592
M3,20.245307922606653
M1,20.015366987495383
M1,19.985876242325528
M4,19.987968995474468
M4,20.071577474912974
M4,20.008414600033795
M1,19.978479243112776
M1,20.015672182641865
M1,20.02435752269148
M4,20.048416691784507
M4,20.043391281342824
M4,20.053697970509756
M1,19.993982145353865
M1,19.96910584613093
M4,19.989918180066823
M4,20.0320883582003
M3,20.21410189010011
M1,19.98390422945183
M1,19.957944813913674
M1,20.004179761720295
M3,20.198374316469454
M4,19.9742233320477
M3,20.201526649549677
M2,20.029579497302816
M4,19.982836020087326
M1,19.948417905046146
M4,20.024095206413623
M4,20.062427779565187
M3,20.26454543946798
M4,19.926246612591207
M3,20.18930774187261
M2,20.02570537384173
M2,20.015287277662377
M4,20.02068447870182
M3,20.25311461612875
M1,19.976738158678593
M4,20.001570775714516
M1,19.961400024501938
M3,20.18177528936519
M1,20.04712216889881
M3,20.191746227883662
M2,20.06076579569654
M2,19.95632204820689
M3,20.2115206477646
M4,19.966438338810768
M2,20.025809020464003
M4,20.05206452733455
M2,20.011504870693415
M1,19.936890343118687
M1,19.949153960293035
M1,19.984218307568614
M3,20.22206672221141
M3,20.258953707325674
M2,20.014235189385044
M2,19.998172410193956
M4,19.997944878111245
M3,20.20945223774031
M1,20.02342138904965
M1,19.90967985520069
M2,20.046081494795455
M2,20.006362649452573
M4,20.0033670425415
M3,20.239272162035597
M4,19.997536594385114
M3,20.21642220079063
M2,20.079229741869536
M3,20.207178864415464
M3,20.21206276480973
M3,20.19099477855573
M1,19.999287991594517
M3,20.24605002703604
M2,19.951199014868248
M4,20.024180789576956
M4,20.01107677014025
M3,20.249751801409843
M4,19.98574533794958
M3,20.18635707791131
M1,19.923201034125405
M3,20.194719168174213
M4,20.060437269454543
M1,19.97355934851368
M1,20.003606014504285
M2,20.05185539306667
M4,19.99378102259939
M3,20.260177485806913
M4,19.960976077400748
M4,19.999668927992975
M3,20.20512698708724
M3,20.24899455202521
M2,20.015300041041304
M1,20.06802574619484
M2,20.03449439511862
M3,20.262883581003464
M1,19.94844537615516
M1,19.985566082872495
M1,19.99182992769852
M3,20.25461088780072
M4,19.957872093665507
M4,19.97308912048293
M2,19.97192898325821
M3,20.223896376041655
M4,19.992636555463267
M3,20.268567988928982
M2,19.986675489475537
M2,19.994180314610407
M3,20.24372819715238
M2,19.994302366536388
M4,20.026667829567625
M4,20.031421228950503
M1,19.95355253134818
M3,20.23474197356395
M2,20.008665253746745
M3,20.235648927010395
M2,20.082233414697853
M2,20.023561632492505
M2,19.954119367646527
M1,19.93130170184157
M4,20.02840651973816
M1,19.948433952595437
M2,19.99033071492309
M1,20.008645303478993
M1,19.986675248199106
M2,19.9774020384219
M4,20.023552177355537
M4,19.91481714688259
M2,20.00242213466529
M3,20.198802744623737
M4,19.95481369824742
M1,19.980524704809454
M4,20.03233688446707
M1,19.99669860041366
M1,19.988870264082475
M2,19.961576095077575
M1,19.990140845904993
M4,19.99920602320359
M4,20.04284853810171
M2,20.047645861571347
M4,20.00071482176054
M4,20.04615108566185
M4,19.967105498808312
M4,20.01993659446344
M3,20.236898411876968
M1,20.01313151043532
M4,19.987180106789403
M3,20.191055935371644
M4,20.01294755734979
M4,20.030682156493643
M1,19.949078297267697
M2,19.98751279666636
M1,19.944013518276208
M1,19.996562672966142
M4,19.957219957549132
M4,20.024062928914656
M4,20.033667551569938
M4,20.00773192075191
M3,20.231968573156752
M3,20.26610659750709
M4,20.003648855032072
M3,20.22293319492189
M3,20.234826716846896
M1,20.00159011343438
M3,20.237603811537067
M4,19.99859656620046
M3,20.23663055024215
M2,20.054104248899257
M1,19.9217593098712
M1,19.944304448325692
M3,20.219267023833144
M3,20.221226144919868
M4,19.99635613772452
M4,20.05182825044656
M2,19.96971538937033
M4,19.977400769656985
M3,20.23889706069268
M2,20.00770345087939
M4,20.02724190775361
M1,19.97635511216442
M3,20.266965798746178
M4,19.97765506294068
M3,20.20941690022166
M4,20.02301164275124
M1,20.042782796876047
M3,20.16384078113762
M4,20.01373463275552
M3,20.23776516455829
M4,20.118230477481212
M2,19.940657224982097
M3,20.17685728036775
M2,20.033468303216686
M4,20.03047188631103
M1,19.962636174939647
M2,19.99557134496628
M1,19.95347722396795
M3,20.245162777085053
M1,19.959174789973503
M2,20.047384605803632
M4,20.00335393826869
M2,20.005173601446415
M1,20.02949190504059
M1,20.037831682917208
M1,19.9387175260534
M4,20.033778189656857
M3,20.177013378261933
M4,20.08665758481991
M1,19.99409392736244
M2,20.05988862355343
M1,19.93672319293522
M2,19.97262323617294
M3,20.16578022126738
M4,19.98824491057639
M2,19.98438521462967
M4,20.01011208955215
M3,20.284227897898557
M2,20.078520222831443
M4,20.022540490426827
M2,20.022478659667893
M1,20.001542265151475
M4,20.021835570310888
M4,20.052442980146942
M1,19.980693522275587
M4,20.04463863070861
M4,19.984485283902444
M4,20.032961042873595
M2,19.99422583600249
M3,20.324434507848903
M3,20.242627892868125
M3,20.26148522293617
M3,20.27115802320726
M3,20.23483785350881
M3,20.300510075647512
M3,20.20815845800248
M3,20.21176567459652
M1,20.0085578266188
M1,19.93033450915735
M4,19.976828840802
M4,19.972885910763186
M3,20.20999292138372
M1,19.945349750705308
M4,19.977327869956437
M1,19.95922894399373
M2,19.97702382292732
M2,20.07818178710995
M1,20.035538787586276
M4,20.003842848627976
M3,20.257802847039972
M2,19.964691650953345
M3,20.16349590612568
M1,20.046733183123532
M2,19.989662998188763
M3,20.26274477310052
M2,20.071951171053563
M4,19.98308722865331
M1,20.01666477645233
M1,19.988849908497414
M3,20.246213837901013
M4,20.022896557709775
M2,19.9575340026408
M1,19.990359714653128
M4,19.997203133906776
M2,19.97957747563113
M1,19.99993988002736
M3,20.234241724294343
M2,20.02003363497574
M4,20.00540214956152
M2,20.002172639303836
M3,20.20359603413149
M3,20.278095384671897
M1,19.976877336503197
M2,19.988730875946604
M1,20.008526492412457
M3,20.233198613590226
M4,19.971885489254316
M4,19.99698740219951
M2,20.0760623695014
M2,19.96872335881775
M3,20.24887705604497
M3,20.225762345143817
M4,19.99958486449392
M1,20.00292773189463
M1,20.019898790715978
M2,20.061471914991547
M2,20.098627246184897
M2,19.95869716223216
M4,20.02409576296915
M1,20.009933930812515
M4,19.9991718549394
M3,20.24950428091316
M3,20.19914118620407
M3,20.182769403593493
M1,20.009470054891473
M3,20.235546409445018
M1,19.99057723554379
M3,20.210979612515217
M3,20.181527644847847
M3,20.227789720349232
M2,19.99395814555575
M2,19.997914365899828
M2,19.99429785527939
M1,19.9521088706128
M3,20.185139825839887
M1,19.9398429926702
M2,19.975737043006692
M3,20.25960209740683
M1,19.964777343174248
M4,20.004740138179795
M2,20.00848046546283
M1,19.959153962940626
M3,20.21228769756258
M3,20.264123008337915
M3,20.18475773859275
M4,20.064537213085117
M2,19.996317773383673
M4,20.07878907886136
M2,19.918204630926596
M3,20.15080808668528
M1,20.017748337308465
M3,20.27150115217641
M2,20.0057953762931
M3,20.209853964944568
M4,20.017032572027546
M4,20.005323786289047
M4,20.072513149795135
M1,19.96625376828692
M1,20.006679743865774
M4,20.013403668875664
M2,19.97957099543842
M1,19.94869851275953
M2,20.00003210103768
M4,20.060898248460617
M2,19.985557227090062
M1,19.98268655322703
M3,20.21649430243788
M1,20.01238908500829
M2,20.033813237049905
M1,19.95118491459234
M3,20.231073969750835
M2,19.99236163646477
M4,20.02748589355678
M2,20.016554861923055
M1,20.002878629204066
M1,19.98222997698381
M1,19.972742721025185
M2,19.98666605087165
M1,19.959047462306735
M2,19.90986190161614
M4,19.99323993567288
M4,20.00826211899949
M3,20.156434490676123
M4,20.026805747120335
M4,20.017879029836383
M3,20.29866387645379
M4,19.96024044424281
M1,19.92538820246027
M4,19.984984036366928
M2,20.010829250190792
M3,20.220733560688803
M4,19.994562752264457
M2,20.063423274954193
M1,20.008983544364668
M2,19.99839464495879
M2,19.969273943317777
M4,20.007672151837028
M4,20.042192996957024
M3,20.2747979732051
M4,20.0114862136189
M2,20.03806836488575
M2,20.01213681578415
M4,19.968663718080276
M3,20.246474783025267
M3,20.191368209539156
M2,20.020005945336912
M3,20.259606449261167
M4,19.998474215400737
M2,20.018898600703785
M1,20.041262096999088
M1,20.00575791413289
M1,19.990049635216582
M2,20.049880535557435
M3,20.198794128767695
M4,19.995692722596836
M1,19.93063606918379
M4,20.034302407745525
M3,20.230349520948295
M1,20.011044943408017
M2,20.04066059895215
M2,19.963088110000008
M4,19.99314522666255
M4,20.020721036649313
M4,20.06398888079461
M3,20.242779328804794
M2,20.018563875498867
M2,20.054280575107335
M4,19.9866261516958
M1,20.00391863252127
M2,20.022478383257436
M1,20.00937430534191
M2,20.031398976298192
M2,20.04166604913265
M1,19.938228737886693
M2,19.999040626594265
M4,19.99743159668589
M3,20.183754762873267
M4,20.005950751094613
M4,20.08926274001392
M4,20.00120743087068
M2,20.010986714598975
M4,20.021583178133906
M4,20.030903529959197
M4,20.08084461190518
M2,19.992794349578
M1,19.96552377069463
M3,20.210454640510633
M4,20.001778957961832
M4,20.05528759225525
M3,20.19380283798034
M1,19.974185514152857
M2,20.03812311570435
M3,20.255386681777935
M3,20.184688166492517
M2,20.00503677472489
M2,20.021701996793578
M1,19.949337545243633
M2,20.01269156118978
M3,20.20977993654975
M1,19.97758469791822
M4,20.04173157927453
M1,19.998823843189033
M3,20.213872534534858
M2,19.94051387571792
M4,19.98221407018696
M4,19.95897530643063
M3,20.248208948989564
M3,20.18390473567354
M3,20.216211278782776
M3,20.23831543625929
M1,19.997814616074237
M2,19.90782339088426
M1,19.99417889416484
M2,19.982108697595816
M3,20.21335406559661
M1,19.91205545092139
M1,19.98392246968455
M4,20.006782286426283
M2,19.977633147707945
M1,19.981200478723434
M3,20.27407032703441
M3,20.256267874675107
M4,20.02745303037122
M4,20.015567217252993
M4,19.997203227051532
M3,20.23630730577752
M2,20.030234648113456
M4,19.998807729224264
M2,20.00796431297173
M2,19.962795157800073
M4,19.989356982082292
M4,20.037719981703372
M2,19.97127314065908
M3,20.193623320583672
M4,20.04456278512484
M4,20.019107466560182
M1,19.9693463939994
M3,20.153435037361557
M1,20.053802853564825
M4,20.02885750697648
M1,19.97518065553454
M4,19.988241042742334
M1,20.020669773791603
M2,19.98898651621038
M1,19.95867050147332
M4,20.03670373859798
M2,19.97013842031797
M3,20.24165878183113
M1,20.02035496384312
M2,19.98805412085509
M4,20.000972552770385
M4,20.005680560316335
M1,19.96540939168355
M2,19.955562302925852
M2,19.939856842394818
M3,20.253760042124345
M3,20.181291063220655
M1,19.941628830331062
M4,19.993959057485466
M1,19.992492964599112
M2,19.988970975632572
M4,20.008412578508867
M3,20.203560434934943
M2,20.00951836299087
M4,20.012514188566353
M2,19.988978348399943
M3,20.22438037053405
M1,20.043056867760704
M1,19.99130051360915
M2,20.02225872715529
M3,20.191135045525535
M4,19.98668468274128
M2,19.97693176867664
M4,20.01292377673957
M3,20.199496019595134
M1,20.012307487224668
M3,20.19240905338478
M3,20.256138371660313
M2,19.958265688750153
M2,19.975866297399612
M2,19.99528963730298
M3,20.218303395672745
M3,20.223002289048782
M2,19.991384035087194
M2,20.02524967146399
M2,20.0189051051485
M2,20.036502718114725
M2,19.98612004890117
M2,20.01333300577669
M3,20.19396949309941
M1,19.95319181993211
M3,20.274034421553488
M1,19.97227710539755
M2,19.962905263916525
M4,20.009959875416445
M4,19.961236858451265
M3,20.164440266870432
M3,20.213595680029
M1,20.005699557841584
M2,20.017156043927727
M3,20.19379728394969
M4,20.021323118196857
M3,20.24483246627414
M4,19.991994930140287
M2,19.981245265580785
M1,19.996813674832655
M1,19.974585836829124
M3,20.16106621691347
M3,20.21044832094538
M2,20.012796640562847
M4,20.0505196954
M3,20.17456440165485
M2,20.00414699150279
M1,20.012513661382872
M3,20.267242983459496
M3,20.19981769953978
M1,19.988151973603212
M2,20.021739451399178
M2,19.990476910605707
M3,20.205238968767983
M1,20.014958537905176
M4,19.960410662388508
M2,19.98224699519237
M2,20.02362956409429
M1,20.000296932515745
M4,20.050806416737853
M1,19.94299352633854
M4,20.06973524542087
M2,20.023523309717973
M4,20.014518942878237
M1,19.968574363188132
M1,20.00270358320184
M4,20.00767781220366
M4,20.00059740919316
M3,20.20291548975191
M1,19.93973626158191
M4,20.006287898363468
M2,20.032669202941328
M4,19.99664124760856
M4,19.98897863268608
M4,20.049803874305667
M3,20.208976512087453
M3,20.271640662134697
M3,20.212460902711484
M1,20.001539715580673
M2,19.9745665359318
M3,20.235273377424615
M4,20.0077682719658
M3,20.183925839107836
M3,20.247051350889787
M1,19.920427985018783
M2,20.008669518772436
M3,20.283984703184576
M4,20.012210400209536
M2,20.01893695093413
M1,19.961107660916895
M2,19.977984627160545
M1,20.01608132964734
M3,20.22266843338061
M3,20.184750392174877
M4,20.049096885731988
M4,20.0060247600184
M1,19.999114159971153
M1,19.997007636912254
M2,20.012662715909105
M1,20.00574486846644
M4,20.00723785471549
M1,19.987140464725453
M1,19.974354643216433
M4,20.003693825436457
M4,20.064077603932233
M1,19.92116976007194
M2,19.98532286387746
M3,20.156619242637685
M3,20.210407089474792
M4,19.98620971187803
M2,20.055679691341325
M1,19.99252079633719
M2,19.99868817776016
M3,20.17518428160622
M3,20.26758898831346
M3,20.22246153089903
M4,19.962236994774894
M4,20.01778677374407
M2,19.999025857351704
M2,19.973837661971963
M3,20.234845506377575
M2,19.925727023109236
M2,20.038209396151466
M1,19.988245018930787
M2,19.996650269298385
M3,20.2714951750436
M4,20.0293121757589
M4,19.98839758104096
M2,19.976752336342308
M1,19.99264724167963
M1,20.022000873542048
M2,19.9681981109774
M3,20.21986171309753
M4,20.08224641120509
M4,20.003754452489133
M1,19.984457955687695
M3,20.257343941961587
M2,20.004701623087204
M1,19.98750404767672
M3,20.233579506175214
M1,19.963496941555245
M2,19.992246678544625
M3,20.262106818580005
M2,20.024050771490728
M3,20.200453377634844
M2,19.979201591487293
M4,20.000475467678875
M1,19.984621317325935
M1,19.96633870779263
M3,20.19154453101777
M2,19.984656098448596
M3,20.163300714893115
M1,19.940400474323795
M3,20.20165450630214
M4,19.943863319300732
M1,20.008685342696772
M2,20.019893036342523
M4,19.98087912694211
M3,20.25477591290894
M1,19.98085175017102
M1,19.979500601736277
M4,20.036459056989703
M4,20.02927395265355
M2,19.985619943716845
M2,19.97680474612516
M4,19.984319280777775
M1,20.02693946483529
M1,19.959703409402273
M4,20.05627442993867
M1,19.996114776842987
M4,20.009971958580987
M2,19.985934330443165
M4,20.042042427749507
M1,19.986173228512165
M4,19.98724940184171
M1,20.035736222976247
M1,19.987666724901253
M3,20.240963015211708
M3,20.166829544918237
M4,20.02874395527303
M1,19.99738304874512
M1,20.00440661896287
M3,20.243124457814652
M4,20.014825043147432
M2,19.977776211052525
M4,20.035038352761873
M4,20.021862488868265
M4,20.033487821346817
M3,20.27027665798388
M3,20.216224987702656
M3,20.216490753085164
M3,20.201609314387124
M3,20.194714081829268
M3,20.266773561181928
M2,20.03055894145604
M3,20.168415624023233
M4,19.983734272653795
M4,20.044704447063605
M3,20.238180323324706
M1,19.957750412152738
M3,20.267494834329455
M2,20.02451168372197
M1,19.980387635413887
M1,20.07221894944403
M3,20.25990951723352
M4,19.998729945152267
M3,20.2510936240756
M2,19.959325744577235
M1,19.952452929893457
M3,20.199175909069364
M1,19.982206897703144
M4,20.012317291857055
M4,20.002880605008844
M4,20.026466327982188
M2,20.006928664972275
M1,19.918584114344473
M2,19.972227121265135
M4,20.022110751396692
M1,19.963534397850072
M4,20.01045195653914
M1,20.02529546730903
M1,19.997564174601766
M1,20.046526642651397
M4,20.03929402144489
M3,20.161083995366397
M2,20.03277797508928
M3,20.259802360342736
M3,20.27301052976548
M3,20.218310515442106
M3,20.228528763133525
M1,20.008370284310008
M2,20.007418861794147
M3,20.21458660657831
M1,19.948830303408567
M2,20.007922347710252
M1,19.94859903404479
M4,20.008898392399328
M1,19.978392750901733
M1,19.978327133778556
M3,20.188050257981672
M1,19.933737333258847
M2,19.98372285904641
M2,20.011958348134847
M1,20.004723550305016
M4,20.061203035642457
M3,20.213909867058025
M1,20.002392451389497
M3,20.249388216864652
M3,20.229930516714905
M3,20.29494108357705
M3,20.251105353021664
M4,20.0539546528794
M2,20.004288713929828
M2,20.008623606024273
M3,20.159661922950185
M4,20.01693307094856
M3,20.231817000824925
M1,19.914255649150626
M2,20.004848483125567
M3,20.306713066097497
M1,19.93515606201353
M4,19.970517220370898
M4,19.985569841053778
M4,19.99908103231814
M1,20.002637610115276
M3,20.20994376761426
M3,20.19891169259098
M3,20.167355904123752
M4,19.984927049181493
M2,19.96181397141179
M3,20.1520052497218
M3,20.194451895212648
M4,19.972777290033186
M4,20.00672161502311
M2,20.016993204919103
M4,19.92714494084202
M1,19.984848322930898
M2,20.05118762300657
M3,20.24878166009377
M1,20.00028758085163
M2,20.045572059103616
M3,20.250671443406
M3,20.22251018689874
M1,20.028939595691092
M2,20.02432013770174
M1,19.964397551571917
M3,20.23043508207025
M2,20.00729658108636
M3,20.27505160325395
M3,20.2243828385594
M4,20.026796966828428
M1,20.034891036313645
M4,19.966858097790876
M1,19.95886273007189
M1,19.984542530396453
M1,20.01645054849033
M1,19.94479076066683
M4,19.965728107757233
M1,20.000170894269836
M3,20.20446621836455
M2,20.016958367812745
M1,20.02049652964808
M2,19.98594417231669
M1,19.995688887968704
M2,20.030136107019494
M3,20.22195424373358
M3,20.266247620831095
M2,20.0073047122536
M4,20.042373396775183
M3,20.206530446436545
M2,20.04320953002778
M2,20.022063469306488
M1,20.037587773746345
M4,20.026548877554035
M4,19.994151142506336
M2,19.995947535893816
M3,20.213789069337167
M3,20.21448338340705
M3,20.26513240092101
M1,20.03859701097816
M4,20.04048998294701
M4,20.049680643431863
M4,20.01059306265187
M4,20.01234473356189
M4,20.03986872719103
M3,20.23209504973111
M1,19.95690374698487
M2,20.006869047198535
M1,19.986732412624296
M1,19.974857685487983
M4,19.989898709408227
M4,20.03107406936206
M3,20.22516775778524
M3,20.18172741374112
M1,19.914584507453178
M1,19.942769821568003
M4,19.970753488355648
M2,20.009167420651035
M3,20.229887959882532
M2,20.07383951060256
M1,19.989590446292727
M4,20.00264222620504
M4,20.0039242997648
M3,20.251767256919763
M2,19.973307360956497
M3,20.265031677699337
M4,20.006016543244343
M3,20.28361751490369
M2,19.9425604079098
M2,19.97674643613667
M3,20.273394940351213
M2,20.017675865981428
M3,20.239684895894367
M1,20.011615176146066
M1,19.968953375857108
M4,20.010240138309484
M2,20.06306782768621
M2,19.958839744945845
M3,20.19904251289281
M2,20.032329399049544
M4,20.037856972623196
M1,19.947178728249465
M4,19.99299970269287
M1,19.99452979234952
M2,19.987388057997237
M3,20.23399512662636
M4,20.01412762804041
M1,20.010903516771645
M3,20.21888473072712
M1,20.01341511696155
M1,20.03046447502942
M4,20.042130344092712
M3,20.30055472332857
M2,20.016852404933022
M3,20.25069880224132
M2,20.003009752536045
M2,19.988128778010832
M2,19.995384680583413
M2,19.98050406744293
M4,20.03235805983395
M2,19.98361810664268
M2,19.97950501268267
M3,20.22080609057842
M4,19.997124233958917
M2,19.97459691318019
M4,20.02864573556376
M2,20.00481537663816
M3,20.19478763153881
M4,19.991526487250393
M2,20.016056195392743
M1,20.02169978317229
M3,20.28481080949816
M1,20.00132056100965
M2,20.00164509238314
M4,19.991029364307927
M2,20.004059099773936
M3,20.261484018094524
M3,20.181125978208826
M1,19.978039965091146
M2,20.046096564407105
M3,20.23200874257931
M1,20.011235758620796
M2,20.018629290815586
M2,19.99612789265403
M4,20.00759513389503
M1,19.9846547363992
M4,20.02095753956772
M2,19.962045549905447
M3,20.236020608468326
M3,20.246161582710656
M2,20.03451370307802
M4,19.993235482756624
M1,19.977057816881413
M1,19.98543766740714
M4,20.029835604543095
M3,20.187982920150255
M4,19.93921634420368
M2,19.9024818518753
M1,19.948667856776257
M1,19.99542117014017
M2,19.976964094203108
M1,20.002038035175783
M4,20.032799374011788
M1,19.981427979302257
M4,20.052199947828637
M1,19.99376873546784
M1,19.971973658548254
M2,20.044832417147795
M1,20.03899015581384
M2,19.964921039166388
M2,20.029045263340773
M3,20.27239072499867
M3,20.27288284952143
M1,19.96737732838699
M1,19.98268190715326
M1,19.990248055940057
M1,19.931760683971625
M1,19.98581385391734
M2,19.993688394063184
M3,20.19099254299871
M2,20.03592388079339
M2,19.92476566530075
M2,20.044581119776417
M3,20.23831236009639
M2,20.008580077102504
M1,20.002480838507857
M2,20.0349237902773
M1,19.96720149221324
M2,19.971299495527223
M4,20.046539516855702
M2,20.00203954973179
M1,20.038890820122795
M3,20.17401078136171
M1,20.026092434064417
M1,20.022242055441264
M1,20.010366732705354
M4,20.011267420297965
M4,19.95390444824657
M3,20.261191457132373
M3,20.16582289055861
M3,20.26515368764123
M3,20.238031331946047
M3,20.255895291582775
M4,20.12465123651174
M3,20.183514611453003
M1,19.993393947300856
M2,20.028766315427
M4,20.041642457530926
M2,20.041897154700298
M1,20.076137040334014
M4,20.084662952834258
M3,20.21766332992451
M3,20.271490049367937
M2,20.0220995347242
M1,20.025993395490428
M2,20.00008022474558
M2,20.071586422660047
M4,20.00643822534744
M2,20.01306435134378
M1,19.97360039328189
M2,19.9969206821069
M4,20.03057701400829
M2,20.00149110096976
M2,20.02314608697621
M3,20.278214321070973
M3,20.24825373071534
M2,20.00478406056094
M4,19.98378826321255
M3,20.224328178028543
M1,19.955680524591425
M2,19.97785289446582
M4,20.00791317741329
M2,20.022171504182474
M3,20.175113667844123
M3,20.177252642208664
M3,20.15897816148841
M4,19.940443128109894
M1,19.917008306774523
M3,20.190390380085827
M3,20.240790312320243
M1,19.946863553864667
M3,20.17377746416302
M1,20.03950776235922
M2,19.982108408737165
M2,20.04490831416381
M1,20.006129367940048
M4,20.093595258860788
M1,20.002920527832806
M2,19.990718914383027
M4,20.004278880854876
M4,19.99743272739223
M1,19.978580689408545
M2,20.04521850226963
M3,20.239744579593324
M4,20.080842844056672
M4,19.98314238639216
M3,20.23551991333326
M1,19.93802033854145
M4,19.986553553802825
M1,19.963879301013005
M1,20.0086681654786
M3,20.159756864815627
M3,20.1856382117514
M1,19.951007882351995
M1,20.01398422880803
M3,20.21333410988052
M2,20.00075341721367
M3,20.235461233435977
M2,20.016915436632324
M3,20.253214744459
M2,19.993538058857496
M2,20.05540462723896
M2,19.986567883862307
M3,20.250197144546792
M3,20.23987336740384
M3,20.2112934480722
M3,20.192612672742197
M1,19.930729829188788
M4,19.98140143187727
M3,20.257002104628633
M3,20.198382575958412
M4,20.034336368579275
M4,20.004358008935764
M3,20.226434753341714
M4,19.98865980412231
M2,20.027285250924127
M3,20.220578647017504
M2,20.02164283655673
M3,20.1463491405036
M1,19.97867752999133
M4,20.036009540256224
M1,19.94488288284297
M3,20.271395880579856
M1,19.994890979273173
M1,19.91880958890654
M4,19.959711602200528
M4,20.03300346821702
M1,19.987580504069644
M1,19.99690888842841
M4,19.96975805892006
M4,20.000611372912932
M1,19.96920662863233
M3,20.234320655400143
M2,19.98471870102088
M3,20.259315972972672
M2,20.04979852433089
M1,20.00101528607564
M2,20.038229120028248
M3,20.23237156876252
M4,20.01754610008561
M1,20.008871551718062
M4,19.97123345969101
M3,20.22702817557031
M4,20.00476778830613
M4,20.048712855619826
M1,19.98879330269354
M1,20.00045265353328
M4,20.00273889020356
M1,20.0291770544381
M1,19.99020846459756
M2,20.03941146560831
M4,19.9963059090676
M4,20.013688663322327
M3,20.228977821929256
M1,20.00267777019399
M2,20.002360002245812
M3,20.220431188627167
M1,20.018422733442303
M3,20.24488252987612
M1,19.996386679666617
M2,20.02192689636222
M1,19.981664758254325
M3,20.255551199869178
M4,20.075797428886965
M1,20.00104281397954
M4,20.023776332264685
M3,20.21048328544185
M4,20.05982673234317
M4,20.015331441767263
M1,19.981865000881143
M3,20.22107053906552
M3,20.238862902091117
M1,19.965662030804292
M2,19.996115964400992
M4,20.04193507064077
M3,20.22852581226184
M2,20.054394597975424
M2,19.97579668884491
M4,19.950755621193636
M2,19.972877121461288
M1,19.927615426118845
M3,20.25227569258348
M4,19.981367264727563
M1,19.996507502086914
M2,19.97377878743132
M2,19.9568313470418
M1,20.023022275701912
M3,20.175587211414772
M2,20.042731929776902
M1,19.98450951085705
M2,20.006242950678676
M4,19.993172987466128
M4,19.96193180164786
M3,20.23414183955694
M2,20.02281575474355
M4,20.080726030233425
M1,20.036188933762727
M3,20.19269641229167
M3,20.23411929144022
M3,20.24805929624141
M1,20.019931949262435
M3,20.218952257896017
M3,20.203275691549223
M4,20.02485238856033
M1,20.008215820819505
M3,20.22586592076799
M4,20.028297961099423
M2,20.01394112510797
M3,20.266605412421058
M1,20.05649133279948
M3,20.196310524086417
M3,20.16192990727768
M1,19.953350604740837
M1,19.99111485025063
M3,20.244488966877434
M1,19.959940221498975
M2,20.038774469091084
M1,19.99181735007693
M4,19.978260638178035
M3,20.193105942163964
M4,19.959677623175537
M1,20.0199144419476
M1,19.981003447851094
M3,20.183381476826085
M3,20.288471567092103
M4,20.0364129929896
M4,20.015694364186576
M4,19.99980681373878
M1,20.01494550835225
M2,19.98909718139589
M4,20.007524791000776
M3,20.22405223173942
M4,20.000031064709702
M3,20.22896086533232
M1,19.973874601010134
M2,20.001871619647343
M4,20.001708362298107
M3,20.244966094290785
M1,19.951589255113483
M1,20.00382951120209
M4,20.018290367243512
M4,19.98462663348926
M4,20.05442234133624
M1,19.988434910050337
M3,20.21521434361736
M4,20.0496800471268
M3,20.22935976551187
M3,20.184368020477436
M2,20.006765477693616
M1,20.00581984656706
M2,19.996394720566073
M3,20.203071397377805
M1,20.00189271250912
M1,20.02861494185633
M2,20.01179014887597
M4,19.99814370888177
M3,20.252619708628316
M3,20.217966880445612
M3,20.257130140577125
M1,19.98594911827268
M2,20.01609920005332
M1,20.021018090140146
M4,20.02732622802773
M4,20.05357162182047
M2,20.043845124130176
M2,20.01791165671366
M2,20.004339976601333
M4,19.97826770856403
M2,20.06719389170471
M4,20.04422232615325
M2,19.9911212013682
M3,20.227247883128083
M3,20.215910609060582
M2,19.99714732605666
M4,20.01673228097522
M3,20.230226638691416
M4,19.979724064046383
M4,20.004729466912316
M1,19.999479475194203
M1,20.05764603330951
M3,20.258826036736664
M2,20.015901252471643
M2,19.98988560667668
M1,19.981172613920418
M2,19.987902874139785
M2,19.99580335648795
M2,19.992327047216424
M3,20.22781146577436
M3,20.1843642164167
M2,20.046804697540747
M1,20.004488501821843
M3,20.16677679616961
M1,19.99281018145673
M2,19.9707260533713
M2,19.991840972998823
M1,19.89941230124402
M2,20.002527681186866
M2,19.965878186707005
M4,20.030959857830418
M4,20.008289270753146
M1,19.976964974371533
M3,20.286430235659747
M3,20.24244140979332
M2,19.97858998359626
M2,20.001951633859463
M4,19.976603377623196
M2,20.045281513847417
M1,20.026673179338378
M2,19.97670531353819
M2,20.016904173572197
M2,20.01052233752504
M1,19.9824068616602
M1,19.963563554872696
M4,20.01373061708752
M1,19.958490065826187
M3,20.193391027483464
M3,20.259159897906933
M3,20.217550223734293
M4,19.94443472509603
M1,20.002274269362832
M2,19.971307684475896
M1,19.969458995424574
M3,20.22640410460727
M3,20.2502896092742
M4,19.990318154929643
M2,19.984629687866388
M1,19.97408520202171
M4,20.01579613891203
M3,20.22570507086103
M4,19.97240241257759
M2,20.006890996372004
M2,19.983238680736317
M2,20.01408589890968
M3,20.246618893841788
M1,20.01621692629634
M4,19.95818962066608
M1,19.982162812122912
M2,20.016479627829924
M2,19.9690517213564
M3,20.204754615540622
M3,20.26412724178044
M4,19.98464140711644
M4,20.071611616143777
M1,20.0163283208668
M1,19.968095016460893
M4,19.962795140967504
M2,19.966125797756913
M1,19.99281167510019
M4,19.9929925873733
M3,20.216638956473663
M1,19.9912270518613
M4,19.986744999029614
M3,20.245737511432992
M3,20.226794418020965
M4,19.998748263221483
M2,19.986755388342367
M2,19.915216673120195
M3,20.26964868769985
M1,19.999401541597177
M1,19.99446597457359
M4,19.961297354415994
M1,19.972423696397527
M3,20.21433895501204
M2,20.028615638255527
M1,20.00134333006577
M3,20.28650908392886
M4,20.00093467943305
M2,20.01311901146425
M1,19.941545612143308
M1,20.0078459971575
M1,19.98508172362575
M4,19.966574583670823
M2,19.990064388664017
M2,20.03636450593893
M1,19.96127686573178
M2,19.99388408744229
M4,20.03543574575401
M2,20.040459764328908
M3,20.211175864444463
M1,20.062802594367067
M1,19.950705569282857
M3,20.204565118143563
M1,19.99745650781748
M2,19.967397588191215
M2,20.010520763503628
M1,20.018388958316542
M3,20.255126375614022
M4,20.001665260268783
M1,19.93663294999839
M4,20.015678098842688
M3,20.16132736818565
M3,20.27689470438481
M1,20.016788830181287
M4,20.075331202057537
M1,20.0346974738723
M4,20.000839843468025
M3,20.205992079038936
M2,19.981147935570977
M1,19.996345403307483
M3,20.210197151211144
M1,20.00774386395819
M3,20.28116043242951
M4,19.999120780368
M2,19.96378644354152
M1,19.978901376838444
M1,19.932609804564827
M1,19.999767199318004
M1,20.00822747110792
M1,19.9863045562567
M3,20.22165707527521
M2,20.05521616969955
M4,20.009924900297456
M4,19.979884008844778
M4,20.0962477424374
M3,20.24510363852753
M2,20.00840440899128
M4,20.005768610491675
M1,19.934624045645272
M2,19.994129902805938
M2,20.019735770016716
M3,20.158214327169564
M3,20.211542991715007
M4,20.00351866070134
M4,20.00346900504484
M2,20.033488017685663
M4,19.96274849330541
M1,19.943012606785366
M4,20.012853654511083
M1,19.98968166235435
M4,20.04053723663985
M2,20.016892340616582
M4,19.993589432304223
M1,19.9478268870773
M2,19.975058984748262
M4,20.04318978501166
M1,19.91832095791212
M2,19.950322529954864
M1,20.01742048538072
M2,19.96620653401197
M2,20.067702340664916
M3,20.206104590329616
M2,20.00155336756342
M1,20.019247090643617
M1,20.017448978753627
M4,19.995294925044625
M4,19.998942173567382
M1,20.05085205477261
M1,19.97083872449814
M1,19.96585463214644
M4,20.022225136717513
M3,20.24745699228772
M4,20.028743237390707
M2,19.99521271150467
M3,20.217765996769295
M1,20.011921790408348
M3,20.216648304463988
M3,20.27638527192712
M2,20.01110234732978
M3,20.179013567358023
M3,20.28201892013054
M2,19.986037101944177
M1,19.994682998855787
M1,19.956457484844353
M4,19.97452208590004
M2,20.01829059239408
M2,20.00653733938172
M3,20.198533973667654
M2,19.99311319827072
M2,19.991208685885464
M3,20.186317516036564
M3,20.31837567766043
M3,20.229463113659055
M1,19.958825214540735
M2,19.99660607117669
M2,19.9495916747954
M3,20.240476728991883
M1,19.967223461963027
M1,20.044614902025614
M4,20.007678909135823
M3,20.206153823733352
M4,20.027706196860912
M2,20.059638480510408
M4,20.031387830890026
M2,20.027397633226453
M3,20.217915448159435
M1,19.991501008365766
M4,20.06215762432281
M2,20.01642138410535
M4,20.010571022172712
M2,19.991301087639787
M4,20.013894705906942
M2,20.004385064489036
M1,19.944781902753913
M1,19.984376339408804
M3,20.24570807852776
M1,19.99131735170781
M2,19.931465764508783
M3,20.174256633579315
M2,19.98956259338387
M1,19.95685637326643
M3,20.14599870626204
M3,20.22123272937699
M3,20.174543319552253
M4,19.981022538644492
M1,19.979443684714493
M2,20.046990972764984
M1,19.97061934559368
M4,19.99032650388574
M3,20.20296039402896
M1,19.978442726955468
M3,20.292231884570636
M1,19.980976781965097
M2,19.89886284648606
M3,20.264587463267176
M3,20.295465056648556
M4,20.016711306721323
M3,20.230737281856424
M4,20.063354840241004
M3,20.27846589148474
M1,19.98070121725111
M1,19.926898797344197
M4,19.955623836517184
M1,20.005059987327627
M2,20.01577842806007
M1,20.03066798444231
M2,20.03900204845376
M3,20.23786913000071
M1,19.99878209845704
M2,19.977673835905712
M4,19.93497339543704
M1,19.975882589855008
M1,20.012185137655205
M2,19.99708927644907
M4,19.99951725728202
M2,20.030931754780575
M3,20.226329977736363
M1,19.961437598386382
M3,20.184532283649805
M1,19.95148380892042
M3,20.264300473432325
M1,20.03192938912413
M4,20.012134835504305
M2,19.990646721772265
M1,19.97706166727865
M2,19.9615248151629
M1,19.93150703336484
M1,19.979847211600237
M3,20.27344858650611
M2,19.937701947026035
M2,19.986700094244284
M4,19.966649726011752
M1,20.00715723253777
M2,19.937280715340403
M1,19.968186173868023
M2,20.007715797641744
M2,19.98576885044799
M1,19.942077749010277
M1,20.009847588528615
M4,20.042203519046815
M1,20.00587474341789
M4,19.987987679417735
M4,19.98041760768245
M2,19.97934647311389
M2,20.00094745493164
M4,19.957182963091444
M4,20.019339860957903
M1,19.986253401880877
M4,20.040751130659977
M4,19.97466725491973
M1,20.006038516118767
M1,19.981193278998084
M3,20.193679912517915
M1,19.99162876809503
M3,20.191208743117205
M1,20.056462455339933
M3,20.234939524451555
M1,19.981271873326367
M1,19.968101717491603
M1,20.01136749236145
M1,19.96631796520819
M3,20.300039906183315
M1,19.974775380883756
M4,20.02015442430727
M3,20.201290392572112
M2,19.993635651896792
M4,20.07252472403628
M3,20.16367679357692
M3,20.232701415106533
M1,19.991246496260395
M3,20.260904136370943
M3,20.19243804377186
M4,19.97622962238402
M2,19.961441784211317
M3,20.259764654857538
M2,20.021754586774513
M1,19.986966271030376
M1,19.971919187694628
M4,19.999236329786925
M3,20.23169002956945
M2,19.96276791642325
M3,20.22220939591578
M1,20.015208707530817
M1,20.00458817309626
M3,20.204182407786902
M3,20.115948766023724
M4,20.099912946833612
M4,19.978573023735425
M2,19.903200171208855
M4,19.9957803709677
M2,19.99177137336292
M4,20.054571044129784
M1,19.99357774570586
M1,20.01756296910157
M1,19.99307267055908
M4,20.015403895975084
M1,20.037096321665597
M4,20.000782776171924
M3,20.228320248111736
M1,19.96775375158392
M4,20.02467423520539
M1,19.972297545325972
M1,19.97709349973029
M3,20.193620357268813
M2,20.057477846671414
M2,20.01972391151326
M1,19.964483507874803
M3,20.250072963279607
M1,19.977939577820276
M1,20.00293870490511
M3,20.22489559612131
M2,20.00347355721574
M3,20.25229209763583
M1,19.99744755885648
M3,20.26782200371335
M4,20.008944246699492
M2,19.95332448136868
M2,20.09480069658123
M3,20.260663060451
M3,20.23312246946983
M1,20.01296323390697
M3,20.216121435665237
M1,19.979093494979345
M3,20.227709678618705
M4,19.99353664412323
M3,20.232955387251025
M4,20.053850827883565
M2,20.017864809174707
M4,20.000946566830734
M4,20.012883497789655
M4,20.02748137358947
M3,20.25473414235861
M3,20.219524816702496
M3,20.315186304112128
M4,20.007207657391906
M4,20.03871758837597
M2,20.007358036198937
M1,20.00112975669542
M1,19.99819797904977
M1,19.96522477045643
M1,19.93110372776455
M1,19.989189826523145
M1,19.961393569497755
M4,20.002045083201665
M1,19.98165905930798
M3,20.269299454789007
M2,19.981724939368984
M1,19.982354959010696
M3,20.235333369373866
M4,20.031582484441184
M4,19.98729924749049
M4,19.956401382956813
M3,20.20247815793036
M3,20.306315940199028
M1,19.954939901460204
M4,19.987118920399556
M3,20.283709307401057
M2,19.996829128045835
M2,19.99118362417556
M3,20.21948008007853
M1,19.9170506618088
M4,19.966051628013805
M2,19.995379445776287
M1,19.99277892052961
M2,20.009653350635155
M4,20.04490827109971
M2,19.9766401239474
M3,20.20099295105901
M4,19.99919364764726
M1,19.99618939752756
M4,20.041789391699723
M2,19.981465420604557
M3,20.2234762098045
M1,19.98829630675511
M1,19.946963407762873
M4,19.95471310057327
M4,19.98060198304278
M4,20.026200401463417
M3,20.171848571989273
M2,20.004841363417228
M1,20.031500967528807
M2,19.992238561169344
M3,20.2215597605609
M2,19.999760684089132
M2,20.00703700229479
M1,19.939177160498804
M2,20.012875809268444
M1,19.97844948159803
M1,19.987191664384547
M1,19.9477103533796
M3,20.26081440378552
M2,19.96056883143924
M1,20.02805538673344
M3,20.253408492735772
M1,19.993393525935016
M1,19.99389663501977
M1,19.959421338207317
M2,19.999508195450993
M4,20.02107451132735
M1,19.979346613105303
M2,19.988535935729978
M1,20.045273161442253
M2,20.025998268608863
M3,20.19751683399728
M2,20.03020785457373
M3,20.229436620832647
M4,20.02309448328726
M4,19.98904336888397
M3,20.225510431756536
M3,20.24842474588695
M4,20.00512778691019
M4,20.007677128576724
M2,19.99591735852791
M1,19.96074596272955
M1,19.963495491070553
M4,19.97955125694738
M3,20.213621060876527
M2,19.9972405822146
M2,19.956221475715054
M2,20.029043823930248
M4,20.00821287204688
M3,20.194436781756405
M4,20.014569974582948
M2,19.98514074511614
M2,19.993506450727175
M1,20.000228957606488
M4,20.028448175414688
M3,20.23860051906112
M3,20.179440646363627
M2,19.98175359010639
M2,20.00893880347874
M4,20.036889844550057
M2,20.000659306147273
M3,20.246999147020883
M1,19.980920562526883
M2,20.01743457132466
M4,20.01763579503154
M1,20.064983252185453
M1,20.02068820642985
M4,19.967110197440952
M2,20.030146658370786
M2,20.055529858510976
M3,20.2426272655627
M1,19.972296111622008
M1,20.031342133941333
M1,19.99703086988968
M1,19.995162441899648
M1,19.99179378020035
M3,20.190137265935192
M2,20.011934051537462
M1,20.038615186840072
M1,19.978705746099607
M2,19.98610788268217
M4,20.045873917662767
M2,20.026844621359142
M1,20.012856899934096
M1,19.983966137750382
M2,20.03259483420291
M1,19.984614396100053
M4,19.951119148468493
M4,20.007640049710577
M2,20.05426297223779
M4,20.048155443262026
M2,19.989749077239996
M1,19.962803502032397
M4,20.063171153119193
M4,19.986308711507395
M2,19.950542330221776
M3,20.213505807048666
M1,20.00054552169503
M3,20.29782766067093
M3,20.225362456328316
M3,20.19000288184756
M3,20.225334634860765
M3,20.276796877392155
M3,20.20811358183519
M4,19.960397054893
M1,20.019055322000067
M2,19.99050605370102
M2,19.975973642354734
M3,20.204872436166905
M1,20.001670705045868
M2,20.00580483444181
M4,20.063571065094763
M1,20.041808775236277
M3,20.325104930264885
M3,20.23383467030403
M2,19.960488122361102
M1,19.955812593964705
M1,20.02470503495927
M2,20.058364025686636
M1,19.983912847836574
M1,19.963363455830653
M1,19.994947809667867
M1,20.017292012728056
M4,20.011333330874205
M3,20.256900477488703
M1,19.988940012479148
M3,20.237503104439092
M1,19.950918287686186
M2,20.026252765618704
M1,19.97587166924431
M1,19.98162959823617
M1,20.038152080352734
M2,20.05532699578295
M2,19.97688653594665
M2,19.980187079873645
M3,20.23093116522895
M3,20.20303449377717
M3,20.26225842533728
M3,20.26965231185653
M3,20.288650583828083
M2,19.97733887653186
M1,19.956849449362064
M2,20.052794829908407
M1,19.928208718932552
M4,20.004837731700793
M2,19.99451814957149
M4,20.012415616925196
M4,20.045792310411496
M2,19.98062462968864
M4,20.032158444384457
M2,19.959699820085454
M1,19.94985537192103
M1,19.981715101678468
M1,19.978609490815067
M4,20.015267966363975
M2,20.010876396574673
M2,20.013901509837964
M2,19.99818568210509
M2,20.00141422848483
M4,19.981376831465404
M4,20.060091801570252
M1,19.933219338090588
M3,20.22155546514292
M2,20.006405728927977
M1,19.99199852953169
M4,19.96272344837618
M1,19.92835214164926
M1,19.96492985249155
M1,19.967902312583092
M2,20.05553945681657
M3,20.254410279520975
M2,19.970236082946833
M1,19.94588314587588
M1,19.975544009512586
M4,20.01405097289895
M4,20.0287918770176
M4,20.03926114002773
M3,20.23141870359825
M3,20.209934950965845
M4,19.946930053678543
M3,20.211911391039276
M2,19.96931619729686
M2,20.06187679787673
M2,19.9819324226416
M1,20.00467892280319
M1,19.988144956561015
M3,20.17351469908132
M4,20.02422716580357
M1,19.94651173483232
M1,20.020699215361077
M1,19.915403583246672
M4,20.018099561368164
M2,20.045415451172108
M2,19.966963360637852
M1,20.036340289312825
M4,20.01239125672363
M2,20.011755399952456
M4,19.98210863503234
M3,20.24736391463113
M1,19.97115937970157
M4,19.99974211346724
M3,20.19608389853556
M3,20.223188326567097
M1,19.95608882436859
M4,19.977201898209337
M4,19.986707925780795
M2,20.056848141393186
M1,19.98087075663843
M4,19.990364447091935
M4,20.01098599067392
M3,20.18625762885571
M3,20.20185702390997
M1,19.985229168221895
M1,19.93690000669432
M4,20.021966107311744
M2,19.975980968279885
M2,20.025835331504073
M3,20.202200386428977
M1,20.026930560480487
M1,19.95864343456987
M1,19.988037843044655
M2,20.02148772356331
M2,20.08537709849083
M1,19.973002820176458
M2,20.037974589351347
M2,20.016992233001847
M3,20.22437465979374
M3,20.233551732404607
M4,19.976504255590697
M4,19.982924011705354
M2,19.95057556606151
M4,20.012532142663797
M3,20.171724881300847
M1,19.96244999166419
M2,20.03087076451127
M3,20.25571108537279
M4,19.975915850369073
M2,19.99624705330224
M1,20.02499847712441
M1,20.025019982933017
M1,19.971282592355767
M3,20.28178042717635
M3,20.257845746206975
M2,19.991885120231228
M3,20.25409559751168
M4,20.012470786234744
M4,19.974385165324733
M1,19.976911035285735
M3,20.26522668344257
M4,20.029196425579837
M4,20.13667312265048
M2,20.02973198381424
M2,19.97624753520884
M4,20.01931517839109
M1,19.98523908894213
M3,20.208052532804736
M1,20.016641289299574
M4,19.991363579938422
M1,20.042042098595697
M1,19.99692094210938
M2,19.909022806939586
M1,20.00297401557284
M2,19.94046640955293
M2,19.99082186900914
M2,20.077216595096196
M3,20.13315342683204
M3,20.290706274997437
M4,20.038511397180645
M2,20.02061632664396
M3,20.149882572173112
M3,20.244269820057823
M1,20.00120618927047
M3,20.24546216656508
M4,19.96542358456095
M2,20.073170674543075
M1,20.03522346630958
M2,19.94451643585659
M2,20.042286473902053
M3,20.2182579338322
M4,20.025103747247982
M3,20.19715403434155
M1,20.07102920723823
M2,19.98318285610645
M3,20.220902325687657
M2,20.00921997886928
M3,20.27412317315734
M3,20.161948227408597
M2,19.971493040181716
M3,20.22530358965039
M2,20.03986488786467
M1,19.954676785739924
M2,20.044494759355626
M2,20.00929491097227
M1,19.977984555197725
M4,20.047362834284115
M3,20.23283802753991
M1,20.043058129464505
M4,20.003888124402767
M4,20.035124757340768
M1,19.99333964435495
M1,20.00940321076407
M2,19.990265796263017
M3,20.191903325958712
M3,20.20948941399052
M2,19.956152647661504
M3,20.231393818099935
M1,20.0321352129762
M3,20.22075806077915
M4,20.06572422183706
M3,20.247962728376677
M2,20.0166317220402
M2,20.01409778509149
M4,20.018066723742947
M1,20.01431044843112
M2,20.007409069709805
M1,20.00252112565573
M4,20.033866761269685
M2,19.983976374902916
M4,20.030330051928164
M3,20.252223731026877
M3,20.175150601603555
M3,20.238650828564666
M1,19.972717391123492
M3,20.22323143929131
M3,20.273684847646987
M4,19.993645839525342
M3,20.15671404696514
M4,20.03349989388016
M4,20.025835205216275
M3,20.239448341227284
M2,20.03722722148119
M1,19.98569672763358
M2,20.03135741940892
M4,20.0115354372221
M1,19.96989425323959
M2,19.995801225691302
M3,20.2486816499009
M1,19.980628801962247
M4,20.109024395554016
M3,20.23811792552498
M1,19.99799497070785
M1,20.021314539959896
M3,20.190555343818787
M4,19.993774528303227
M4,20.044744603287807
M4,19.99845080476007
M1,20.015169934088913
M3,20.13366372959333
M1,19.966472652721674
M1,20.001075937060637
M3,20.236659921918665
M2,20.01107366976079
M3,20.227663789851423
M4,19.962554425654165
M1,19.963781480934355
M3,20.19796606989557
M4,20.02151351978753
M2,20.021504005258944
M3,20.238255449355293
M2,20.03158432093397
M4,20.033810502396875
M1,20.008382690759262
M4,19.994214889725814
M4,20.032672930615533
M4,19.94654250146566
M2,19.968333929932424
M3,20.24219920960593
M2,20.045530937760443
M2,19.98642630816691
M4,20.028889882222604
M3,20.25076455999737
M3,20.20974965157937
M1,19.958185846583973
M4,19.965819274813366
M3,20.221664582388488
M4,20.017901078684844
M1,20.010581310248053
M3,20.21846352557222
M3,20.20954374179998
M3,20.2399240444534
M1,20.005052231143665
M2,19.95741112020298
M2,20.059921244437827
M3,20.234714291609016
M1,19.935297216413968
M2,20.009480916908025
M3,20.19481490834307
M1,20.00325743543679
M4,19.96131268159432
M3,20.16671514947325
M1,19.976118421140526
M1,19.91442840473494
M4,20.0315569023952
M2,19.95597363206272
M4,20.00847037935276
M2,19.934399426132153
M2,20.0126155999818
M2,19.9306497885266
M3,20.192741876958
M1,19.99102523382103
M2,19.993449009708307
M2,20.004366725414883
M1,19.951484551226432
M2,19.978134422898272
M3,20.25604740559952
M3,20.255873754090196
M1,19.974910047045583
M4,20.01065912268481
M4,19.94778775878723
M3,20.182500371227395
M4,20.040638185833892
M2,20.03580009445915
M4,20.01240918211264
M3,20.2091437931626
M3,20.24923824306913
M1,19.959273218882892
M3,20.2951528004567
M4,20.02133128617282
M4,19.98669539637922
M2,20.017983870387763
M1,19.9869195115967
M3,20.21754452530112
M1,20.04102912389928
M1,20.002108028911906
M3,20.310772217004217
M4,20.008849367571056
M2,19.997163816028863
M2,20.006415616876108
M2,20.04377114652103
M2,19.990954542695327
M1,20.01165399872633
M3,20.23256979832912
M3,20.24697108137177
M2,20.026220913284835
M2,20.024723807664564
M4,20.04100900509889
M1,19.905245273856195
M1,19.97512245529179
M1,19.97082282539963
M4,20.000073081383498
M2,20.027731969278197
M1,19.95916262948993
M4,19.95549542150184
M1,19.904568582584748
M2,19.984503638222392
M1,19.96557812603903
M3,20.232359955985064
M3,20.247775889397673
M4,19.984485760095332
M2,20.02635928737132
M2,20.013355185602208
M4,19.982215312928936
M4,19.97114916669465
M1,19.952061654534077
M3,20.264176400990152
M4,19.992470892785192
M3,20.275303745320414
M3,20.192612741240687
M1,20.043088582269835
M1,19.99015230364564
M1,19.95431813203722
M1,20.01368766586793
M4,20.0316117721864
M3,20.181544149243763
M4,20.05630106764986
M2,20.047065108645853
M4,19.99030237128721
M1,19.95969558171466
M4,20.030749408229305
M1,20.00147671604661
M1,19.954868473011462
M1,19.997488134474665
M4,19.98181721806569
M2,20.013837994648537
M2,20.05133541284527
M2,20.024271701342283
M4,20.041367873918517
M2,19.97513576181093
M1,19.975133258483947
M2,19.994233954980377
M2,19.989046833118532
M3,20.226621157322672
M4,19.981817261162
M1,20.028404864987625
M4,20.05845612239976
M1,19.959295863415356
M3,20.289108939097915
M2,20.055756746814755
M2,19.995457487271203
M2,19.934414815002697
M2,20.079796929137913
M4,19.953825706952415
M4,19.95981393074306
M4,19.99539438361953
M2,19.988303985176007
M3,20.16375126910954
M2,19.915867712017583
M4,20.00977591994266
M3,20.17156152578377
M2,19.95277657637433
M2,20.055721868789263
M2,20.05387145854472
M3,20.24061263850933
M3,20.24520557199512
M2,20.01089024008347
M4,20.038593983858263
M4,20.06095353816188
M2,20.0035370259998
M4,19.9711947879909
M1,19.970180440589782
M4,19.965184897746216
M2,20.01313301448774
M3,20.2003547930178
M2,19.994502244811414
M2,19.953230035927156
M2,20.00106872244297
M3,20.24024475223018
M1,20.0229269626918
M4,20.01983871341447
M4,20.016259478440706
M3,20.218156298943693
M3,20.26087852502577
M3,20.22608196846566
M1,19.94943168892178
M3,20.25653291455268
M1,20.01520353550114
M3,20.204795039809447
M2,20.005526580676623
M3,20.167421423143775
M4,20.048037794755302
M1,19.991888474188283
M3,20.24142808115686
M2,19.98402216595984
M2,19.98279520697544
M3,20.221460580982768
M4,20.026560574506092
M1,19.980588453768657
M4,19.975262103457993
M4,20.04164828912911
M3,20.24899518256139
M3,20.147257743341456
M2,20.027683146184703
M1,20.063189313013385
M3,20.207004792963733
M4,20.006282137706947
M1,19.93861386352203
M3,20.200824034388035
M3,20.2330489330396
M4,19.994793133418177
M2,19.98703364272008
M2,20.01674055134936
M2,19.94457781824258
M4,19.934506435884916
M4,20.017048434230805
M2,19.971913897079816
M4,19.98688943350487
M3,20.272094517820907
M2,20.028152036461496
M1,19.981953237114876
M3,20.254400790903087
M3,20.26897916502951
M4,20.03922578912427
M3,20.250229439814547
M1,20.01336503194064
M3,20.177793697740785
M3,20.265394377830297
M2,19.947845967852295
M2,19.9804164060487
M4,20.06911848302801
M3,20.23173269402633
M3,20.22055843014738
M2,20.046365797615323
M2,20.01276867234768
M3,20.25891624377172
M4,19.985004693862734
M3,20.204979783217688
M3,20.209621960809443
M1,20.016920031164165
M4,20.00800031168977
M1,19.98563086711434
M4,20.04410807839273
M2,19.972571808015186
M4,19.99775306490932
M4,20.03608503944822
M4,19.974624553837355
M4,19.980210615842395
M3,20.253414723934014
M4,20.02642039887731
M1,19.984070293418775
M1,19.997307818251624
M3,20.151454987373626
M4,20.014445696616605
M4,20.011370863081133
M3,20.211462066113288
M3,20.201842329000467
M3,20.29649769870431
M4,20.00070969788963
M4,20.00035025418515
M1,19.981319606571567
M3,20.2350520976872
M2,20.05959413725525
M4,19.935761560574413
M3,20.219385603060395
M4,20.03346535424951
M2,20.01923294937954
M3,20.16079036837542
M1,20.001307013820274
M4,20.00718875156555
M1,19.95741848136304
M2,20.02313096773062
M4,20.056063931045937
M4,20.03152932518652
M2,20.018797688701255
M2,19.9921031446007
M1,19.96222714263436
M4,20.054383434641075
M1,19.969270840138694
M1,19.97997325536003
M2,20.00430506176587
M1,19.984653350432858
M1,20.012803672800217
M3,20.25745175894397
M3,20.22249676432325
M2,20.02226185402347
M4,20.022580750732978
M3,20.19025068923588
M1,20.08205025892465
M3,20.30615626411924
M3,20.22108955345193
M4,19.977253628940392
M1,20.006170199372203
M1,20.04149328104104
M2,20.020514206731093
M2,20.026062690819145
M4,20.07889176203979
M3,20.26753127954372
M3,20.17972504636959
M3,20.235305623656075
M4,20.018922112197465
M2,20.03338022088542
M1,19.98856881391374
M1,20.002803275411836
M2,20.014408120952105
M3,20.201684557844523
M2,20.05429078534771
M2,20.003985284313075
M2,19.97089719402795
M4,20.00167065083766
M4,19.990430959433795
M1,19.962904964369564
M1,20.01927499694657
M1,19.961692386285453
M4,20.044245247186627
M2,19.987078166403748
M4,19.99142488307739
M3,20.245133513329876
M3,20.18988802553548
M2,19.974286118530465
M2,19.9896214539818
M1,20.007787638703128
M3,20.26072428394174
M2,19.95661258060944
M2,19.986231817445695
M1,20.00529164418896
M4,20.026556781083684
M4,19.97945484346969
M2,20.0266747133324
M3,20.278471190480705
M4,20.047605642360832
M3,20.228334609636292
M3,20.19751938270206
M2,20.018758104049212
M3,20.226979076664595
M3,20.193843798666943
M3,20.27168665956695
M3,20.270837336658115
M3,20.263527434876323
M1,19.99583060097494
M4,20.00491731643906
M4,19.99048870968588
M1,19.937503443149808
M2,20.008878490822383
M4,20.04691072480608
M2,19.997602520791283
M4,20.083743012813446
M4,19.981693383913083
M4,20.014142882056124
M1,19.99882553626301
M2,20.030279425274575
M3,20.166024199821155
M4,20.03279646592589
M1,19.995128473525114
M2,20.048467187934055
M1,20.0268455523808
M4,20.00061004829576
M4,19.98533919505394
M1,20.002157657737214
M1,20.02284712846778
M2,19.973310905531527
M4,20.013503991257107
M2,19.9809955500685
M2,20.054289094216497
M2,20.01493914866127
M3,20.23626787411037
M2,20.013860809686737
M1,19.950467188290027
M4,19.992932121520436
M2,20.00648555569614
M2,19.99946728860141
M3,20.232826659205397
M3,20.186334049593267
M1,19.949632091582576
M1,20.01118448236854
M1,19.978083487963428
M4,19.951607246746978
M3,20.205276572316706
M4,19.986058378221152
M3,20.257839856925955
M2,20.09144045739857
M3,20.177731662974004
M3,20.251586226455984
M2,20.017467418446635
M4,19.971089320259324
M4,19.95841185256138
M4,19.991501422008035
M4,20.04975164715184
M2,20.063575851579785
M1,19.975834685675
M2,19.965819267030373
M3,20.149272632791497
M4,20.00909801309595
M2,19.973384250082493
M2,19.962866407322224
M2,19.99886981460094
M4,20.002470118272925
M1,20.005493929043823
M2,20.01522496695583
M1,19.899683323843657
M4,20.014853113149364
M2,19.954768636367017
M1,19.982627629115424
M2,20.006049746706072
M1,20.01834808496158
M2,19.996875842237987
M4,20.02630443034138
M3,20.18201917164917
M4,20.009539355059857
M3,20.21954713045831
M4,20.020406707601577
M2,19.9905709955169
M4,20.030935767033625
M1,19.99949718745757
M2,19.972140129964405
M3,20.18649536439575
M2,20.010268511241105
M2,20.070955239154458
M1,19.970610004925863
M1,20.002109313302892
M3,20.30245520236279
M4,19.979126865005956
M1,19.958069030108337
M2,20.05271665106531
M4,20.04102777390327
M4,19.988151328602324
M1,19.96494594515034
M3,20.245776705255363
M1,20.02009786815328
M1,19.907189015648243
M1,20.015348137009344
M3,20.24274231022441
M1,20.05936960333421
M2,20.03420338835391
M1,19.969740200280732
M2,20.045457516693805
M3,20.19590413713958
M2,20.0108845306122
M2,19.976708138968984
M3,20.197656529222723
M3,20.204362286164734
M1,20.068163319263405
M4,19.997935269419173
M4,20.02218579180521
M3,20.187576981813457
M3,20.207129849575548
M3,20.182042827670134
M2,19.98232138934593
M2,19.97735169456528
M2,19.98946067680088
M1,19.99062795204844
M4,20.017005761800995
M2,19.926787631990234
M2,19.97186052676164
M4,20.03678998548804
M3,20.212084642435656
M3,20.225285483203653
M1,19.968733124672028
M2,19.99037524248455
M3,20.17310703370153
M2,19.92618710805659
M1,19.97306167013349
M4,20.013080096686096
M2,20.022633661131906
M3,20.29440475371738
M2,20.0062819260824
M3,20.22620746868402
M4,20.01874884239667
M4,19.98628075022152
M1,19.951830003266657
M3,20.262174943352452
M4,19.958514239098182
M3,20.22377372893652
M1,19.972573140418515
M1,19.92926678533839
M1,19.964742297065833
M1,19.99576188138047
M4,20.04343427489919
M4,20.03565061006038
M3,20.248805814008648
M3,20.119360033535543
M4,20.02175516570392
M2,20.020600020522757
M2,20.00947727557764
M3,20.256136265976703
M2,20.0002496392952
M1,19.97884527771564
M3,20.141460749780165
M4,20.018345999924783
M1,19.99580329300668
M1,19.97609935149488
M2,20.04264459308109
M4,20.039967063329573
M3,20.195016570074852
M3,20.24698279072676
M3,20.231930144017213
M2,20.023647611528418
M3,20.26591869713148
M1,20.06731604664087
M1,19.99250989527012
M4,19.963227498374103
M3,20.125253443393245
M1,20.006183836716993
M2,20.04569082671366
M1,19.98563001977511
M3,20.20930966026754
M4,19.997366729878472
M2,20.04196809625991
M2,19.99425247649524
M1,20.004626587175075
M2,19.982036095960453
M2,20.031781561089037
M1,19.989934768540493
M2,19.97365920555839
M4,20.02040453458092
M4,19.9306198615008
M2,19.99176174061494
M4,20.02798284152335
M1,19.98425532542231
M4,20.00951868744087
M2,20.03117741767769
M3,20.19283013227096
M1,19.964622439668137
M4,19.999750436010277
M2,20.000660061993
M4,20.05411792345161
M1,19.94769104476332
M3,20.192564110751043
M1,19.991574938301618
M4,19.992680534441448
M2,19.993957042599103
M3,20.22637376289368
M4,20.00250716326396
M3,20.280040265773497
M1,19.95843601586965
M1,20.025716746445624
M1,20.02076213485398
M4,20.0283062234266
M4,20.05856089298032
M2,19.96084484960207
M4,20.02633747861909
M1,20.06441360300436
M3,20.227461925917563
M2,19.91260787468232
M1,19.919558149438785
M2,19.947008790078556
M2,20.008909981378636
M2,19.988695155631724
M1,19.936337054434
M2,20.06886507235872
M1,20.00680590089267
M4,19.952241809761617
M2,19.991773866958045
M1,19.975443748355
M3,20.276075390135947
M4,20.062959436417575
M2,20.038469308723432
M4,19.974165943654626
M3,20.224831715971863
M3,20.226549109669513
M2,20.05353582996817
M1,20.004204609202972
M2,20.01983149378438
M4,20.00463741732625
M4,20.003101740090823
M4,20.024245847116692
M4,19.956697112345186
M2,19.965649043094675
M2,19.952043492067386
M4,20.082173569977137
M3,20.184806780012224
M2,20.039407599281528
M2,20.015139096898352
M4,19.997054322487863
M1,19.978210124542297
M1,19.972712013424623
M3,20.17443821889217
M1,19.994058689492537
M1,20.05249819526833
M4,20.028706492954083
M2,20.015360320595267
M3,20.234402499225588
M2,19.98609017342794
M1,19.97194157813645
M1,19.977044604941796
M4,20.045935164695777
M1,20.006717312013308
M3,20.240746792463018
M2,19.932556943786135
M2,19.967658040647223
M4,19.975201189609933
M3,20.24721716106172
M3,20.12589604546823
M2,20.022360397927667
M2,20.053937206580045
M3,20.281148507803476
M1,19.975953237366497
M1,20.02871287262044
M3,20.264986580162994
M3,20.246701531069167
M1,19.92592199001307
M4,20.002481204981276
M3,20.26017032744722
M1,19.98446715808383
M4,20.016544247555792
M4,19.987060810648565
M2,20.051353154464262
M2,19.991605375923847
M2,19.98865123500976
M3,20.22700800643616
M1,20.012141513990095
M2,20.047012405094993
M1,20.030115252694213
M1,20.00931648395761
M2,19.958203328713495
M3,20.29592660106033
M4,20.061200319645668
M1,19.91809833753776
M1,19.99770518931794
M2,19.98687160920638
M3,20.2227384933915
M4,20.006101716642625
M3,20.242236972355805
M3,20.219108172891065
M1,19.943113211211426
M1,20.002471587900256
M1,19.983178488980183
M3,20.280058026791615
M2,20.057058386539225
M1,20.011362948132884
M3,20.225861869606927
M4,19.994625256449737
M2,19.99964831757795
M4,20.04922270751084
M3,20.28747209495075
M3,20.250219815741985
M4,20.045249617519428
M1,19.981040991121027
M4,19.99906055285426
M4,20.07884300367348
M4,20.064928528742065
M3,20.24311371916833
M4,19.959068468493943
M4,20.0099550067357
M4,19.99117471065866
M4,20.04938211638251
M4,19.990210176477035
M2,20.025361445004187
M3,20.268529705977738
M2,20.03223169953774
M4,20.030751506983517
M4,19.965884544679515
M4,20.01965590015641
M3,20.228661161469372
M2,20.018444164915273
M1,19.92872065588369
M3,20.238353305744575
M3,20.23505987451884
M3,20.163420177953142
M3,20.13093930044585
M4,19.985867042788676
M1,19.991880858698263
M2,20.002091810972455
M3,20.202451955240974
M4,20.01704214303321
M4,19.9938793269702
M4,20.02546432630712
M4,20.03697934030206
M4,20.047467037797045
M3,20.23543607473935
M1,20.052657675558297
M3,20.243496333943757
M3,20.151473581953287
M1,20.003253697896746
M4,19.96742832315952
M3,20.19181436502781
M4,19.99654645109612
M1,20.02570134363166
M4,20.0245754488904
M2,19.994225147704373
M3,20.228361932946072
M3,20.221147953280205
M3,20.189255558196965
M4,20.00823024580356
M1,20.002329691061004
M3,20.26898457448172
M4,20.038139919444635
M1,20.060731705977197
M2,20.017103540120225
M2,20.021236290564076
M3,20.21313901603742
M4,19.98277917662853
M4,20.03627314822162
M4,20.01906750943418
M2,19.973272105683954
M3,20.274128056982633
M1,20.03072040051335
M2,19.94654072791795
M1,19.936248028374536
M1,19.998612995244127
M4,20.008772597720977
M4,20.025533337079672
M3,20.159762834654487
M1,20.02872205661779
M1,19.964118812749874
M1,19.977387233745524
M3,20.23445722963718
M1,19.950555088841583
M2,19.97488764955435
M4,20.05139006051307
M4,19.940561867784343
M4,20.005781775120543
M2,19.94200555265971
M3,20.199841978661155
M1,19.988208558236185
M4,19.982984189879495
M1,19.97519142653091
M3,20.20567632106778
M3,20.18094641968228
M4,20.0222904101265
M2,19.998637168460434
M1,19.96397888765835
M4,19.98639327178023
M3,20.18560963969558
M2,20.034912258973534
M2,19.987307039809004
M2,19.95631954835062
M2,20.065851728829134
M2,20.056744618723904
M2,20.05940211462532
M2,19.99388798246701
M1,20.040280148895572
M4,19.992627118636214
M1,19.963405687644173
M1,20.01561477591133
M1,19.90570964751735
M4,19.99539164209484
M2,20.03596687825705
M2,20.05842195857478
M2,19.964352920191917
M1,20.010105879824668
M2,20.01792492047438
M1,20.000683798700543
M4,20.024922600586873
M1,19.92161385723041
M2,20.057210607140835
M4,20.033249094853307
M4,20.020348917006267
M3,20.20934247887158
M1,19.994715003774015
M2,19.97650312902327
M1,19.978198883769196
M3,20.24978658041239
M2,19.94457930068512
M3,20.25681378145387
M3,20.246371797025315
M4,20.006974842665215
M2,19.951967640387053
M4,20.063217439037675
M2,19.977011432905886
M3,20.28249602052377
M3,20.211715187082433
M4,19.98824541851568
M2,19.98430660392211
M4,20.039551551092124
M2,20.015343805142948
M2,20.02396711500728
M2,19.967617229775797
M3,20.230399425562243
M3,20.18885869542936
M1,19.96306026573795
M4,20.04134294924273
M4,20.09738977065694
M1,19.97537407342138
M4,20.019853530650956
M3,20.28334902695183
M1,20.001966872699604
M2,19.992852976575502
M4,20.012946695537305
M2,20.006601352712337
M4,19.951318294986
M2,20.00997326507909
M1,20.01119549872776
M2,19.990827870010857
M3,20.225258438121163
M3,20.15488874559921
M4,20.034530595900637
M1,19.965457535369627
M4,19.995974059347738
M3,20.190178588662235
M1,20.02725607047877
M4,20.043303776734195
M2,19.987233801046816
M3,20.224543321422463
M3,20.246363029528073
M1,19.97044895090684
M1,19.955631854130488
M3,20.251949283345105
M2,20.041786586342983
M1,19.962083022250535
M1,19.96659575408611
M4,20.03632031133791
M1,20.00292412039679
M1,19.998490688047493
M3,20.2020848181317
M1,19.988985266770825
M3,20.184302377253495
M3,20.25150670504351
M3,20.199063381105947
M2,20.001124321425568
M4,20.04408484891424
M3,20.242671764120345
M2,20.015745015713396
M1,19.95130529599906
M2,19.97950379421086
M1,20.02368264114735
M1,19.930112994552303
M2,20.06403334137655
M1,20.0387564488428
M1,20.01378786923308
M2,20.03836433367913
M3,20.18190488799816
M1,19.994769914283896
M2,19.980279223351612
M1,19.979360436150095
M1,19.95774656098035
M1,19.964184883301595
M2,19.92210941416123
M3,20.237908964617237
M4,20.042758516015116
M3,20.286362353231212
M3,20.24738896673556
M4,20.05034683983922
M2,20.007538290545853
M4,19.97641220211298
M4,19.977686165498863
M3,20.215024676267777
M4,19.986184713150692
M1,20.00854458338288
M4,19.989360856190583
M3,20.219037911286502
M1,20.008485726940627
M1,19.960971360035987
M3,20.230418558537135
M2,19.94705176955133
M2,19.988334821493662
M2,20.02017594099924
M4,19.942345153200375
M2,20.0007692462826
M1,20.00754249024227
M2,19.97447120161116
M1,19.974540560547833
M3,20.295404486694995
M4,19.98071075402655
M4,20.00736649711398
M3,20.19063846102625
M4,20.004616155835276
M2,20.020285532609737
M3,20.139654731268195
M1,19.976202205827025
M3,20.14634135941757
M3,20.255896267259576
M1,19.96158163816936
M3,20.19283420261481
M3,20.173997031802852
M2,20.025034681839017
M3,20.22066131680834
M2,19.993079674113904
M2,20.029627597045963
M1,19.903734230726528
M2,19.968091210251487
M4,19.986455707995617
M4,19.93876255160822
M3,20.22458114470759
M3,20.22885767661788
M3,20.169767114254665
M2,20.04626914465213
M2,20.04469304424953
M3,20.22162443486056
M4,19.976324655001985
M2,20.051034689678666
M3,20.24770395211723
M2,19.920259951372405
M2,19.946307490647595
M2,19.979862171023655
M1,19.998190513023467
M2,20.04354824557193
M3,20.172280528450234
M3,20.273131502906494
M4,19.96955098564648
M1,20.013624809617756
M4,20.0012570562596
M4,20.048679727276703
M2,20.020064523145464
M2,20.01955068939497
M2,20.029420671624145
M3,20.249419913290325
M4,19.994644467549016
M3,20.250437317035832
M3,20.28306818740951
M3,20.25284216169354
M1,20.017538513914985
M3,20.2547233994095
M1,19.988929234687532
M4,20.04399640077419
M4,20.052322451970223
M3,20.146578227567954
M2,20.01133845495032
M3,20.21611511665413
M3,20.25060179699576
M3,20.168648274200997
M3,20.20466829329458
M1,20.04431294400356
M1,20.01904674694567
M2,20.005916524092548
M3,20.248396037016487
M2,20.03703325896649
M3,20.284643343526053
M2,20.00819399644678
M4,20.02093790748721
M2,20.02977268228451
M4,20.024490547119505
M2,19.950401314686253
M2,20.08129395868548
M3,20.20600651559674
M2,20.023130691482624
M1,19.99874497514029
M2,19.985968507844767
M4,20.032648212017097
M1,20.004948037797387
M2,19.966333661330903
M3,20.270614081308302
M3,20.25010173941506
M2,20.002780441177823
M1,19.9958144743032
M1,20.008432760661176
M2,19.984870510478693
M4,20.04647490528412
M1,20.00410702625063
M4,20.037662655811445
M3,20.21155433120814
M1,19.995161935302367
M2,20.04427442611507
M1,19.995217125635737
M4,20.01246775306456
M3,20.25490840502251
M2,19.969750008726933
M2,19.96033315748172
M3,20.21389716433737
M1,19.96096230942197
M2,19.92611610813517
M1,19.99982257727857
M3,20.22294940253991
M3,20.20868540741903
M2,19.93834313583856
M1,19.996355918690828
M2,20.034932358123253
M4,20.014223891195577
M1,19.999614713290217
M1,20.024166905961188
M1,19.93784191473653
M4,19.993950254107673
M1,20.00583033630379
M3,20.203419218067506
M4,20.08102215982953
M3,20.203805809990573
M2,20.045264674324383
M1,19.971158813286173
M1,20.00096425168977
M1,19.93940720500244
M4,20.029512727077147
M1,19.98500505752388
M1,19.977191942285483
M4,19.99915342219672
M2,20.069347948452172
M2,20.03080285786382
M3,20.205477304261795
M3,20.170261371893258
M4,19.973368728295245
M2,19.960115535137497
M3,20.247937657841444
M4,20.03652147886065
M2,20.049603228314293
M2,20.00969141216168
M4,19.99893817705318
M1,19.930500671874448
M1,19.98413783369269
M3,20.175460025754944
M4,19.999520931245826
M1,20.00656817215733
M4,19.99342993197658
M4,20.00768833506785
M4,19.988841409345593
M2,19.982385981257387
M2,20.001479749514917
M3,20.304959038463668
M1,20.000861521326783
M4,19.95951882329677
M3,20.234327012384643
M2,20.021375455197393
M3,20.243117184943
M3,20.32030553517611
M3,20.162941377332505
M4,20.047750953823577
M4,19.976757845889782
M4,20.046182913685335
M3,20.238127210472843
M3,20.186169114805107
M2,20.05127119656951
M1,20.01435654683521
M2,19.99527050699497
M4,19.986500682904644
M1,19.93289844971236
M3,20.169630717145825
M1,19.986305690115913
M2,20.01783315385141
M1,20.00688719398973
M3,20.230813431498085
M4,20.02228406693019
M4,20.07234642294797
M3,20.250240825880525
M1,19.93992518849524
M3,20.21169646796357
M1,19.991720809891888
M2,20.058823126157968
M3,20.250638081955326
M3,20.163308209999453
M1,19.963968304326137
M4,19.966910757701907
M2,20.023999391561023
M4,20.015596195195673
M3,20.236840604691455
M3,20.25597184812337
M3,20.238134996130892
M4,20.022743326480665
M1,19.940889252685015
M3,20.24741521319264
M1,20.026620745336505
M2,20.024850774873517
M4,20.018372891776032
M4,19.98603871630082
M2,20.018835282185552
M2,20.041181138836805
M3,20.221333384649256
M2,19.93587204639836
M1,20.01913999328784
M2,20.012139918660154
M2,20.031517176746103
M3,20.199889878816972
M4,19.99966276362362
M3,20.26494142730484
M2,19.960402462823577
M3,20.19911017101844
M4,19.99802891351934
M2,20.02551165205212
M2,19.953828390103425
M1,19.986363847366693
M4,20.032663679186044
M4,20.01687728079753
M1,20.003570962655154
M2,19.99127776710725
M2,20.068508899998783
M4,20.02923327958959
M1,19.948496462362755
M1,20.00062187055451
M2,20.012765696426253
M3,20.249465667106136
M1,19.98933619912627
M3,20.179330764584225
M3,20.20208156633546
M4,20.018531564374832
M1,20.00062590315782
M1,20.025354872502405
M1,20.008845191318596
M4,20.04122007253824
M3,20.14879796701089
M3,20.23264770675986
M4,20.021385193575664
M3,20.15335932115112
M1,20.06599047227547
M3,20.226515314444775
M3,20.240690980262993
M1,19.964761492610517
M3,20.219970059359316
M2,20.03478368755427
M1,20.03360658119821
M2,20.024807083649716
M2,20.008631457993403
M2,19.963593053390444
M2,19.974678028855408
M3,20.19167142828765
M2,19.995433860383184
M2,20.016682098730904
M4,20.040546489319553
M1,20.000380147689707
M2,20.02690472253554
M1,19.96862992835355
M4,19.98156077819771
M1,20.025119060835006
M4,19.96451758218753
M1,19.966661848362655
M2,20.007499968082517
M3,20.2399139555459
M4,19.960411844756553
M1,19.976539950449652
M1,19.97849200040323
M4,19.973619128730327
M2,20.017990918521814
M1,20.009928708111108
M3,20.20780153024774
M1,20.022274483769955
M4,19.99877889017404
M4,20.031854159668367
M4,19.976336304002675
M2,19.982593048200364
M1,20.05552867062721
M2,20.04300291145763
M2,20.03279907656113
M4,20.00656578590987
M3,20.190033477570324
M4,20.01862976814899
M4,20.0156369393873
M3,20.20736468069855
M1,19.977412795936637
M1,20.010963459357363
M1,19.987943331222045
M3,20.181454383312627
M1,19.969670188051932
M4,19.99995261519635
M1,19.967276701312866
M4,20.019901505123233
M3,20.27262400719288
M1,20.001354665053277
M1,19.992210437055025
M2,20.00253849773184
M2,19.95523514968365
M2,20.012917295856735
M3,20.26360185116076
M1,20.025643536737103
M1,19.98185185166189
M3,20.1532902817326
M4,20.057392324514954
M2,19.986631363167792
M4,20.064246319220164
M2,20.004999716379757
M2,19.933311066472267
M1,20.030474071901825
M2,20.006952530089787
M2,20.041972825054273
M3,20.173158829208113
M1,20.015906725143495
M1,20.042427524085628
M2,19.987658831948515
M1,19.99095179516375
M1,19.978209229167977
M3,20.202024688809068
M4,20.032574001498375
M3,20.207110606033215
M1,19.974447174257595
M4,20.027283604845497
M3,20.222818510547057
M3,20.23672944606864
M1,19.951274656976885
M3,20.222651768423415
M1,19.97200591833859
M3,20.2235358618054
M1,20.003634988366812
M4,19.92379035861096
M1,19.9632895738751
M3,20.189923400646528
M1,19.93546828744585
M3,20.232749259173584
M2,19.97993527747054
M4,20.004700765816818
M3,20.219599848614585
M2,19.99683409132303
M1,20.029702326503305
M3,20.22448045940836
M2,20.030836092251135
M1,20.033689027654283
M3,20.246158602248645
M1,20.02464268163344
M1,20.012133696862534
M1,19.917137188508978
M2,20.00153424221189
M1,19.973651153341503
M1,19.96450739887184
M2,20.006206361644622
M1,19.94827337756969
M1,19.9437099085296
M2,19.99141722140961
M1,19.961198378418302
M4,19.969694417367904
M2,20.038959453382372
M4,20.038984004358316
M4,20.0096635645592
M4,20.0125048703588
M3,20.274826256042676
M2,20.028383828169176
M3,20.254643349995646
M1,19.98241755021804
M4,19.983853169825643
M2,20.07184225984683
M1,20.122216609181176
M1,19.99405496936443
M1,20.023982786337125
M1,19.972329841443734
M3,20.24071902907456
M1,19.971311069058345
M4,20.00535367457453
M2,19.977834798145565
M3,20.25068100831905
M2,20.032540004136223
M1,19.978092706434595
M1,19.937559818016354
M3,20.29361065866366
M3,20.22118323996508
M2,19.96234455662142
M2,19.998609973682505
M4,20.01578440629568
M4,20.03139275286166
M2,19.974166160420303
M1,19.99611358846025
M2,20.000081083734404
M3,20.204446368427757
M3,20.213478175765104
M1,19.97602167557879
M1,19.975611137507943
M2,20.009598873756104
M4,20.057083193951023
M1,19.97220981633224
M2,20.054885592568453
M1,19.97416478909044
M1,20.002043010851967
M3,20.258054675342613
M2,20.064694197388917
M2,20.00803303014065
M4,20.021825915349336
M1,19.87642921400244
M1,20.011655861147183
M4,19.990510618049893
M3,20.13205729327708
M1,19.984301724297612
M2,19.967740764475963
M3,20.281145273745327
M2,19.992649002465612
M3,20.189453274816003
M3,20.202313223888595
M2,20.00641032021929
M4,20.025218273740407
M2,19.97507824772425
M4,19.982990030260673
M1,20.01101065444544
M2,20.015854799312784
M3,20.247669000039195
M4,20.059828868332183
M1,20.012498053412457
M4,20.04750095702525
M1,19.958404716812247
M2,19.985599661560975
M2,20.04540227121493
M2,20.017978601360763
M4,20.035836849528643
M3,20.18396543584656
M4,20.06354213323169
M2,20.005598769177876
M4,20.034557633850547
M2,19.97413126801686
M3,20.24881559896421
M3,20.22787414450376
M3,20.177461280808085
M3,20.259671032824127
M2,20.005373850575975
M3,20.248059161062624
M4,20.049907674690953
M2,19.991396960894
M3,20.225361473575852
M1,19.985202066084508
M2,19.96921551202467
M4,20.03315425303277
M3,20.19968638075364
M1,20.062679966560165
M3,20.252636265493628
M4,20.00483293447273
M1,19.959383434348403
M1,20.00127723390725
M2,20.05919998597756
M3,20.18763074944596
M2,19.976684177677477
M4,19.98422312418834
M4,20.031691403683205
M3,20.204993626860148
M2,20.00801913149496
M1,19.991041848875305
M4,19.99487476863248
M4,20.028546924831176
M2,20.01554337504476
M3,20.238995039841548
M4,20.061503620420215
M3,20.239079491789507
M1,20.024653381631545
M3,20.21782390555332
M4,20.046425212295365
M4,19.977485011630744
M2,20.01590482830571
M3,20.236000528640332
M2,19.97314385532388
M3,20.25555133094696
M1,19.985955787241615
M2,19.949654534076178
M2,19.999136933346687
M2,19.95421133852031
M2,19.98933306186486
M1,19.98086141919995
M3,20.096567548854186
M2,20.04200383077292
M4,20.017108127690303
M1,20.003312951528635
M3,20.24005067246447
M1,19.96103562640341
M3,20.235880911750584
M2,20.047586580675432
M2,20.03017473379551
M3,20.200793427718352
M4,20.03304689347757
M2,19.97513022382422
M4,20.009346657732515
M1,19.950292913688255
M2,19.894256965675805
M2,19.996309926495915
M4,19.987059782370515
M1,19.96933375026994
M2,20.043244094614284
M2,20.000081077010016
M4,20.016628062765232
M2,20.020761111552012
M4,20.000164937440065
M3,20.174061538124224
M3,20.16782236083094
M4,20.021076927807258
M1,20.038825899193903
M2,20.045067022928805
M3,20.229197913144972
M1,20.01795559262924
M1,19.970880390396516
M1,20.01361521767097
M4,19.963545409045903
M3,20.251880209195622
M2,19.984362511172097
M3,20.204330533291692
M3,20.22368625565943
M4,20.0009483101172
M4,20.00711898396423
M4,19.99984529884583
M1,20.01969723307747
M4,20.03766831537696
M2,19.99028121668936
M2,20.003772323308443
M3,20.28137210398724
M3,20.227870088970043
M2,20.031307256488113
M4,20.017219629665455
M1,19.98989620087956
M1,20.018370542346194
M1,19.997303141250185
M4,20.02507254032604
M2,19.917199624170863
M2,20.041402709684732
M3,20.18816126075678
M2,20.015365934810987
M3,20.163944243651276
M1,19.99621200388525
M1,19.96063076392063
M4,19.945943333127836
M2,19.990758228211973
M1,20.031585622545364
M2,20.013486842505767
M2,20.06753592725932
M2,19.931504322977993
M2,20.051315499536816
M3,20.289328087961092
M1,19.96154845120207
M2,20.010581893581342
M2,20.027707587904615
M3,20.223761532976575
M4,20.054035608072592
M4,20.02519232772957
M2,19.98428865882201
M3,20.238497446618975
M1,20.104401544424388
M3,20.26972045808798
M1,20.03802259175477
M1,19.986962490044153
M3,20.250245372421663
M1,20.00463242142566
M2,19.99568809738822
M1,19.977786665243
M3,20.252315313431595
M4,20.056991919775253
M3,20.235357095359426
M4,20.000532069045104
M2,19.976699064958957
M1,19.964430670778462
M1,20.040724683242892
M1,20.025017650794428
M1,19.98409889640283
M2,19.98755591057893
M1,19.989121679063658
M3,20.211265177864448
M1,20.02233082162654
M3,20.19041379714887
M2,19.926504649680236
M3,20.19148461873104
M3,20.238434145434848
M4,20.04970253731685
M2,20.028286322216545
M2,19.962181047475493
M3,20.25482507469211
M3,20.270593466078896
M2,20.006333968658787
M3,20.227924818939545
M2,20.0084361947241
M2,20.034381734439577
M2,20.00681902850387
M4,20.017267388487237
M3,20.204970303934047
M1,19.956863521316112
M4,19.978733175032545
M3,20.21141482845932
M1,19.938800580825433
M3,20.219706534449568
M3,20.2136652755107
M4,20.019935131857014
M2,19.93379810857572
M3,20.144509131668784
M2,19.985135180599137
M2,20.022606513401552
M3,20.229948379021852
M4,19.977781261815288
M4,19.998533433985767
M4,19.999980613411747
M3,20.285407692761968
M3,20.26732716750136
M2,20.039810083782054
M4,20.058709792472783
M2,20.0179809581353
M2,19.99854429950069
M4,19.99751066677073
M3,20.1958705186576
M2,20.04287217614502
M4,19.961050742367576
M4,20.020580101292417
M2,19.99069195631985
M3,20.207511182684687
M2,19.98436982503963
M3,20.26164696016814
M4,20.02405622913997
M3,20.177276353897778
M4,20.051498551445043
M3,20.271292473340072
M4,20.04116647870207
M2,20.021049482081093
M2,19.997513588878817
M2,19.991842671321024
M4,19.9944066019512
M3,20.212993748202617
M1,19.958197125429223
M1,19.961414505139903
M3,20.22602902379771
M4,20.05147937220452
M2,20.056787542373403
M3,20.2105219061402
M4,20.062354445455696
M3,20.25248437479108
M4,20.006844864428626
M3,20.256906467686875
M3,20.212081683418468
M4,19.957414109752044
M3,20.23490997115928
M1,19.988225310696567
M2,19.992363430151585
M1,20.02928892360116
M3,20.191101849008707
M1,19.992249230146022
M3,20.18114700983125
M2,20.076965834021323
M1,20.072722623258468
M1,19.98997773456781
M3,20.240326399875848
M1,20.02883148105527
M4,19.978603410077255
M4,20.03513216592256
M3,20.22724005298721
M1,20.01411039392168
M4,19.993465946819025
M3,20.16169129160097
M2,19.989781713743167
M1,19.92748864992734
M3,20.21174965582928
M4,19.97730914222552
M1,19.995701568338394
M1,19.989488842871328
M2,19.938074087013973
M3,20.195604901192414
M2,20.03901148959691
M2,19.99933480695308
M2,19.99945370215607
M1,19.97464530510228
M1,20.00454235096306
M1,19.99936392845543
M3,20.1981691203632
M4,19.980515126008992
M2,20.035346707628083
M1,19.964890122462695
M2,19.96593124849784
M4,19.9623346537736
M1,19.97971756127298
M2,20.03546653618371
M3,20.24446324883216
M2,20.00612650375692
M2,19.96411038113311
M2,20.033654268458633
M2,20.04439442445921
M3,20.24652281568753
M3,20.19636181141655
M1,20.018506830481726
M1,20.012474319815368
M2,19.938201842410713
M4,20.047493350997676
M1,20.00030468046646
M1,20.041108542563673
M3,20.20091761129527
M2,19.99848887440262
M1,20.083147196497247
M1,19.964901879660225
M3,20.245337469610636
M3,20.217300903329445
M3,20.215991864363087
M2,20.017525117574085
M3,20.230234182178904
M4,19.99328692692508
M2,20.001088968783677
M2,19.990449003176497
M1,20.02240109891695
M3,20.21330260404668
M1,19.990600610891892
M1,19.93165700755476
M3,20.231039630437323
M1,19.967047890932093
M4,19.9992218288044
M2,19.97375961184369
M2,19.99417341561677
M3,20.212885423030844
M3,20.26937201622639
M2,20.06203015194239
M4,19.987159022612826
M4,20.070077399571915
M1,19.98406152228698
M3,20.29071498355491
M2,19.944935650315102
M4,20.03375416525795
M2,20.04442813317532
M2,20.006663433783427
M3,20.177653650912568
M4,19.98964151826014
M1,20.030661753121105
M3,20.24114673125871
M2,20.001608849460748
M3,20.212711983193596
M3,20.22129815799712
M4,20.012311017823983
M4,19.96569298303838
M3,20.165899774196863
M3,20.19010578455915
M4,20.010733308222203
M1,19.970174894462847
M3,20.241122878310055
M4,20.038159231768297
M1,20.01613790872035
M4,19.94614683170011
M3,20.200353582214746
M2,20.025734841486297
M2,20.00177481163772
M2,19.967868623842183
M4,20.00782213665254
M4,19.97319776995137
M4,19.99742247065818
M3,20.201842956653095
M1,20.00051093316115
M4,19.994905268949875
M1,20.010114023941835
M1,19.922310094732072
M1,19.993803753732703
M4,20.01263745944503
M2,20.038243618182328
M1,19.986438482661804
M1,19.972927823477825
M2,20.000262615594536
M3,20.239007510676537
M4,20.02933751884538
M3,20.15209273140239
M3,20.27343121444385
M4,20.005362887615657
M4,20.030273219245508
M2,19.9994609522357
M4,20.027575361494613
M3,20.25535798830693
M4,20.067541830556394
M1,19.939818038937283
M1,19.988669021617515
M4,20.002415010291333
M3,20.240545055199775
M1,19.98716180664176
M4,20.04090666351767
M1,20.013002037192095
M3,20.24925217008386
M1,20.005377691545597
M1,19.978808186798943
M4,19.967529061529657
M4,19.95591581141551
M1,19.954545530691775
M1,19.96804415989434
M3,20.21021082708913
M1,19.969404927055876
M3,20.197740191620937
M4,20.008439590858764
M4,19.94637707693161
M1,19.984661015372435
M1,19.98248824726759
M3,20.139943848687818
M1,19.993992503793013
M3,20.20299385569436
M2,20.016410184670058
M3,20.189923289851414
M1,20.040984161759056
M4,19.96896110092815
M3,20.19320918083456
M1,20.030153107680466
M2,19.99986232637529
M1,19.939648852053697
M2,19.968666122076325
M2,19.9145559345602
M1,20.009181120344525
M3,20.295008491052656
M3,20.18429356529065
M1,19.968670710192978
M1,19.99156208447868
M1,19.97158142986404
M3,20.183823198445353
M2,20.071181880228753
M1,19.975930186051475
M1,19.948729774005507
M4,20.074277721726705
M2,19.995023330078237
M3,20.217655214540397
M2,19.9934474223304
M1,20.005521446374686
M2,19.92885243810154
M1,19.984079193204927
M3,20.202637131572963
M2,19.995905330774608
M2,19.99901171593852
M1,19.99987596913142
M4,19.98952564936048
M1,20.0098786722372
M3,20.182264880471195
M4,20.026612328998596
M3,20.238952262564727
M3,20.22970242320111
M4,20.01830578164649
M1,20.001443730311895
M4,20.03400605570407
M3,20.26316364962986
M2,19.957978988157812
M2,20.024440724556776
M3,20.27405928775309
M4,20.00418673188688
M3,20.16560157113876
M1,19.959306752813784
M2,20.070450960570582
M3,20.22565269292874
M2,19.9167430493762
M4,20.024185088780985
M3,20.2400155717671
M1,20.0238788601562
M3,20.1948931971519
M1,20.03060055545732
M2,19.987895598285785
M2,20.027896834391186
M4,19.981959988869413
M4,20.080833309311643
M2,20.021276056685824
M3,20.229567770481584
M3,20.214961070033127
M3,20.23001625625489
M3,20.200262666681727
M4,20.003350139465432
M4,20.030988146426186
M4,20.04095199818899
M1,20.00127510065639
M2,19.992032924539668
M2,19.98602885744197
M3,20.30167883092247
M3,20.240032678834503
M3,20.175385572634035
M2,20.00083401586069
M2,20.0220471298185
M2,20.01188439910876
M4,20.018190500738875
M2,20.02135418759441
M1,19.943559552196355
M4,20.017067143640723
M1,20.06860959631377
M3,20.180725699098428
M4,20.06268152272523
M2,19.943034469124367
M2,19.975262664444134
M2,19.99375190985101
M1,20.001906393553252
M1,20.00371844810032
M1,19.982912974938703
M2,19.896218280672155
M3,20.243280015767994
M1,19.92223995185109
M4,20.03022343135911
M3,20.203067049535363
M1,20.04239230025288
M4,20.00813312350938
M1,19.999976852514717
M3,20.181941638498433
M2,20.01864481900073
M3,20.253682623672105
M4,19.98340279632716
M4,19.967340760634997
M2,19.989099128473427
M3,20.254193277265877
M4,19.979442104283404
M3,20.183283375585127
M4,19.99545106482334
M2,20.0423690426404
M2,19.93976186514684
M3,20.153312777990227
M4,20.001847159698627
M4,20.017074618746523
M3,20.19953611576048
M3,20.23626404785536
M3,20.255789041730893
M2,19.9700730373198
M2,19.980411147894497
M2,19.960990809113255
M4,20.00322991866439
M3,20.25340903043584
M4,20.039052966615145
M1,19.95243942649792
M4,20.034000550167384
M3,20.15236350004456
M4,19.96976869349932
M2,19.9240738969654
M2,20.027578932803753
M1,19.97156280309438
M4,20.03470051843272
M3,20.30220000121966
M4,19.95644448182479
M1,19.949841306891607
M1,20.020024641940427
M4,19.989389495139427
M1,19.979435911678628
M3,20.29129858162971
M2,20.042000497094264
M4,20.03688098746188
M4,19.99427531600824
M4,19.963069944199543
M2,20.067597041399708
M3,20.24236323469904
M3,20.2273224176926
M4,19.964195222600996
M1,19.94356474887284
M4,20.01530739131717
M2,20.036032255002645
M1,19.987397606152793
M3,20.21323177910365
M4,20.02157228324844
M1,19.99781195311819
M1,20.012062452192648
M4,19.98511925848645
M4,20.0643503926821
M1,19.957286398518654
M4,20.05314521316877
M4,20.09226451588445
M4,19.98302956778489
M1,19.972649978817454
M3,20.193968675760942
M4,20.012052455379244
M4,19.98372711857261
M3,20.191351129583744
M1,19.990005206934363
M1,19.98964110501085
M2,20.042284002389103
M1,19.97980998065396
M1,19.96419791089976
M1,20.001805155531144
M4,20.02265990182633
M3,20.27204967446608
M3,20.212964837253097
M4,20.030385971507187
M2,20.014016167942017
M2,19.987010554707844
M1,19.981745946665008
M2,20.053348952783647
M1,19.9705575345941
M3,20.16474121524452
M4,20.000461855437756
M3,20.19176357880639
M2,20.005716653725337
M3,20.209615424982633
M4,19.995357968111858
M2,20.019445881302936
M2,19.972233587317582
M3,20.281394389114737
M1,19.978299724334818
M4,20.035052907630742
M2,20.000466629120577
M2,19.986728853092217
M3,20.24862653640581
M1,19.98018556852095
M1,20.029714326735885
M1,20.02382905294495
M2,20.05955325669925
M3,20.28480642159401
M1,19.98316812465297
M2,19.971963795967447
M4,19.965653505221606
M4,19.987529530325645
M1,19.999614700751323
M3,20.264072778541756
M1,19.95144485415208
M3,20.222604718076905
M4,19.959656336363793
M4,19.980560054571892
M1,20.014059847348506
M2,20.043130647079103
M4,20.03036598787137
M4,20.022196271808276
M2,19.97802042679673
M1,19.978295078207264
M2,20.03226431544507
M3,20.257649597161137
M2,20.000405947334887
M4,20.03466842760276
M4,20.06506441894862
M4,20.02629007126004
M1,19.985158115465502
M4,19.990964703584485
M4,19.992760811013937
M2,19.984519516074737
M3,20.284393520205153
M4,20.06817872146724
M4,19.97301994143426
M3,20.222589653134236
M1,19.9605089211366
M3,20.138448523361085
M3,20.26376962380596
M1,19.95426919451141
M4,19.94215001700007
M1,19.892100248077156
M4,20.0126791765455
M3,20.24820950316452
M2,20.06990934850487
M1,20.02242538050503
M1,20.01969318907464
M3,20.18030015997684
M2,20.014498287363732
M4,20.067352355721948
M1,19.994576341672687
M4,20.040224464429876
M4,20.04750560792078
M1,19.958946854612
M3,20.27913763484193
M4,19.998990849991024
M2,19.96146012120925
M1,20.00559406440764
M4,20.01630032270783
M2,20.025171968751465
M1,19.995955679796488
M4,19.99428146355279
M3,20.277820408726654
M1,19.9530150895579
M2,20.01865794949093
M1,19.988970523210103
M4,20.044912525428145
M1,19.9785187900829
M4,20.032020031902444
M3,20.21395088368827
M3,20.193581387356794
M4,20.015835619199695
M4,19.99333195290637
M1,20.019448023433736
M1,19.961270972965053
M1,20.01002963835139
M3,20.240791473777975
M3,20.210598524597245
M1,19.966503029403093
M1,19.949908603450947
M3,20.25743776410956
M3,20.212900220563615
M2,19.973534554984692
M4,19.95187768082299
M4,19.992182863508425
M4,20.023672836958575
M2,20.006794679624335
M4,20.007465622383123
M3,20.194069595577513
M3,20.203402720942105
M2,19.986836759480287
M4,19.990921538346047
M3,20.29158081968322
M1,19.949332605078688
M4,20.07418207654092
M1,20.02636712373972
M3,20.17121515845856
M3,20.258518176830755
M3,20.25347140834624
M1,19.99635789210679
M2,20.036746343811036
M4,19.995092231172755
M1,19.99661982901424
M3,20.115544117467024
M4,19.98745312929105
M4,20.01138693107729
M3,20.220887845152212
M2,19.972959281575136
M3,20.204633322826552
M2,19.990373838226432
M3,20.22401315831039
M3,20.23378839722657
M3,20.183179054208193
M1,19.97997223438324
M4,20.000106444362213
M3,20.20121302055097
M4,20.03003858663856
M3,20.19984044271357
M4,20.00155692408014
M4,20.015251533482303
M4,20.01160278361261
M3,20.27288345346565
M3,20.285673580208652
M1,20.033421418103195
M2,20.010584998629596
M2,20.040679061706616
M4,19.932969492974536
M3,20.27878494836141
M2,19.999306002785552
M1,20.000180777389392
M3,20.194338901515906
M2,20.01874318863126
M1,20.000333665912574
M2,20.030351283581943
M4,19.99053521718576
M1,19.94136212270072
M2,19.9630864966766
M3,20.19931928115229
M1,19.988426653169423
M1,20.00158530358027
M4,20.0057537436309
M3,20.155311620649787
M1,19.962966986413704
M1,19.90278828707078
M2,20.069874623260983
M3,20.220649748577472
M3,20.222992205721688
M1,19.985016337845952
M3,20.250492779605672
M4,20.05326932318351
M1,19.91007820290438
M1,20.023407529879105
M4,19.990687237769812
M3,20.235420523254746
M4,20.023475308622352
M2,20.058090454660764
M2,20.01118245502287
M1,19.95832372337133
M1,19.942658920368583
M2,19.983470273748576
M1,20.009876802566712
M4,19.988178113637264
M3,20.22261893801191
M4,20.017451038963756
M3,20.226182227389728
M2,20.05780457561869
M3,20.24619585811698
M1,20.04561734781167
M4,20.051777103920884
M3,20.20530219504808
M1,20.0087382263287
M3,20.177608030273554
M3,20.223447930576455
M1,19.96938467318652
M1,19.97864070352124
M4,20.017231224441296
M2,20.0118908781402
M3,20.266044761857707
M1,19.957433166730517
M3,20.17239028607801
M1,20.0068241337539
M2,20.035833671838372
M3,20.289322096648057
M2,19.96519409185282
M3,20.21599199712075
M1,19.99959431576704
M2,19.998313115632467
M4,19.983512310025773
M2,19.980202353590897
M1,19.945165670504863
M4,20.008942053269138
M4,19.99170144250136
M3,20.189745591598292
M4,19.994291092024177
M4,19.965807075436175
M3,20.173010866898192
M3,20.23941625644447
M1,19.949992642532997
M3,20.207384785958872
M2,19.988896223649355
M4,19.967481155615417
M2,20.00566075919916
M4,20.019157675708357
M3,20.206795207606486
M3,20.22580200794253
M4,20.013970871038463
M2,19.974610571377873
M2,19.960941223773165
M2,20.019115320890656
M4,20.01993712530047
M4,20.02782272778727
M1,20.05011623747733
M2,19.99328119475923
M2,19.989844352938697
M3,20.224505435800623
M1,20.03506410963254
M3,20.290134106012022
M3,20.198365045299237
M1,19.976495844646003
M1,19.999141370692744
M3,20.177290392799826
M2,19.993723998921872
M4,20.006367816389545
M4,20.046249476379217
M4,19.977882197389835
M3,20.173414692126567
M4,19.98837497551749
M1,19.95543877132313
M2,19.97905068876441
M1,20.01624817927791
M3,20.256304725320813
M3,20.269582634115334
M2,20.035044613200103
M2,20.037982921550167
M3,20.26316873102267
M1,20.038583621986376
M3,20.21275340164969
M3,20.23155419740246
M1,19.95098533001705
M1,20.021274097014174
M2,20.005382870803324
M3,20.2223088902203
M2,19.98667691564667
M2,19.965586633969224
M3,20.23250544627487
M1,19.98793716311375
M3,20.21300723021369
M1,20.056065105371776
M1,20.017147517024657
M1,20.004145351602737
M2,20.010247460270808
M1,19.97686384422807
M4,19.9778313225706
M2,19.96568984038639
M4,20.040731625683648
M4,20.0621325633273
M4,20.024955053119463
M4,19.954928996457376
M1,19.982928157928654
M2,19.970742286726455
M3,20.201219265296466
M3,20.223642341144135
M1,19.898622900542417
M3,20.25833925019504
M4,20.0329725023182
M4,20.003875470455956
M2,20.01555092828085
M1,19.97559179719871
M2,20.00490940683333
M2,19.9919527055433
M2,19.969888981153787
M2,20.02620826438258
M2,20.01999038427729
M1,20.04761727084195
M2,20.01443667613176
M2,20.0106689033445
M1,19.994571987552725
M4,20.05071412036279
M3,20.25523055168898
M4,20.036320795829173
M3,20.218258646081154
M1,20.018764210772293
M4,20.000644984747993
M2,19.99205370564283
M3,20.247437483564312
M2,19.97812703922932
M2,20.01173484994437
M2,19.95959990742869
M2,19.974602120650232
M3,20.199856992052354
M3,20.29837492191757
M1,19.97391807381096
M1,19.98008526989144
M4,19.970497823735293
M3,20.236343982540983
M4,19.94330314720911
M3,20.248542217268795
M3,20.18961906999756
M4,19.959578826588153
M3,20.26543208677845
M2,19.89180796077613
M3,20.205732783353653
M1,19.95708548351988
M2,20.047935482621952
M3,20.24602939322197
M1,20.014952570659663
M3,20.279065529949687
M3,20.212896748975705
M2,19.990120558220077
M1,19.98058344906474
M3,20.310451431213885
M4,20.040905710460372
M3,20.18539322729163
M2,20.0345431806183
M3,20.250990566718116
M2,20.009809203828937
M2,20.055351518528916
M2,19.998850508309843
M1,19.9426898878342
M4,19.928551401791704
M3,20.26334693610934
M1,20.01690780037194
M4,20.05286980832345
M1,19.97306582523896
M3,20.207078606744936
M1,19.98077944400047
M2,20.01022347073335
M3,20.20034232415503
M4,19.965126581922004
M4,20.018472887295065
M4,20.013528258188337
M1,19.999295337157744
M1,19.91029025857437
M4,20.000277101151124
M4,20.01055003495301
M2,20.07687197769407
M1,19.9762279326426
M3,20.144402603469658
M1,19.994038917649497
M1,20.00934224805783
M4,20.01370805629137
M2,19.992066422510806
M1,19.964860549448108
M3,20.214029719825938
M2,20.091477311476662
M3,20.24198471573668
M4,19.99490440139255
M1,20.034711930816027
M3,20.223117359201805
M4,19.988904837633974
M2,19.997478753798017
M4,19.973231023322228
M2,20.05347955557878
M2,19.93714101621686
M4,20.01430894181032
M3,20.234716730651662
M4,19.98516269972585
M4,20.05135693462274
M3,20.246180996562945
M1,19.9603314594048
M2,19.97919958125164
M4,20.022687268966145
M3,20.176368718259447
M2,20.044269863277332
M2,19.99477951835691
M4,19.995606682417204
M1,19.97055442288851
M1,19.99857543906536
M4,20.00909343039792
M2,20.0483353799181
M4,19.975293452494256
M3,20.205203876572025
M4,20.02150346276296
M3,20.239432702505574
M4,20.02544847538961
M4,20.05726813551848
M1,19.979832150407535
M4,19.95426666238864
M3,20.25209465943803
M1,19.966937093005
M1,20.02013858642694
M2,20.005742833795935
M1,20.033406805665894
M2,20.053771562666547
M4,20.021587889947188
M2,19.947017768515853
M1,19.98805781269342
M2,19.992080741596077
M1,20.01280432047066
M4,20.001603273127937
M1,19.978423331661222
M4,19.98534857003935
M2,20.00048746118304
M1,19.9882361432185
M3,20.273333603471094
M2,20.09353551797396
M4,19.98876681164863
M3,20.232226181903695
M4,20.00845294522789
M2,19.95108047640394
M1,19.98971242067405
M1,19.960913736991294
M2,20.014747843047537
M2,19.997538505286368
M4,20.076565969860475
M2,20.000146778394832
M4,20.03615375206975
M1,19.90380336280664
M2,20.043468583251503
M4,20.042007587581946
M1,19.977501213038263
M2,20.05053636407404
M4,20.059060505323774
M3,20.23934161561994
M4,20.01514142062457
M3,20.259744556748856
M4,20.02783527266213
M4,20.00801125443357
M4,20.03465061575185
M1,19.93461977013187
M3,20.19918838038399
M1,20.018379830572584
M1,19.970636813206504
M2,20.025028420459975
M3,20.19680606407333
M2,19.940826170606684
M4,20.03216918957416
M2,20.030898994042396
M3,20.213673318495857
M4,20.016477534644995
M4,19.96966836865866
M1,19.992872222444117
M3,20.2639777806251
M1,19.980026713745374
M3,20.22271549622034
M2,19.97672159602572
M4,19.996571182255614
M4,20.011902877367312
M4,20.020048130828304
M4,19.982343623122524
M2,19.96918599775746
M3,20.294252165356426
M1,19.922807858568888
M3,20.157527444784023
M1,19.97741290203647
M3,20.21555128841135
M4,19.99330094309004
M3,20.205950358708854
M4,20.029315553660354
M1,19.97245015235577
M4,20.023155862266076
M3,20.25637439077584
M3,20.24847021231427
M4,20.034325213086916
M3,20.172462301074415
M2,19.96414387472741
M3,20.24364173280939
M3,20.204661380882364
M4,20.01634750558951
M2,20.036677834252636
M3,20.224356711397927
M3,20.193078178326733
M1,19.97698240842075
M1,20.05500185196236
M1,19.9381123954234
M3,20.21254737702749
M2,19.997117123181862
M4,20.044661775028267
M3,20.257996782949533
M1,19.99315356324338
M1,20.001576399011594
M2,20.078439360067936
M4,19.995509098326057
M1,19.971359470658903
M1,20.071520870474487
M1,19.921809644443567
M2,19.982607600502032
M4,19.994400497364143
M3,20.218003288072627
M2,19.99724354124166
M1,19.97184133791946
M2,20.005469900094173
M3,20.267615052160803
M2,20.040570917132584
M3,20.199281422611087
M4,19.98192277242012
M1,20.04457371798708
M2,20.000764429957115
M1,19.940273804559116
M3,20.25601823895107
M2,20.021958654216288
M2,20.011929658177436
M1,20.01978463000638
M1,19.924532054176005
M2,20.004001169347475
M3,20.18565930449728
M1,19.999969228887263
M1,20.026824933942756
M2,19.99868323518516
M3,20.215661315900096
M2,20.05282599681131
M2,19.968914864219805
M1,20.03455687382584
M3,20.191106588567088
M4,20.028111955659497
M4,19.9775851898299
M3,20.230330643561167
M3,20.25262583260037
M2,19.995145747103585
M1,19.961849041965152
M2,19.983000705714403
M3,20.24654506539012
M3,20.1874138591442
M4,19.98505763271506
M4,20.027910365808616
M1,19.933478548547555
M1,20.063442291784924
M2,20.008121422858533
M4,20.023216854074807
M4,20.054730964487728
M1,19.969269513921944
M1,19.953341292840417
M3,20.24157859039302
M3,20.202129082393903
M4,20.006949563318912
M4,19.990528891482075
M1,19.88530017093624
M1,19.97561259774496
M3,20.208528552416738
M3,20.229588210859216
M4,19.998686818607435
M3,20.193835628733467
M3,20.209705280615463
M2,20.03521047177644
M1,19.93019463991473
M4,19.98775902906497
M4,20.060681898473646
M1,20.043732894220092
M3,20.23787623701613
M2,20.05062886432381
M2,20.00720845531551
M4,19.97375618389256
M4,20.001877411199864
M1,19.980360622852302
M2,19.96810402468753
M4,20.117577469076767
M4,19.964393176186313
M1,19.93751354194669
M4,20.01918379745322
M2,20.03249254897575
M3,20.2361347320971
M1,19.966774578824165
M3,20.213065618582387
M3,20.225970191143908
M3,20.20495463116903
M4,20.05098130636396
M4,20.002629656096374
M4,20.020487846080982
M3,20.191102502694033
M4,20.00520266586181
M3,20.210324963056458
M3,20.216418082714387
M3,20.24978908087188
M4,19.973938810113637
M1,19.95030845674966
M3,20.159932585826542
M2,20.006941698636695
M4,20.03139350086809
M1,19.987908438150317
M3,20.160179028392506
M1,19.98432068617571
M4,20.024960290086497
M4,20.02358871513343
M1,19.94327444357357
M4,19.998419430562173
M2,19.97374209359123
M4,20.004354971080105
M3,20.217886660133026
M1,19.941839431103578
M1,19.950391943069015
M2,19.99020518480785
M1,19.984270031978177
M1,20.003540895044463
M4,20.019702591635728
M4,19.990225829403695
M2,20.008473881251145
M1,19.985118460683164
M1,19.959016915644384
M4,19.964761092863455
M2,19.979467374054646
M1,20.021331972413684
M2,19.9640466568869
M2,20.003803275821216
M3,20.2268236514606
M2,20.03442171989899
M4,20.012329279958895
M3,20.242146967727365
M4,20.04235711083284
M2,20.027422109736783
M3,20.211628838462413
M2,19.96945160982431
M3,20.271904252264974
M3,20.173017366035783
M2,19.979249919946433
M4,19.982885835327338
M4,20.058708289722325
M4,20.019866042903573
M1,19.99779446034859
M3,20.177013888015473
M1,19.97533853566765
M1,20.02035156932394
M4,20.018105970528755
M1,19.95847777090591
M4,20.031970447344634
M2,19.95893431030368
M2,20.016212155460025
M1,20.01277420777807
M3,20.34287389731534
M3,20.16826292224812
M2,20.011467682837495
M4,19.965916268869215
M2,20.01460569342611
M3,20.221242306110096
M2,20.038710198162477
M3,20.22137531526171
M1,19.99427575673138
M2,20.008761834290848
M3,20.268559988459092
M3,20.19596803344354
M2,19.99465986385621
M3,20.20329687120261
M3,20.202416840518083
M2,20.06235457491097
M1,19.989533171896134
M3,20.23082733144236
M4,19.985909326512093
M4,20.0069444979567
M3,20.247306224523797
M4,19.998690410676236
M4,20.029561902883117
M3,20.21748432078919
M1,20.00946956432617
M3,20.147125087201395
M3,20.26872675373164
M2,20.00307762034476
M4,20.01753873940098
M4,20.04105027706553
M2,20.044691280789177
M2,20.019845957778163
M1,19.97139452160396
M1,19.943560437444685
M2,19.97545404967943
M2,19.980991963264227
M2,19.990993695312735
M1,19.967383394050128
M2,20.04058875467842
M3,20.25569413064454
M2,19.98983024812814
M3,20.23177960230787
M2,19.978980375874624
M3,20.198291030177018
M3,20.25405487806537
M4,19.98947805576636
M1,20.012245510077857
M4,20.07843465786884
M2,19.997936791087152
M1,20.003075730586566
M3,20.23219178915235
M1,19.99176507778415
M1,19.989586340447723
M4,20.068215179980506
M1,20.020348253873024
M3,20.21950475528995
M1,19.940747635886744
M1,19.96910988499109
M1,19.966725378927496
M1,19.975084197933057
M2,20.0157994789518
M2,20.004080779450607
M1,19.976449577955307
M2,20.04347050908926
M2,20.029075320545452
M3,20.225132222146858
M4,19.93973543346483
M3,20.229419382322476
M4,20.047943608680637
M1,20.041106813344893
M1,19.95630682489332
M4,20.032898635617435
M2,20.01820180944604
M4,20.02911010572463
M2,19.970881808255267
M1,19.97377569452956
M4,20.01662626664797
M3,20.192465009331205
M4,20.012715504765787
M2,19.989824425387567
M1,19.95035751462195
M3,20.218564157497653
M1,19.973940299355014
M3,20.17924015613925
M2,20.01362698764404
M4,20.00837250293221
M4,20.01169930429722
M2,19.99621499519648
M4,19.92996969015799
M1,20.003601507811947
M1,19.978356179629458
M4,20.013139270374868
M3,20.21363551024309
M2,20.01281273597257
M1,19.99490965307412
M2,19.94628289447956
M3,20.193756390682385
M4,20.0406395414066
M4,19.996663976300063
M2,19.97316523793357
M2,20.025335694231995
M1,19.962636693808612
M1,20.003228338866094
M2,19.982564383090907
M3,20.23807743985745
M1,19.97344911671367
M2,20.018028551878473
M3,20.240836078095683
M4,20.044370789485832
M4,19.957934739435174
M2,20.030093972201
M2,20.010172158999953
M4,20.022929278450547
M3,20.18136877854638
M2,20.00128034400214
M3,20.175899854339473
M1,19.998742715703507
M2,20.034821331839225
M2,20.024142264128496
M4,19.99929194068452
M1,20.010495369020862
M4,20.040789275681615
M2,19.999045345657898
M1,19.97441446438019
M3,20.210774614444823
M3,20.275331922988425
M1,20.01981048570944
M1,19.985449759957177
M1,20.000425807489624
M2,20.009927921347124
M1,19.96418837625256
M3,20.176317298273588
M1,20.02578125327431
M4,20.009526541221778
M4,20.036634604339525
M3,20.304988450973283
M4,20.026665768287305
M4,20.02119940783872
M1,20.031113539064403
M2,19.996391849185073
M4,20.03702242055415
M2,19.974703917293997
M3,20.174673916066485
M4,20.017012924956607
M4,19.98325362501607
M2,19.958751888580327
M2,19.997312382423942
M1,20.044359666765363
M2,19.965651722013448
M2,20.024894491236523
M2,19.946258093665175
M2,20.02711922555015
M4,20.042339197763305
M4,20.008305555794102
M3,20.16749938682763
M1,19.968374993313237
M2,20.015715173184542
M3,20.216650216668143
M1,20.02183423356162
M2,20.019234815547993
M3,20.180214755208414
M4,20.03139053574967
M4,19.97090117675251
M2,19.967016738209946
M2,20.0067193337086
M2,20.00970812755296
M3,20.213013311253867
M2,19.96474591737538
M2,20.04837859601145
M1,19.99715370018269
M2,19.97900867036051
M1,19.947439339712776
M3,20.22945031859611
M4,19.97488043607796
M4,20.01558683487601
M2,20.00344310555976
M4,20.007146614622982
M4,20.023250508735753
M2,19.95561835600559
M4,19.98823066795769
M2,20.04172600701639
M4,20.00688316383196
M2,20.02808156812799
M2,19.986573420996447
M1,19.990560625438132
M4,20.01123968725588
M2,20.004606877217775
M4,20.050832075436595
M1,20.04167705674018
M3,20.21176492650697
M2,19.99981871162757
M2,19.999880460359893
M1,19.95706526853953
M1,20.004908628326977
M2,19.95920619743297
M2,19.94435951284808
M4,20.03852020383045
M2,19.958553617681872
M1,19.992933515091444
M2,19.95162358114913
M3,20.320637819828665
M2,20.010947674525497
M4,19.976094784797834
M2,19.982262101974182
M3,20.179057851389693
M1,19.9829651612772
M1,19.952579308271172
M4,19.993009230095648
M2,19.94719272647258
M2,19.986505669467657
M3,20.24253223258949
M1,19.928084027810986
M3,20.184164444313534
M2,20.00359922565922
M1,20.03750252207124
M2,20.069507721820113
M2,20.006532913014947
M1,19.959054641723025
M3,20.190116901189104
M3,20.224195018829604
M2,20.08696135817369
M4,20.02428677583905
M3,20.179876347089923
M4,20.031318689865316
M1,19.98487926297311
M4,19.985213248056706
M2,20.00188948305046
M3,20.21922529056512
M4,19.99150410413114
M2,20.02646141789037
M2,20.040068370157385
M1,19.987293230699553
M3,20.218726681764807
M4,19.978514021696792
M2,19.99599187950604
M1,19.952141804616048
M2,20.00955345990288
M2,19.96384605654914
M4,20.01122927096555
M1,20.043774467680873
M2,20.032433814884858
M3,20.20453198882608
M1,20.015204564832455
M4,19.98735496714757
M4,20.024561248865055
M2,20.075924818606666
M3,20.23155461850644
M4,19.97129011785056
M3,20.19226800889564
M1,20.017461954466455
M1,19.96548023094709
M2,20.01750756399483
M1,19.92333582863436
M2,19.961036651029755
M3,20.241194701037212
M3,20.226713575434953
M1,20.02547456362188
M1,19.948512379790103
M1,20.00998530395808
M2,20.002343372595597
M4,20.022137479179584
M2,20.02789367825355
M2,20.02976052966076
M3,20.226755790585205
M1,19.97974078760933
M1,19.9213359575959
M1,19.94179569605053
M3,20.2184577126332
M2,19.921196697975443
M3,20.25601761627907
M3,20.179997549044835
M2,19.969683203799033
M4,19.94854712348523
M4,19.974317699018076
M1,19.98868204702239
M4,20.012394018117956
M1,20.01503116027816
M1,20.018423175282656
M3,20.215899022050444
M1,19.97178110618417
M2,20.01623933817353
M1,19.94162460592346
M2,20.040893691769114
M4,20.01352059723576
M4,20.04479494714535
M1,19.973159420681142
M3,20.21375881495173
M2,20.004612353305703
M2,20.005910552656637
M3,20.249825327117772
M4,19.95971981122938
M2,20.02319350666621
M1,20.01171275657145
M4,19.99639641279452
M4,20.005605722921334
M2,20.00640222856764
M3,20.18479913678865
M4,19.93481654785501
M3,20.200796980147324
M2,19.968009346112595
M4,20.02324420922299
M4,19.977354635819385
M3,20.166131160934533
M1,20.01517358270078
M2,20.015509098140083
M3,20.20917619517401
M2,19.98638100820069
M3,20.21304727097655
M3,20.306421542323335
M1,20.03586305145636
M3,20.220786728175383
M3,20.221938522234417
M1,19.98558933474791
M3,20.26124618251344
M3,20.205050540158155
M1,19.985412351583392
M3,20.241100848088873
M2,19.98773184449038
M2,20.00680329998148
M3,20.205544972161864
M1,20.008966193971784
M1,20.011746069858923
M2,20.022863091776458
M4,20.04663231524377
M1,20.0007371555172
M4,20.029904477649065
M1,19.991659520694423
M2,20.057095006155635
M2,19.977440661842756
M2,19.99377359080582
M1,20.02301620097759
M4,19.990025181565695
M2,19.97587110677011
M4,20.02333192323513
M3,20.22419027535057
M3,20.231178644148855
M2,19.97936036888243
M3,20.223424782338995
M4,20.046807540124455
M4,20.05924430408456
M4,19.991395966246465
M1,19.96233378430077
M3,20.17568929573859
M2,20.03048415982442
M4,20.027139594287377
M4,20.017240932374683
M4,20.014112407135535
M1,19.950546867898996
M2,20.038877518193157
M3,20.252034847757823
M3,20.181890912156877
M2,20.026030251447768
M1,19.969523740760927
M1,19.970930469396837
M3,20.252346762899084
M2,20.032569661595073
M2,19.968121757830986
M4,20.016911774432806
M1,19.98337294558539
M4,20.02600959039078
M2,20.00718879041281
M4,19.979703980408544
M4,20.011519962804137
M3,20.208218034867112
M2,19.944271069268694
M1,19.992004590263633
M1,19.99357181965694
M4,19.97990622026341
M1,20.007119455376905
M2,19.98745974698752
M2,20.030117095867336
M3,20.22443430454839
M4,20.056479262973927
M3,20.210989401535517
M4,20.04600626141601
M3,20.182340333077516
M2,19.95909286315947
M1,20.014971541985236
M1,19.983889966256456
M2,19.988039438598108
M1,19.96734816430218
M2,20.088794677183596
M2,20.01686431206752
M2,19.95825442253584
M4,20.00648893493341
M4,20.04583210430047
M3,20.166519750779035
M1,19.97111423101795
M2,20.019831745374844
M3,20.23323501883198
M3,20.195539359331917
M2,19.948727891534418
M2,20.06754594100172
M2,19.98788314148247
M3,20.183639861721968
M1,19.93976643601234
M3,20.27073615925484
M1,19.97292347289823
M3,20.174078051495
M4,20.06559985236288
M3,20.227802702597923
M2,20.006946440149893
M4,20.019208799180845
M3,20.26396984045639
M2,20.009996357496043
M1,19.958039407622326
M1,19.964048916448608
M1,19.9585390831167
M1,20.002722249107375
M3,20.207052792271547
M3,20.23281136045317
M4,20.061912605167812
M3,20.2474730880072
M4,20.014555524177
M3,20.258125337021227
M2,20.015688399577975
M3,20.23932888698361
M2,19.944817233979464
M2,19.96637298833364
M2,19.956076100168723
M3,20.25337545735395
M2,19.996984586808196
M3,20.17328184211394
M4,19.998319562450465
M2,20.05093191872524
M2,19.98165119023951
M2,19.983165283901084
M4,20.03497181924091
M1,20.008450245083544
M4,19.9814483988373
M2,19.998843963150204
M4,20.03902183159552
M4,19.96059089143077
M4,20.038124222475133
M4,19.98618868770284
M1,20.03032752922054
M3,20.23594157851413
M1,19.984617800160972
M2,20.050818918966662
M1,20.063551147572717
M3,20.22654386182144
M3,20.227662414247867
M3,20.27243140202373
M1,20.01617377186209
M2,19.95849515150637
M3,20.2041139949203
M4,20.026799640873495
M4,20.01754300896836
M1,20.00006840675043
M2,20.040550277717813
M1,19.9885338206927
M4,20.003230119103137
M1,20.03911545982238
M4,19.958990192242968
M1,20.04556767650862
M1,20.02463640672248
M4,19.996021677696294
M2,20.02554441331559
M2,19.98514883898831
M3,20.224724681110168
M2,19.98314895953718
M3,20.24954841436423
M2,20.026424994473462
M2,19.965082377046908
M2,20.026384752431383
M1,19.974875775299
M2,20.0390985137982
M3,20.22276469732637
M1,19.976852035419643
M1,20.00995746655868
M3,20.216827408348255
M2,20.039945504776423
M1,20.003862781419976
M3,20.174818574564934
M4,20.018055647562868
M1,19.99571666645038
M1,20.045759788261627
M2,19.97665149688709
M3,20.268156481354172
M1,19.965775972250796
M4,20.067343270542775
M2,20.031199456015113
M1,20.004725248684988
M4,20.0550820834819
M1,19.997892689700205
M1,19.990836529907412
M4,19.994923725651436
M3,20.19052705616915
M2,19.968262603442216
M3,20.16832162071401
M3,20.25578293185198
M3,20.28490874116267
M1,19.99064248887234
M3,20.259872241112188
M2,19.98422250802986
M4,20.023477019800893
M3,20.214384125575844
M1,20.05637872724496
M4,19.9995887622944
M2,20.00328228735348
M2,19.979514317100374
M4,19.969238405419777
M4,19.974770124568128
M4,20.008247640875076
M3,20.198984690103167
M4,20.00227770593391
M1,19.98109920059866
M3,20.2113942958768
M2,20.00708835883377
M2,20.037718586328506
M1,19.99182639050013
M1,19.94661434417555
M2,20.05066096975464
M4,20.03167821754716
M3,20.187668032084368
M2,19.982642069499015
M2,20.009076845008256
M3,20.193194274795136
M1,19.94684569409046
M3,20.219821942056345
M3,20.260132257107653
M1,20.030146230330672
M3,20.277019123738476
M3,20.178736605805422
M3,20.24342402931457
M2,20.00383925457652
M3,20.22864752102799
M4,20.019524845062545
M1,20.00703850185922
M3,20.27784367337896
M3,20.208677138436027
M2,20.048118310685975
M2,20.042385423054476
M4,20.057537716753007
M2,20.031028218628176
M3,20.200621712339704
M1,19.94852988397319
M4,19.962488012384807
M3,20.21231393480135
M4,19.978891268629713
M3,20.20686816399274
M2,20.033498140267305
M2,19.983965093312555
M3,20.21206606135753
M4,20.048377192182976
M1,19.92183911829473
M4,20.02875776347653
M4,20.046366373926304
M1,20.006270101674396
M1,19.952639442014917
M3,20.26543578233186
M4,19.99149281357375
M2,20.02930672514973
M3,20.200714461635854
M4,20.033367355000603
M2,19.99964248267279
M1,20.023952827643065
M4,19.987409195238502
M2,19.982571660013953
M2,19.95875793225644
M2,20.03886902779393
M3,20.25560728951675
M2,20.012835041470364
M3,20.25235995250346
M3,20.23732460380752
M1,20.063365335791243
M2,19.977054857522813
M1,20.003092404859867
M1,19.969315132287505
M4,20.003552733475225
M3,20.241894764695303
M3,20.25704858684416
M4,19.97657549777856
M3,20.213934561360254
M4,20.01153137023842
M3,20.238074907408347
M2,19.97744035710163
M3,20.19378968453174
M2,19.937657473425784
M4,20.04861642520016
M1,19.9912462485442
M4,20.042058021154137
M4,20.002879426328736
M1,19.94151816109978
M3,20.25939528963792
M4,20.07265570467475
M3,20.201577138131864
M2,20.00414243262456
M4,20.067726357131313
M3,20.20759043712924
M1,19.915068968326384
M1,19.98809825229059
M3,20.231484793987732
M2,19.91266834669089
M1,20.02057210230074
M4,20.041738737590027
M1,19.982060151847765
M1,19.967901540499263
M2,19.99328538299597
M1,20.010466387582817
M2,20.006118934196845
M4,20.01484863125944
M4,20.005373539250865
M4,20.031238262236386
M2,19.99109499821304
M1,20.02380462914421
M4,19.964145633451142
M2,19.997121615932
M3,20.18111052311848
M1,19.986868414241098
M3,20.300670105875852
M3,20.213379908930406
M4,19.99663945127772
M1,19.980312374088737
M2,20.05400853977618
M4,20.01204176225062
M2,20.00018431067028
M3,20.23562250017017
M1,19.976416035268272
M3,20.204315369209255
M2,20.032130350976782
M3,20.24901580911272
M4,19.9687193507218
M3,20.248301067100343
M2,19.99999815596321
M1,19.98162139026507
M2,20.03069666390993
M4,19.90049422888506
M1,20.002431844714472
M3,20.226645427820305
M2,20.02662334256193
M2,20.00815002245911
M3,20.216851165144597
M2,20.059030140306312
M2,20.02097789980405
M3,20.26314207594585
M4,19.982874839207504
M4,19.988378342979185
M3,20.156856805622976
M3,20.238658722449177
M4,19.978861951721207
M2,20.03662908254759
M2,19.97178304326103
M2,20.031313547540876
M3,20.19534256929201
M3,20.276116985081167
M1,20.004589172769418
M4,19.92895706723801
M2,20.0251250920181
M4,20.061141277118516
M3,20.239789238488605
M4,20.064550654278968
M3,20.280940792007797
M3,20.315513513791213
M1,20.04902923966977
M2,19.972682521686973
M4,20.028881729766237
M2,20.01489579794509
M1,19.95606290900144
M1,19.987883307619686
M3,20.19523820858584
M3,20.235622502468708
M4,20.069358907562233
M4,19.997648445588123
M3,20.244030499155908
M3,20.196630386894284
M4,20.050537435933368
M1,19.958363620551676
M3,20.257146152445944
M2,19.94150510949121
M4,20.036061557707928
M4,20.052625545711443
M3,20.207588233689208
M3,20.26342280761692
M3,20.19386601638728
M3,20.22913732159895
M1,19.935137616770273
M2,20.083843936681387
M3,20.19385589355857
M3,20.26753992637576
M1,19.9391367429418
M4,19.97955157671445
M4,19.994876791779586
M3,20.22547835018086
M1,20.008565826132383
M4,20.03138553769049
M1,19.954041079913846
M2,20.04505503139429
M4,19.961904186894923
M3,20.23868125992322
M1,20.01853708346591
M1,20.009838374102397
M2,19.982514053901255
M3,20.222610761704004
M3,20.28286828287832
M1,20.004936360111373
M1,20.00907438162804
M3,20.238544947549084
M1,19.975150026087302
M1,20.005422889839807
M2,20.003553569356573
M3,20.25112448895077
M1,20.02571716758692
M1,19.99028576498631
M1,19.995931429970547
M2,19.98606454961241
M1,20.074080753621683
M1,19.965284815355975
M2,19.971688361897225
M1,20.01407710308637
M2,20.074331723125713
M3,20.185385846647257
M1,19.99155336130034
M3,20.240317080845415
M3,20.182972700719887
M3,20.161211918814487
M3,20.185472078333
M4,20.05486827722487
M1,19.987682337409147
M1,19.967834697562
M2,20.051854602862942
M3,20.26020677730374
M4,20.05376290951684
M4,20.046210483769247
M3,20.257099926754236
M2,20.05805094648027
M2,19.987833252012344
M1,19.998498849737548
M2,20.023008342787794
M3,20.237148876612014
M1,20.013443859894195
M4,20.00495318150725
M4,20.001637557608607
M2,19.97817036742794
M4,20.0125937388522
M1,19.871674459915088
M4,19.972897769274457
M4,20.021101348400585
M1,19.959120980841455
M3,20.188030300147243
M2,20.02731884081078
M4,20.00272436153419
M1,19.99528187680303
M1,19.9435766917083
M2,19.955469386731828
M1,19.95862788412298
M2,19.980128855845376
M3,20.16573238646793
M3,20.27505602468295
M3,20.2944848818293
M1,19.923428453726277
M1,19.9048407134148
M4,20.03144956880398
M2,19.965074950064892
M1,20.021035482369022
M2,19.99805779361297
M1,20.020872795447307
M2,19.997903860950213
M4,20.046860295645313
M2,20.011415182502343
M3,20.221642648182172
M2,20.042082886427156
M2,19.994317100640114
M3,20.227646824084957
M3,20.28516285337593
M2,20.00230995036138
M1,20.02976474106851
M4,20.028220232390737
M1,20.00433808200436
M4,19.976762761389963
M2,19.957894411542032
M4,19.99952061111426
M2,19.96559484783004
M3,20.17381300208747
M3,20.221655692602805
M2,19.95275339227569
M1,20.00500077945983
M3,20.237092236305156
M3,20.21397663983811
M2,19.964398576922928
M4,19.98173925735264
M3,20.16500097585486
M1,19.98152260230311
M4,19.978758421675952
M1,19.967829580932825
M3,20.241465761989303
M2,20.038321808573773
M3,20.213152207236227
M4,19.98455354900852
M3,20.1702792011272
M3,20.2276894311436
M4,20.045466919175936
M3,20.240798079412343
M4,20.03621826021724
M2,20.025778822065583
M1,19.99769897899788
M1,19.929996903935503
M3,20.1583757141924
M3,20.21557795368256
M1,19.977483927940693
M1,19.990616058506426
M4,19.984922824440726
M3,20.1908087117766
M4,19.96867047709102
M1,20.006443157020417
M1,19.98141388941291
M2,19.986174330963017
M4,20.047185802608222
M3,20.264637801415525
M4,20.023839186982972
M2,20.06233733745005
M2,20.01247300000315
M3,20.258983697237284
M4,20.01545138918901
M2,20.00710741233195
M3,20.229626493924982
M4,20.009318858506628
M2,20.03776620018296
M4,20.056403474618236
M3,20.206860377382828
M4,19.981945925762247
M2,19.95165058839818
M3,20.28315399711464
M2,19.99020658456046
M3,20.1828692113431
M2,19.979787840816982
M3,20.295662287986925
M4,20.00940951479178
M2,20.050006718316073
M2,20.010073345749213
M2,19.99108639329111
M3,20.181753968592982
M3,20.20969451134768
M3,20.224646553872233
M1,20.018207462722803
M1,19.991206011944698
M1,20.00162864450809
M4,20.073368309014455
M4,20.01624486211777
M1,20.043870141045847
M1,19.96518258669911
M4,20.05013677774498
M3,20.231126901840113
M2,19.98998587429907
M3,20.227786264734792
M1,19.99707639175341
M1,19.956717599701303
M2,19.98599151835679
M4,19.94868258182991
M4,20.01709132130768
M1,19.98884206921499
M3,20.182711806040235
M4,20.03918094227335
M4,20.05683817921887
M4,20.025426841563384
M1,19.9910654709044
M1,20.012847128329284
M1,19.95189515899693
M1,19.997606391856685
M1,19.98189763438853
M2,19.943968566713774
M3,20.225144307286932
M2,19.998146282965685
M2,20.011210896665975
M1,20.049283688241665
M1,20.03997835278401
M4,20.03112839752023
M3,20.2554319688297
M1,19.949783538507088
M4,20.064041068702135
M4,20.033893551925225
M4,20.032787728535812
M1,19.96610364710375
M3,20.203381753302764
M4,20.0196060177842
M4,20.02950304219396
M1,19.95060594484564
M4,19.97797561089312
M2,20.03437449388988
M2,19.96504349795287
M3,20.19038844799552
M4,20.03082135887941
M1,19.992664424469847
M3,20.256455473243847
M4,19.962518994633363
M3,20.193634710189855
M2,20.019685788120743
M1,20.02738803070934
M3,20.278629517051215
M3,20.220361245380104
M3,20.238342676534497
M4,20.00323874868445
M3,20.227202931722346
M3,20.229087460442862
M1,19.995799275740445
M3,20.249860729101403
M1,19.976919063673897
M3,20.162055564233462
M1,19.92406108533925
M4,19.986992977571596
M2,20.00020128273545
M2,20.000138405822117
M1,20.014982352694528
M1,19.98372972102181
M4,19.99419091032419
M2,20.050013543429404
M3,20.189950429297387
M4,19.978922778571626
M3,20.184935955698517
M1,19.97753949115008
M2,19.979618621042736
M2,20.040669339480388
M2,19.973157663533136
M1,20.00200275115447
M3,20.1839270932825
M2,20.013723670122538
M2,20.01282925552796
M2,20.042244435935263
M2,20.000130772874524
M1,20.00483941620314
M2,19.97781711656418
M4,19.99824391446995
M3,20.230303902751555
M3,20.22165327447235
M4,20.013236744741924
M3,20.264739006389608
M1,19.947713909544923
M2,20.000601470527624
M2,19.98506671839728
M2,20.001801652857203
M1,20.05048367681018
M1,19.994051857077572
M2,19.98899285946213
M4,20.006140442174814
M3,20.20744510741546
M4,19.9991939780086
M1,20.01222436151205
M2,20.024893318281144
M3,20.21747655298747
M2,19.991275243742397
M2,19.957263059156812
M2,19.982025910881823
M1,19.937435614355895
M4,20.041866564491755
M4,20.01680421398614
M1,19.96125235368271
M2,20.012255156554087
M3,20.199446192292772
M4,20.07746247972648
M4,20.00309231957769
M2,19.99049618083256
M3,20.233394945060045
M4,20.009108595675652
M4,19.993425851114218
M2,19.958556278517825
M4,20.045866174836704
M2,20.046623808224385
M1,19.995152892735323
M4,20.038661427489213
M4,20.042925395824245
M2,19.981215788952845
M2,19.91290707900544
M2,20.10537501781876
M1,19.940549835444585
M4,19.962547803154383
M1,20.002700717714955
M3,20.23768121137818
M1,20.01419924566865
M3,20.202963087508085
M4,20.030531418854444
M3,20.22101815871409
M3,20.239958921029867
M4,20.059340074843902
M4,20.011799007606943
M4,20.063290857013385
M1,19.98698811439414
M3,20.191482705755412
M4,19.979823499282688
M2,20.00499277596557
M3,20.29919812041712
M1,20.024763197286617
M4,20.00593269323112
M3,20.23333115321573
M3,20.19378301817372
M4,20.04056741667492
M1,20.011471142621417
M2,19.93914319203913
M4,20.07635702235082
M1,19.971552191678065
M4,19.99986599965387
M2,19.993025874054265
M3,20.220688438102584
M3,20.17040856512052
M3,20.188286638545712
M4,20.00965026389328
M2,19.973982840958264
M1,19.956391192729292
M2,19.984938407495463
M3,20.206679553526484
M4,19.96602108960831
M4,20.026153731112995
M2,20.01557472111741
M4,19.997401949098965
M1,19.985912559377855
M1,19.97651954757573
M1,19.962780915915648
M4,20.025608834929603
M1,19.9819224326348
M3,20.228016320422583
M4,20.024549075060975
M4,20.0120075310701
M4,19.95925688878504
M1,19.966567796130978
M2,20.03242323430394
M3,20.23999627478628
M3,20.202621451592012
M3,20.23738681295701
M3,20.23607517828821
M2,19.99239412750544
M1,20.00681214004149
M2,20.043851884505283
M2,20.02686047098642
M3,20.26395575746837
M4,20.009044536263183
M3,20.218717063131436
M3,20.287273595234034
M1,20.00358057406144
M3,20.210041223686737
M2,19.95819135894798
M1,20.0059398187146
M1,19.96671047364119
M4,19.99772904576579
M4,19.998415495519016
M3,20.229011907780063
M4,20.04061217626834
M1,19.99092196141232
M2,19.986776326640793
M4,20.051763273592627
M1,20.009626958976035
M3,20.229915645854295
M1,20.005024864800603
M2,20.03436803125955
M2,19.9027200427343
M2,20.03540466120842
M4,19.989056054166113
M4,19.98252073128714
M3,20.200167163967336
M3,20.182548475054553
M1,20.00832729207979
M1,19.998066866204113
M1,19.982695415316417
M4,20.00840403326029
M1,20.007099141544337
M2,19.965598584629035
M4,20.041767525762975
M3,20.269008547638503
M3,20.238374351238367
M1,19.973688619899335
M3,20.214298476866414
M3,20.243384476702317
M2,20.03400444668376
M3,20.26256432178898
M4,20.093223987733968
M2,19.95241710270896
M2,19.99823664302626
M2,20.039382500020984
M4,19.938380832512436
M1,20.02991317474063
M4,20.0323591733298
M4,20.021466473160473
M2,19.952257920355667
M3,20.241075837816062
M4,20.081747702575814
M4,19.98315382792479
M2,19.979102712043595
M1,20.00231854285017
M3,20.244866821328007
M1,20.007647715853736
M1,20.00125501764471
M4,19.987494193294403
M2,20.05020656848352
M3,20.189706418969067
M1,20.02557302916535
M1,20.04368231475244
M1,19.97516408282259
M2,20.06365382420354
M1,20.01121123118159
M2,20.01721537261055
M2,20.03122696639143
M3,20.25985592626337
M3,20.20077233138319
M2,20.056223029639373
M2,20.009210185684623
M1,20.08539465376623
M2,20.023585449619585
M4,19.93712264037642
M4,20.040518285485614
M2,19.96485511290076
M4,19.988539090445432
M3,20.240069948833757
M1,20.10011707201952
M4,20.05342147180951
M2,20.03996290616431
M3,20.20673079811123
M3,20.226417717001432
M2,19.987381875684942
M3,20.223557016524985
M3,20.191603205932097
M2,19.97936990573519
M2,19.9611202062888
M3,20.219797805540164
M1,19.987151122912756
M1,20.014017622919905
M4,19.95623340657933
M2,19.922681040027417
M3,20.24224849875899
M3,20.23501153995259
M4,19.986826318709593
M3,20.229394015804058
M3,20.18111366388939
M4,20.051094190564125
M4,19.986358808323708
M1,19.946891130388614
M3,20.1931313379014
M1,19.99359195087076
M4,20.030411610376937
M1,20.06976910294087
M1,20.003334693521307
M1,19.931650621310354
M3,20.294184527621805
M1,20.01972313669083
M1,19.96320527642232
M3,20.259507966032142
M4,20.005575579177368
M3,20.234054181767014
M2,19.966331322435504
M3,20.235238988467348
M3,20.170893338685065
M2,19.991535472963953
M3,20.24247551136069
M1,19.973689389482654
M1,19.973225940723957
M3,20.213460426386956
M2,20.044339814379818
M1,19.960638356179164
M1,19.982055530754277
M4,20.027210348135075
M2,20.0460329095784
M1,19.995056911272016
M3,20.24128965448284
M3,20.205365438111773
M2,19.97289113126195
M4,20.048919150691667
M2,19.957440605887424
M3,20.20722914362612
M3,20.15373611750651
M3,20.25359724547213
M1,19.96316522473308
M3,20.21274860094573
M3,20.184517282491644
M1,19.95063606109266
M1,19.954477153698814
M3,20.23431211333986
M1,19.96727553839124
M4,20.01567199343445
M1,20.003543287894725
M4,20.03125326135226
M3,20.200645308949653
M2,19.992114893151182
M2,19.99157664326936
M2,19.99586688424866
M3,20.23208746628631
M4,20.03392424246714
M1,19.972786971892223
M3,20.23616519675131
M4,20.034813232375583
M2,20.033596549650976
M3,20.192073198641378
M1,19.95456921435347
M4,20.01945162033372
M1,20.010595458370265
M2,20.01022303120235
M2,19.958120496483502
M2,19.955821636397456
M1,20.012953726995477
M3,20.25962501630011
M1,19.94521245787791
M4,20.02930095408171
M1,19.978495961848196
M2,19.952985252202385
M4,20.020289022117964
M1,19.988493438353135
M1,19.996184711096145
M3,20.2044861208458
M1,20.016973307935817
M4,20.031172818951923
M2,19.995378115792917
M4,19.96961020036817
M1,20.009482649842735
M1,19.976992679484876
M4,19.969607696722974
M4,19.98722013187151
M4,20.03240515249733
M2,20.043486818019264
M2,20.030108970809906
M3,20.29118107380865
M2,19.9875603515552
M1,19.96921688326223
M2,19.998481032489615
M3,20.18915690293331
M1,20.029583082797338
M2,20.024868206610453
M2,20.00504614311696
M1,20.02140507610511
M1,20.000389985689456
M2,19.99203700970027
M1,19.911894325795
M2,20.03665582685764
M3,20.198124994706436
M4,20.042993818348023
M1,19.92569153410639
M2,20.018084379700905
M1,19.98861522521834
M2,20.041403851898583
M2,20.01491156473007
M4,20.035667184531626
M2,19.997701119406724
M4,20.028665645292524
M1,20.000976130841504
M1,19.944555476442055
M1,19.984296586131624
M2,20.043465567280045
M1,19.960946667488333
M1,19.96050543719371
M1,19.950681964963508
M4,20.016645975963556
M4,19.936521951548873
M1,19.98328936823732
M4,20.025392040003258
M1,19.978354688674507
M2,20.026172544518623
M2,20.02430151779348
M2,20.013014856162275
M4,20.005943948914975
M3,20.23015551924109
M3,20.216778001807537
M3,20.233104991483792
M3,20.226572838756695
M1,19.960239151407347
M2,20.00756162188081
M1,20.01751902961324
M3,20.281272489464996
M2,19.94031942663054
M3,20.2345218649169
M3,20.225649181393297
M2,20.02358161904266
M1,19.975492722689538
M4,19.976919740311555
M2,19.95629078061904
M1,19.974658640104604
M2,20.049272007723353
M4,20.038389715659353
M2,19.98014899631734
M4,20.04765341789569
M2,20.101404890515855
M4,19.98261615011283
M3,20.223121978848138
M1,20.01026785392489
M3,20.23996966991151
M2,19.987366534848324
M1,20.00133291934277
M3,20.157787330597397
M1,19.964784345793525
M3,20.23345505638649
M4,19.98550922801141
M1,19.983703405200473
M2,19.97520415534244
M3,20.244399109288864
M1,19.949667309497706
M2,20.01204010554675
M2,20.024481833067103
M1,19.991567630544896
M4,19.995713580205248
M2,19.987492234546323
M4,19.99961114434512
M3,20.206243763584723
M4,20.048222021329153
M4,20.04370917423204
M3,20.19081970032864
M2,19.970112536272325
M2,20.00015254359306
M4,19.98737386565148
M2,20.03688187062371
M3,20.164144195646433
M1,19.993097803513148
M4,20.00109336247916
M3,20.178601793509426
M2,20.01074655748423
M3,20.211870633175263
M2,20.005660142017938
M1,19.962231958369564
M4,20.045000822223876
M4,20.06636894943438
M4,20.00168424212395
M2,20.059832204331563
M2,20.039968692326244
M1,19.9931805849005
M3,20.19600330566416
M2,19.98872845690217
M4,20.00707593306104
M4,20.014657149768297
M1,20.020901528269135
M4,20.038782718133128
M1,19.950916530419935
M2,20.00152489086002
M2,20.001233534485102
M4,20.00996720398308
M3,20.233966741537156
M4,19.980052645202928
M3,20.21840556395306
M4,20.067480141557976
M4,20.01873813801463
M4,20.007535660823702
M2,20.004852744107232
M2,19.956078002039146
M4,20.01803277148048
M4,20.011390003077636
M4,19.976202713270535
M3,20.21680019339149
M4,20.00098096587488
M3,20.24688029559977
M3,20.162510504645695
M1,19.994460741988984
M3,20.15777375420758
M3,20.22539589121501
M4,20.036795718633257
M4,20.013071806491897
M2,20.002958487901715
M2,19.99836350742372
M4,19.99385931524903
M4,20.04608221329828
M1,19.977641503179154
M2,19.995821059946955
M4,20.005895474488067
M1,20.013126717111422
M4,20.05110649360357
M1,19.973915470461183
M1,20.02264789477408
M4,20.038975359913017
M3,20.272461910235776
M3,20.207019875756178
M4,20.016465425255525
M2,20.00780791507032
M3,20.23111814887139
M3,20.22410298348188
M3,20.194252743472447
M2,20.027714549207506
M3,20.17604742813858
M2,19.987853045660454
M3,20.249862794561665
M4,20.006055960035397
M2,19.994409471626906
M3,20.14588320907248
M4,19.983915730498815
M4,19.98361635125965
M4,19.969300334833736
M3,20.282851993222703
M2,19.985057899838548
M4,19.997905561783178
M3,20.204541475901294
M1,20.003959819720013
M2,19.969808761016807
M2,20.04013660948303
M4,20.03991745420361
M1,19.979637262858617
M3,20.254342317823667
M3,20.22293270354065
M1,19.951948126073507
M3,20.1474002213495
M4,19.98866034407133
M3,20.221887244402954
M3,20.216082601643787
M2,19.98053216899241
M1,19.97762690687609
M1,20.048799160553855
M2,19.97201022084417
M3,20.229835748673697
M1,19.995389877923888
M4,20.08379309747759
M3,20.210854795628507
M2,20.031939973610104
M4,20.03964358936746
M1,20.012785850249408
M4,19.95844758135613
M2,19.99962260773439
M2,20.009174588593567
M2,20.0471218058045
M4,19.995868711065675
M2,19.993721872895364
M4,20.01487156327396
M2,19.98066094914097
M2,20.018289954676277
M3,20.169823106149867
M3,20.209460167411752
M2,19.915428748183057
M1,19.999428240497135
M2,20.02642293774403
M3,20.227099180930168
M1,19.96397534113341
M1,19.997498373623316
M4,19.97791162197173
M1,19.961547474126757
M2,20.03177443202671
M4,20.039204043311702
M2,19.95311724542148
M2,20.04130857610643
M1,19.98188038124487
M4,20.024596996096182
M3,20.188832933044996
M4,19.994753787938908
M4,19.97295199268744
M2,19.97809893223429
M1,19.996421007577418
M2,20.00574033547941
M1,19.979717257570528
M3,20.224980801021538
M1,20.032507942793384
M4,19.999282156490732
M3,20.191878255561864
M2,19.975145250871925
M4,20.040739915224975
M4,19.98324536553515
M2,20.036871027113214
M1,19.947135454713894
M2,20.03211019757607
M3,20.211396846682906
M4,20.06621045668613
M2,19.96162881208486
M3,20.211247163861284
M2,19.988466965131423
M1,20.003334676486276
M2,20.003076155465173
M1,19.99338182619979
M2,19.974525506320575
M2,20.020036120278245
M2,20.00976112006641
M4,20.03956593805951
M2,20.01118975196287
M3,20.27228718112685
M3,20.180233993193703
M3,20.235463490057217
M2,20.003048491160826
M4,20.034067232287605
M1,20.0274772794544
M2,19.997988626812976
M4,20.00076778928984
M2,20.04079282119779
M3,20.254069016598137
M1,20.009973611696115
M3,20.170621963681672
M4,20.01496331723836
M3,20.243953398169698
M3,20.221698136837677
M4,20.00895122607872
M2,19.96136331188424
M2,19.973416519319912
M1,19.9917888461504
M3,20.19786793749432
M3,20.270116074584383
M4,19.986841847159265
M3,20.18772006195074
M1,20.00292661945489
M3,20.21775216692275
M4,20.013023921284923
M1,20.0027327374136
M2,19.970738359732024
M4,20.069309637725254
M2,19.960336005590904
M4,20.022040836247765
M3,20.1672674832658
M3,20.201278425903578
M3,20.259885411475956
M3,20.247500708758903
M4,20.00572552269455
M4,20.065902038090368
M2,19.95530579317927
M4,20.048573322349927
M3,20.274405340852063
M3,20.17839037192844
M2,20.05833280239102
M2,20.015023546027084
M3,20.21152875128275
M2,19.99357758509603
M2,20.008418653861543
M4,20.033908881612792
M2,20.00957261221397
M3,20.25927549845308
M1,20.003819753967324
M1,20.02627558385536
M4,19.958077817939785
M1,20.00033670393284
M4,20.023842335617637
M4,19.96719576899357
M2,20.019556861521632
M4,20.0558079212685
M2,20.03318534318046
M4,20.00286866945405
M1,20.02005139252764
M2,19.984351242620445
M2,20.020288292546187
M4,20.00880937945343
M1,19.99072248209074
M4,20.01604618677923
M1,20.00611782897168
M2,19.972084608118216
M3,20.22259636380065
M1,20.021941191722608
M2,20.00381092994508
M4,20.034086627084044
M4,20.014194668233294
M1,19.935674515014703
M3,20.24353947925643
M3,20.214225255280972
M1,20.032077925146115
M3,20.248630428530607
M3,20.26317754268888
M3,20.233400993064265
M2,20.006974859437115
M2,20.02651725325166
M3,20.237432076991364
M3,20.27553497624096
M1,19.95592875110123
M1,19.932032628812134
M3,20.24525096296176
M4,20.012026979550644
M1,20.03502951652987
M1,19.985658695964513
M4,19.99470171807196
M3,20.209988495266867
M4,20.009222685388966
M4,20.018153852565664
M4,20.028270402892133
M1,19.99523778631601
M2,19.972025110777448
M1,19.95319879376204
M1,20.00802379289568
M4,19.95604300389308
M3,20.248943339494566
M1,19.93239384825903
M1,19.965066110504857
M1,19.92484156658084
M2,20.008637821485905
M2,20.038678103350207
M2,19.968761100356502
M4,20.074170769755582
M1,20.00556492605877
M3,20.22881230057141
M2,20.022668928485405
M2,20.022389738847775
M4,20.038300531954892
M4,20.03885224550546
M1,19.954706817606105
M2,20.04044945027572
M1,19.94264968723024
M2,20.03755112347285
M3,20.187659115149703
M2,19.973246922069876
M2,20.00724962828156
M2,20.08421150951276
M2,20.062075442076623
M2,19.944690593205603
M2,19.99676357500357
M3,20.190404714463504
M1,19.978729833842532
M1,20.016044676977696
M3,20.259988188032217
M3,20.30339008318878
M2,20.08040014504895
M1,20.0276091039743
M3,20.152670276585777
M2,20.03814750007602
M3,20.21235739045285
M1,20.00965546310811
M1,19.97855900645427
M3,20.234193107495425
M2,19.95771808051565
M3,20.265420953670276
M3,20.259820492984776
M2,20.049098152484856
M1,19.95950864102534
M1,20.00987767113954
M4,20.01372328804646
M1,19.989552357536823
M3,20.235687402133056
M4,20.045795277868063
M4,19.99354121368013
M2,20.01458456567297
M1,20.042885651046973
M4,20.02644709022504
M3,20.225361291187703
M2,19.980870544722492
M3,20.208345187539827
M1,20.0104435589487
M3,20.24421677127564
M3,20.22518475139453
M2,20.005665442313035
M2,20.03154603696482
M2,19.961159606202823
M1,20.022226881697417
M1,19.984963408627493
M4,20.035070259785613
M2,19.986543405708844
M1,20.02845759958393
M1,20.026787518480013
M2,20.008679203144464
M4,20.029129738124094
M2,19.977306326655924
M4,20.00388507869277
M2,19.940919645056223
M4,20.023427537111083
M4,20.086223049223975
M1,19.98248735010642
M1,19.981626241078605
M4,19.9828323942955
M4,19.97266974270277
M1,20.006284721940354
M3,20.185975559633
M4,20.000553561714305
M4,19.992333107696144
M2,19.94892831216793
M4,20.0008163115278
M3,20.23441985720992
M4,20.05280297899949
M1,19.96050044531811
M3,20.205016045352505
M1,20.00559748466246
M2,19.91380188114622
M1,20.019647345731492
M2,20.08489579091194
M4,20.00984827293066
M3,20.239256759264723
M2,20.063317796486857
M2,19.99630627945178
M2,19.990833015566277
M3,20.258074222979555
M2,19.985130314515914
M1,19.962355795478324
M3,20.18821080765205
M4,19.96975355555021
M2,19.954720115769963
M1,19.926201238118686
M1,19.95392815375086
M4,20.015801161760265
M4,19.992710348923204
M1,19.939580694527557
M1,19.96488860714536
M1,19.95862518012543
M2,19.994338416843576
M4,20.038159144507784
M1,20.03777339225964
M4,20.02581710957236
M1,19.995938672791755
M3,20.15002191008179
M2,19.946088368580625
M4,20.030951510800588
M2,20.001546290435883
M2,20.01920061186258
M1,19.958420382183853
M4,20.016338665683097
M2,19.976499775640477
M2,19.963666214061877
M3,20.23596732414259
M3,20.260818158358532
M3,20.196133413026633
M2,20.0422327961175
M1,19.98538614258387
M1,20.01959958290225
M1,20.01966380372709
M3,20.25991941235928
M3,20.23458389711607
M3,20.22500802372302
M4,19.99445707567463
M1,20.05233815918144
M4,20.057165696650618
M4,20.03268867923429
M3,20.27386915684595
M3,20.233640212522868
M1,20.00540282682554
M1,20.05774457262033
M1,19.974879044231063
M3,20.23221023892208
M2,19.9929973258267
M1,19.92664745615844
M1,19.959888638763363
M1,20.00056119626507
M3,20.20737063590951
M3,20.211386973353054
M3,20.176503539936544
M1,19.9480377347596
M1,19.98930636899887
M1,19.99483250284543
M4,20.009096037977383
M3,20.2428916636219
M2,19.962052137472345
M1,19.941121752164943
M2,19.981451431985473
M4,19.960093685282203
M1,19.99493050655805
M4,20.02088140122443
M2,20.0294687250346
M1,20.036258097350892
M4,20.001922988625747
M3,20.211085987126623
M3,20.19882034924292
M1,19.933150291851444
M2,19.968681224721813
M3,20.19539117459456
M3,20.30532525576872
M1,19.991183699563617
M3,20.278963055446745
M4,19.991668472892375
M4,20.04329585261121
M1,20.04349136150086
M4,20.011143869046663
M3,20.245211058908588
M1,19.924124706496983
M1,20.037254328093212
M4,20.050153015135734
M1,19.977473351824223
M1,20.02599297796682
M2,19.99942944801401
M3,20.232390053016093
M3,20.147375820045045
M3,20.21577276282575
M4,19.987230384729056
M4,19.992966688605943
M1,20.010929516969405
M1,20.003418831571945
M1,19.933157518978867
M2,19.99772641650736
M2,19.99623042724744
M4,20.038397890262974
M2,20.042758210011467
M1,19.95948719679533
M4,20.013188821798412
M2,20.022418631420415
M4,20.031421785088977
M4,20.012657189849875
M4,20.02317959597948
M4,20.05978107522193
M1,20.01993825476269
M3,20.21821305458536
M2,20.047571252116633
M3,20.22144086583691
M3,20.1949166175546
M3,20.14929208285903
M2,19.97413946591748
M4,20.048638433605273
M3,20.269474205479
M4,20.01722466572032
M1,20.00583685943743
M4,20.042542542604217
M2,19.97746755553026
M2,20.027285617256712
M4,19.99828833776216
M2,20.026348301674133
M2,20.02923394991095
M4,20.035304103654845
M4,19.97747271318946
M2,19.95357021967565
M2,19.98469887508908
M1,19.995001747877808
M1,19.988901075026483
M3,20.257444764324664
M2,19.987609815192524
M4,19.99924432451822
M1,20.018905948544003
M3,20.244405137535697
M3,20.25107938715757
M3,20.245588946212635
M1,19.97076365812684
M2,19.999788630037493
M3,20.203213039384277
M2,20.013194646329687
M4,19.99376268825268
M3,20.31966105708122
M2,19.976862486803032
M1,19.97160836408362
M1,19.96512762428181
M2,20.015135757656054
M2,20.053277628497742
M4,20.051857257728276
M4,20.021028828178764
M1,19.984124933176876
M3,20.300414090292374
M2,20.041187953167675
M1,19.88369300298996
M3,20.196727532037507
M3,20.28790463570908
M1,19.943852009022
M2,20.00932024308465
M3,20.19101455953706
M2,20.02578974780174
M2,20.03961203176758
M1,19.991382367931465
M1,20.007782714287178
M4,20.079752600616185
M3,20.26912309846931
M1,19.96692950947281
M2,19.995581615802788
M1,19.94566993491937
M2,19.97097408064097
M1,19.994238303454097
M3,20.256669595255634
M3,20.212969667307775
M3,20.263332497767927
M2,19.97198527685976
M2,20.007108849356193
M1,19.95381932486008
M1,20.027489285764744
M2,19.97150719047097
M2,20.025905502507708
M3,20.228400373272187
M1,20.04959157924373
M2,19.9946424617522
M4,20.03483822037003
M4,19.965554594530357
M4,20.018709016375247
M2,19.99355706949016
M1,20.016074169546563
M1,19.99383327677672
M1,19.998874625421458
M4,20.014461880833444
M4,20.043333409761267
M4,20.044157331055825
M3,20.195043759758736
M2,20.0024517934044
M2,20.079086525055736
M4,20.06272494108961
M4,20.055818049276304
M3,20.21514825994345
M4,19.95409899724857
M2,20.019141925947817
M2,20.079395581354383
M4,19.983140570122067
M2,19.99093685687504
M4,20.039027141322503
M2,20.008144258642176
M2,19.990372556566623
M1,20.000819434828063
M3,20.17830437178956
M2,19.97283072604907
M2,19.958764559151216
M3,20.22069120564148
M1,20.00843632770744
M1,19.961459581956547
M4,20.019416775898755
M3,20.123311688264664
M3,20.201474964401612
M1,20.00443647887544
M3,20.233921817903894
M2,19.94615260275925
M3,20.22318155183733
M1,20.05700485205673
M3,20.21586221924603
M3,20.215412993389823
M2,20.003984442256986
M1,19.96787393375321
M4,19.980186995086186
M3,20.240611871403985
M3,20.183957963604097
M4,19.98727664688919
M3,20.19890073030712
M1,19.95547429393862
M2,20.01917537569791
M4,19.974121547459596
M2,20.105092815937216
M4,19.96268258041584
M1,19.94946082935792
M2,20.031851342514376
M2,20.03568048023839
M3,20.25502173793814
M1,19.976352966320366
M1,19.950010336843626
M3,20.260013862729924
M2,19.99069383471829
M4,20.055085165167856
M4,20.023719573573597
M2,19.97427850299834
M3,20.277455040757445
M2,20.032483667377864
M2,19.97983480607732
M3,20.160471464330055
M2,19.932747757206933
M1,19.936847067064292
M2,20.01346994063069
M4,20.03182516298052
M2,20.018352463280213
M2,19.96489222599941
M3,20.151053458800284
M1,19.94867637224929
M2,20.00164667328147
M1,19.98047840957477
M4,20.012466717932604
M4,20.0151042723446
M4,20.015424567696776
M1,20.011324969768996
M3,20.23544381360512
M3,20.267181761754845
M4,19.960195819104523
M1,19.99512817176114
M3,20.227560966837988
M1,19.989579863528565
M3,20.19939009542882
M4,20.041012516081494
M1,20.021397034388396
M1,19.975522735748445
M4,20.01212290813872
M1,19.948609322336218
M3,20.2167741701023
M3,20.174103660128996
M2,19.97713271883692
M4,20.026559561978804
M4,19.99240647141395
M2,19.99756166878461
M1,19.963830555652816
M1,20.01036134247567
M1,19.985936786378
M4,20.048671443134953
M3,20.196656657138597
M3,20.23476926567578
M1,19.945353119183252
M4,20.053565561508773
M3,20.2427296606169
M4,20.002852551632913
M2,19.955789701686115
M3,20.204111370376136
M3,20.2507558639128
M2,19.99681582281945
M3,20.21684238904688
M2,20.01139589061477
M4,20.028122410871227
M3,20.186362958718338
M3,20.230899582178825
M3,20.215988406022863
M2,20.01774373278632
M4,19.972542842438084
M1,20.00326825825794
M3,20.237412593716005
M1,19.922400943851404
M2,19.96803391740544
M3,20.243641801367875
M2,19.962069602371542
M4,19.98927369928124
M3,20.225055560408435
M2,19.989511121394997
M2,19.99311644469294
M3,20.241160007369675
M4,20.01918099442321
M2,20.033987369404898
M3,20.227831385706352
M3,20.254511518763255
M1,19.989691289017607
M4,20.05576914334488
M3,20.1967219510912
M1,19.9908221151116
M3,20.24942937980124
M3,20.197807588468276
M4,19.992986758867453
M1,19.925063700229195
M2,20.00766635674401
M1,19.951518320154012
M3,20.24940754007038
M3,20.257710545997973
M2,19.963498549149893
M4,20.0546553741222
M3,20.221310168577087
M2,20.08417912065887
M1,20.01679351369923
M2,20.042719108664013
M4,20.057887089394523
M2,19.976257525081746
M4,19.977077468778948
M3,20.20442927125215
M3,20.211009773745538
M2,20.008920158557693
M3,20.224210982762173
M1,20.05987183099405
M1,19.964464263470457
M2,20.045918555671733
M3,20.27115156951284
M3,20.19033887577138
M2,20.05756395907627
M2,19.94584869054967
M3,20.233595038946092
M3,20.18579358872636
M1,20.00829287492208
M2,19.96370174080428
M3,20.241505805939017
M4,20.050815982220485
M2,19.994758985819992
M4,20.00288705021176
M3,20.145667156804567
M2,20.02244429470595
M3,20.24472858472948
M4,19.977755615309785
M1,19.98818901112023
M1,19.953746194149375
M2,19.985255585655825
M1,20.015150841756853
M4,20.001306334671757
M4,19.978763777869368
M3,20.244805913767625
M4,19.993776494872037
M1,20.025889697604523
M3,20.26524668139115
M2,19.99034228672532
M2,20.05505295173698
M2,20.009546383334644
M3,20.230059996924485
M3,20.244466780248533
M1,19.95928042025462
M3,20.19286121906587
M4,19.995113420393434
M1,20.03000758608821
M4,20.01001978650419
M3,20.172026220827153
M2,20.01398934845121
M3,20.232058113145268
M3,20.25625664191222
M4,20.065986747866443
M1,19.98382788975927
M1,19.97238180962605
M3,20.253261376673937
M2,19.95367427202053
M1,19.94113999135508
M2,20.000240873310528
M3,20.159125244974824
M1,20.026304457968124
M4,19.99010821033297
M2,20.02267532528683
M1,20.002513953059243
M1,19.98071504136033
M4,20.00352958310708
M1,20.02481796097033
M2,20.04440840606831
M3,20.183807656198553
M3,20.262382557129207
M2,20.046292307281245
M1,19.986270290410857
M3,20.23985713384243
M2,19.98865100914941
M1,19.980422993428988
M1,19.96204697700716
M3,20.20545670019248
M1,19.98175379977287
M2,19.957774732387666
M1,20.000308495759295
M4,20.036081054891035
M3,20.25124748527983
M4,19.980981016143748
M1,20.02859873229365
M2,19.998044933479115
M2,20.033028286990152
M3,20.24595251596867
M4,19.993343542674193
M1,20.07638217425922
M4,20.01908208826067
M3,20.256325904093064
M4,20.075020460002072
M1,19.96951184277757
M4,20.017173197309123
M2,19.99408560007936
M2,19.96884280309863
M1,19.974783245604577
M4,19.94594278581119
M4,19.979883021490114
M1,19.993733743325276
M2,19.96547625610596
M3,20.196792156140408
M3,20.21566142798854
M1,20.000212865813193
M2,20.004728723638134
M2,20.014322613682
M2,20.002254190206727
M4,19.97287553262278
M1,19.974458821531655
M3,20.21430852177666
M4,20.023161859528024
M4,20.03278456197782
M4,20.04520064411656
M1,19.996765487933875
M1,20.025504928672973
M4,20.023201113369645
M3,20.18805971616052
M3,20.217199702512445
M2,19.993744910045205
M3,20.21275112799323
M1,19.967823549692948
M2,20.02115989149524
M3,20.24521135679725
M1,20.04473178740382
M1,19.982109786139336
M1,20.04243766402858
M1,19.965891286581847
M4,19.989097405341237
M3,20.18571995625294
M4,20.028480849255924
M2,19.996981379414542
M3,20.140696382161536
M4,20.06036347251637
M2,19.979924697635365
M3,20.233869557959387
M3,20.243329607250455
M4,19.967777384576113
M4,20.0176525612617
M3,20.183851109396173
M3,20.2306882407086
M4,20.024833857242772
M3,20.218934490103713
M2,19.9186337297766
M3,20.24109352624457
M3,20.235284014204996
M1,20.070644918929123
M3,20.213757668516973
M3,20.236533090112932
M4,19.968854164419128
M3,20.16268430887386
M1,20.05031101652884
M4,20.025969288593608
M3,20.28316569501511
M2,19.981325412240423
M4,20.081644685844836
M2,20.019094608324252
M2,19.93924336374047
M4,20.01122930979334
M4,19.97004265694159
M3,20.267815974051388
M2,20.009974846870666
M4,19.993437774441052
M1,19.97726594825329
M3,20.152784342900834
M3,20.23500302816863
M4,20.059928301736026
M2,20.013423140654492
M4,19.99201663037544
M1,19.88579962580528
M4,19.969308937329753
M1,19.93294972609583
M3,20.233759919295103
M1,19.993848781902155
M4,19.989630118298127
M4,20.001663574462523
M1,19.97881895780468
M4,20.024668690574902
M2,19.9859841536369
M3,20.17980797525023
M1,19.97745964368457
M1,19.980784710874836
M1,20.01948780580908
M3,20.257122098088228
M3,20.182092022495823
M4,19.946865823878184
M1,20.00371419222133
M3,20.22254220327883
M1,19.963783170787593
M2,20.00295426474763
M1,19.96091667941695
M1,19.979022562542877
M3,20.247319098091335
M4,20.004531905555005
M3,20.275420054183503
M4,19.96203014645112
M3,20.252338765326897
M1,20.01715790196204
M2,19.969646295906028
M4,19.94694226314849
M1,20.014878755681533
M1,20.05161298906148
M4,20.012140970473087
M1,19.99033715623785
M4,19.983126382941073
M4,20.031940604771176
M3,20.18656290950708
M3,20.142993637416577
M1,20.004894793175623
M2,20.047455954799723
M4,20.04368667921795
M4,20.03855124533244
M2,19.99813601720452
M4,19.95221738538528
M4,19.98520614751654
M1,20.037728800473037
M3,20.184285451057992
M3,20.25463701600612
M3,20.18563246793564
M4,20.017124969013263
M4,19.962343964384047
M3,20.20407889785457
M2,20.01467974652807
M4,20.007009810454687
M4,20.02623840004751
M3,20.21315154430553
M3,20.192571980654915
M1,19.936548928689287
M2,19.98471157921069
M1,19.993529900436226
M3,20.2379577619414
M4,19.989449147620327
M1,20.000935263608497
M4,20.034112414639825
M1,19.964707707945696
M1,19.967498358991552
M4,19.983227118551795
M1,19.95301139405136
M3,20.228449269007225
M4,20.00774927973921
M2,20.00973991405268
M1,20.00373252427529
M2,20.00068532961055
M1,20.033787070294633
M3,20.2323971260288
M4,19.98780017582372
M4,19.96152570460375
M4,20.006295955027248
M4,20.053593071214976
M4,20.07199302632159
M4,20.033048142152353
M3,20.20629574773707
M4,19.974341714949094
M2,19.965649714751553
M2,19.967794923560415
M4,20.04644697603695
M2,20.02041671996539
M2,20.050746715633338
M1,19.99284462826373
M2,19.98062521391713
M3,20.292032330719906
M4,20.02290463617838
M1,19.96002848935697
M3,20.248207609529818
M4,20.03967938099968
M4,20.056360132352165
M4,19.991297449830217
M1,19.98266499652517
M2,20.00186518618896
M4,20.009601218062105
M4,20.0621936874976
M3,20.28970529667897
M4,20.005510458895667
M3,20.17684443045652
M1,19.944297057709996
M4,19.999630301112813
M1,20.01249553129276
M2,19.995001883941416
M1,19.99661697326421
M3,20.28973673602029
M1,20.0262645578484
M3,20.20399116870407
M4,19.974567432628092
M4,20.03454621556083
M2,20.04480899481263
M4,19.975656026367943
M2,19.93429562026222
M3,20.196317818141427
M3,20.23242052958411
M1,19.936100561082363
M1,19.987378018752615
M1,20.03536781422839
M4,19.94236165288425
M4,20.04404718633464
M2,20.033770555191392
M4,20.01828751999105
M1,20.024624582464305
M4,19.999631539101753
M1,20.010503221373995
M1,19.988699963880183
M4,20.020494453648684
M2,20.066513125733316
M2,19.99864855831285
M4,19.97846661732373
M2,20.0419257642564
M4,20.02280490483021
M1,20.0061350683476
M1,20.017256682533127
M2,20.041230446724775
M3,20.20030654527305
M1,19.990066646521377
M1,19.967093340744917
M3,20.224905730208192
M2,20.04822883566767
M2,19.97052377545761
M1,20.01246523673584
M1,19.997041005158252
M1,19.95114923225169
M3,20.163391061032357
M1,20.027905446042535
M1,19.997320979206723
M4,19.984988811843863
M2,19.995899314260384
M3,20.21674428980826
M2,20.001922525309087
M4,20.010660323722934
M4,20.029355630931143
M2,19.98437845018251
M3,20.21601075768747
M2,19.964529399162057
M4,20.038092867990688
M2,19.985584535968197
M4,20.023798832484953
M3,20.265353317040496
M3,20.269307806031765
M2,19.9621705682213
M4,19.990368995993528
M3,20.255783052648017
M4,19.985593575941422
M4,20.008797037363458
M1,19.97418415314028
M4,20.04331684191684
M4,20.039173377177583
M1,19.959063123445603
M4,20.010835721950578
M3,20.18282753253773
M2,19.937951068233467
M1,19.95658741602653
M2,20.023172634587382
M1,20.041726776601184
M3,20.26741064286642
M3,20.224967115652532
M3,20.218735428218473
M3,20.176470806100703
M2,20.02228474683551
M3,20.16667109065604
M4,19.951758766123177
M1,19.970133095195227
M2,20.015500768893528
M4,20.039893625636378
M4,19.99445167218743
M4,19.977367076396376
M1,20.050321707053673
M2,19.99681855975981
M1,19.949654244624817
M4,20.019807544128955
M3,20.246612376983027
M1,20.055764242071383
M1,20.033306947296964
M3,20.203213920011834
M4,19.96000246786723
M4,19.96521332748248
M4,19.941003070212886
M4,20.013067115292746
M4,20.020715051951672
M4,19.97887561865558
M4,20.01415619197261
M2,20.00615412210327
M4,20.09088947365359
M4,19.992058084592053
M1,19.95798894258655
M3,20.171034123223254
M2,20.05548919709687
M1,19.97434377191898
M1,20.005336927727782
M1,19.974123889527657
M4,19.999096111219625
M4,20.036528653967626
M1,19.982137762477556
M3,20.18818560383734
M3,20.231345157012704
M3,20.19625172696734
M3,20.215097115425092
M4,20.02303568723022
M3,20.249941429539295
M3,20.247787746322174
M3,20.264506883425096
M2,19.96686767584869
M4,20.02519324726164
M2,19.98237009666487
M4,20.01690786706807
M3,20.22312572760614
M3,20.227622882359544
M4,20.062341533736987
M3,20.2394132511127
M3,20.24942723832022
M3,20.22043143813967
M3,20.2393958966755
M2,19.992977621474022
M3,20.200236508066777
M4,20.009306740286785
M3,20.241458481089214
M4,19.99833379710671
M4,19.98508682014766
M2,20.008029411864296
M1,19.96914050994512
M2,20.00846767654784
M4,20.010040406015
M4,20.006944501047652
M3,20.238219226658902
M4,20.026208305231528
M1,19.972555312578997
M3,20.243835269436577
M3,20.205575632985035
M3,20.12675412691843
M3,20.19791442150975
M2,20.017761758138203
M3,20.25280574682656
M3,20.154878162417653
M4,19.9718630899603
M1,19.965512842055663
M2,20.06210121180403
M2,19.997632030863542
M1,19.9991707321573
M2,19.985112438709585
M2,20.003274884505263
M2,19.974223064903
M2,19.91261770329268
M3,20.25647745227064
M3,20.214959693083355
M2,20.036849620436605
M4,19.999693775340734
M2,20.01436602454171
M3,20.168244855382103
M1,19.989473885579663
M1,20.01930728054627
M2,19.956964953726903
M2,19.985474478287085
M2,19.965598613271997
M1,19.987484381458803
M2,19.953441042392537
M3,20.22222169395507
M3,20.196854245521557
M1,19.99931714484174
M2,20.009991953072728
M3,20.279271979625214
M3,20.231651924108853
M4,19.965292029015277
M2,20.028083073668324
M3,20.246598930859147
M4,19.97533872576003
M2,20.023264460862013
M4,20.01049869679639
M2,20.010496675451332
M2,20.016290071268113
M3,20.190884894863064
M3,20.19633727853545
M3,20.20270993406315
M1,20.02200152246207
M1,20.015924367715144
M4,19.950981080509784
M4,20.00834288171253
M4,20.00381085569126
M3,20.24675222658991
M4,19.99933752404712
M2,20.07085513801739
M1,20.047992363603687
M1,20.02920201007862
M2,20.018504471113772
M2,19.96632924168367
M4,20.075564345885855
M2,19.963721597281467
M3,20.22765234880937
M2,20.001374956574548
M3,20.26258142331238
M3,20.25022741837273
M1,20.003284994927128
M2,19.95870163433485
M1,19.943027332888636
M4,20.05165903691713
M3,20.18826275601313
M4,19.971991683351053
M4,19.981099279695517
M1,19.94735088530857
M3,20.244997534224325
M1,19.964174111038556
M4,20.0009719395519
M4,20.03684045353204
M3,20.229526433542013
M4,19.997699310674648
M4,20.010864443770114
M4,20.041258133579024
M1,19.99755212490047
M1,20.006592055873647
M4,20.04333687268137
M2,20.0045744269599
M2,20.024158185333956
M1,19.95690779577475
M3,20.215007419753377
M4,19.999187680211783
M4,20.03889591436952
M3,20.19019521703741
M3,20.211374320233904
M3,20.163515839502058
M2,20.009951018572934
M3,20.216264546465393
M4,20.0339878968316
M2,20.04501289304468
M2,20.050434747743907
M3,20.175083858061058
M3,20.223598980407083
M1,19.998522289987687
M2,20.0128709272997
M3,20.2660035727994
M3,20.219569709766933
M3,20.19911182253485
M4,20.070067534650377
M3,20.23150336487581
M3,20.15685004909818
M2,20.01578330153639
M2,20.005027903028136
M4,20.00286655863144
M2,20.03202509189532
M3,20.25465844604351
M1,19.989373294904713
M1,19.951481966283566
M1,20.01520917693367
M1,19.96096363676275
M3,20.234031644420636
M3,20.20758085271797
M3,20.221894891023855
M2,20.072864661088705
M3,20.255036097121547
M1,19.98119466304316
M2,19.97206737680641
M1,19.969308062552056
M1,19.991995929435276
M1,19.944865448420323
M1,19.901541327606303
M2,19.97429520264834
M3,20.227375833090026
M3,20.219581705491752
M2,19.991684158400957
M1,19.967148533121307
M1,19.961124243084733
M3,20.215920772518256
M4,19.938769443567544
M2,20.004574343260188
M1,19.996038294727775
M2,20.061218773607976
M1,20.016989076597103
M1,20.00372850264449
M2,19.990570594290524
M4,20.022862252841968
M3,20.226576297699705
M4,19.9984166306635
M2,20.006538614381647
M2,19.989988545812132
M2,20.033331686426607
M1,19.951133976666014
M2,19.999729011243076
M2,20.0009652525821
M2,19.981700033886067
M1,20.012074588313354
M3,20.182926192327475
M4,20.04854355809301
M4,20.013762428504865
M1,19.979853600890237
M1,19.95222830846214
M4,20.04981547643859
M4,20.007452843055898
M3,20.197520842110695
M2,20.02625352964213
M3,20.225822338205763
M3,20.221497021472185
M4,20.047855010899003
M3,20.242724812895613
M1,19.977141923362833
M3,20.2106635843117
M4,20.05255574709233
M2,19.970277220162995
M1,19.99881340250033
M1,20.020524352811616
M4,19.96657276261764
M2,20.019879264482856
M3,20.274667871366677
M4,19.99973805327085
M1,19.976954588702384
M1,19.937531938673764
M4,20.004507555725375
M3,20.236864666752712
M1,19.98639957696951
M3,20.165911239236173
M1,20.016851329253445
M4,20.01630195043991
M4,19.953082961868983
M4,19.979179633572553
M2,20.00576219243109
M2,20.022004938711103
M4,20.04791925106872
M3,20.18842381001453
M3,20.24139948045819
M1,19.92476833972982
M3,20.271551162587915
M3,20.178610486857956
M2,20.03016921455906
M4,20.01046114258067
M1,20.000705531363376
M3,20.18491864180358
M4,20.032037245103705
M3,20.202957021952283
M1,19.98145860706465
M3,20.242009273096997
M3,20.252561494222658
M3,20.252189431887174
M2,19.949346248155127
M3,20.17959958805436
M2,19.960917536633023
M3,20.16382923167353
M3,20.220897306516644
M3,20.240118774001058
M4,20.012900335166297
M4,19.989660912444695
M4,20.0299911762352
M4,19.995562491576603
M4,19.97207807842066
M1,19.960089179705417
M2,19.981255596640104
M3,20.248499791499295
M2,20.038862424094656
M3,20.25905906327735
M1,19.98930891511124
M1,19.972599790400707
M3,20.239647662147757
M4,20.018624313403485
M2,20.052318066955056
M2,19.959274108358297
M3,20.216748576299324
M2,20.01663325657046
M1,20.04211546624741
M3,20.1680804268552
M4,19.959111159544104
M3,20.265343419848296
M4,20.05417908874123
M3,20.184370721036736
M4,19.969137251211645
M1,19.978118229766935
M1,20.013759924981564
M1,19.95342937633011
M4,20.05345896616661
M3,20.23869703234589
M1,19.96203176921316
M4,20.03599583996384
M2,20.0115029007763
M3,20.275475340682547
M1,19.973166888034203
M1,20.0017597770551
M2,20.07236275451347
M1,20.04640244607252
M3,20.267706848051912
M1,19.924154551391076
M1,20.006712768201943
M3,20.234880979037406
M2,20.002561819012424
M3,20.203866413174296
M3,20.224162075778658
M4,20.03045834668188
M4,20.008827494141595
M1,19.996844118735197
M3,20.28303330223831
M3,20.303676719929488
M3,20.178716619147608
M4,20.00511753100148
M1,20.00430694101754
M2,19.93652543694494
M4,20.025276379172
M4,20.0085624702074
M1,19.958001636248717
M2,20.014845819971455
M2,20.028127117640693
M1,19.98933872826901
M1,19.980296921850176
M3,20.20980856867248
M3,20.250187831145706
M3,20.24857742704182
M2,19.98740590085924
M4,19.971728466972277
M3,20.194743558236965
M4,20.01706238993765
M2,20.01703293317592
M1,19.971898321665737
M2,20.03174350472956
M3,20.199017627566885
M2,19.9990457234698
M4,20.032449528847167
M1,19.99345934918743
M3,20.260848479521712
M2,19.984331024008124
M1,20.01968885700205
M3,20.2533434958842
M4,20.055675417285123
M3,20.189700155478345
M1,19.950606371726767
M1,19.92566798408176
M2,19.991039753534036
M3,20.247848843388876
M2,20.03189651799776
M2,19.98744230506484
M4,19.997958432999937
M1,19.961194531381157
M1,20.003919923775342
M1,19.99628025911875
M4,20.006810436045676
M2,20.030177501195897
M1,19.951915916634892
M2,19.95815256929032
M4,20.03393785513515
M3,20.25619652241883
M1,20.001208056426833
M1,19.99503667875206
M1,19.97364164050118
M4,20.002069756611423
M1,19.968011681928136
M2,19.985688543217982
M2,19.9822086410247
M3,20.16526159621779
M3,20.184467783329858
M4,20.00021348508274
M2,19.96136656232291
M2,20.02395553034911
M2,19.89867479329681
M1,19.994001222704437
M3,20.1947809870488
M3,20.208775950461384
M2,20.00664115072463
M4,19.998828137968893
M1,19.99616293192956
M4,19.992248356139665
M3,20.25906594926118
M1,19.975508391794527
M3,20.215076061452212
M4,19.99827988847503
M2,20.041814354624716
M2,20.003361824240276
M4,19.973066023656443
M1,19.980145486072058
M1,20.004222584323475
M3,20.298479169578695
M4,20.03970231657227
M3,20.19670430693351
M1,20.008028766069604
M3,20.234553395254583
M2,19.99565027957755
M4,20.067883169746075
M3,20.220932993665183
M2,19.965701569362476
M3,20.14772469935872
M3,20.24882448450328
M3,20.234309737651166
M2,20.00474465544397
M3,20.151451680917532
M1,19.9820962290684
M2,19.98090341175618
M2,19.98175715081598
M3,20.232149636561335
M4,20.00406059456974
M4,20.061729504682365
M2,20.055718910194663
M3,20.213826943111545
M1,19.950534664227643
M2,19.995160707810363
M3,20.22281801110525
M3,20.259930728181388
M4,20.044586976033138
M2,19.976318688021752
M4,20.00476098641846
M4,20.010759008985406
M3,20.225410316754385
M1,19.970430095541012
M2,19.972948033201178
M4,19.952948615504024
M3,20.18611754880449
M4,20.00518664105024
M4,19.962442890064157
M1,19.97509416333496
M4,19.988818468944643
M2,19.991187290528934
M4,19.93218878902052
M3,20.218955536313725
M2,19.996291279939175
M1,20.035535470335716
M1,20.01077469507362
M3,20.207763077373254
M3,20.21809840494816
M3,20.211191253855613
M1,19.96044446818771
M3,20.169428153990516
M1,19.937245711929563
M1,19.948226061948784
M2,20.008937180233943
M3,20.18673552961802
M3,20.1925504998537
M4,20.028745326212313
M4,20.063319461902857
M2,19.969542423431218
M4,19.991564117516813
M1,20.018593268860233
M4,20.07909337273763
M2,20.01546016690424
M4,19.97167279037205
M4,20.02577759138206
M3,20.219073563858245
M4,20.005268082045703
M1,19.951417055486512
M1,20.002698585868515
M3,20.23524845757942
M3,20.24348703196411
M1,20.008661424422034
M3,20.252006636680026
M1,20.017550618406815
M4,19.95453064854584
M1,19.943105884770404
M2,20.028446766546267
M4,19.997603269654626
M3,20.224991753483906
M3,20.229647083857017
M3,20.222237781100844
M4,20.062415677986397
M2,20.014684798326115
M4,19.984130350939775
M3,20.244788497345947
M4,19.974199087401526
M3,20.196547045433892
M1,19.971632639005964
M3,20.228285553199377
M4,20.01757626943176
M1,19.9711882939157
M4,20.03190181499232
M1,19.992244653582095
M4,20.061120097095
M4,20.052881279450748
M1,20.047436512192313
M3,20.180056060298995
M1,19.968235538647946
M3,20.23664046616456
M4,19.97894829010612
M1,20.032371677901576
M1,20.017252098542848
M2,20.021821094581277
M2,20.022808446959655
M1,20.005518793171294
M2,20.066135111486773
M2,19.98167963693623
M1,19.957248049228145
M2,20.02908440072512
M1,19.949430729834585
M4,20.002299161303533
M4,20.02029720093519
M2,20.034954838975384
M4,19.98149773278519
M2,20.00045803224103
M4,20.023280971391912
M1,20.05031879790413
M2,20.009937689654706
M3,20.18845025074879
M1,20.00627599021792
M4,19.98841512638238
M2,20.025743229951964
M2,19.99338858613828
M2,20.07093178630097
M4,19.93997885245562
M1,19.9644200431984
M4,20.032783117517106
M4,19.973933612823544
M4,20.00358264174002
M4,19.95782951520025
M4,20.015846651563344
M3,20.271479022473187
M2,20.04360083614039
M2,20.02567750491014
M4,20.01334080601846
M2,20.00005745482421
M3,20.21655450298909
M1,19.980184857462195
M2,20.024275201108857
M2,20.027576747794512
M2,19.95241207491162
M3,20.188022526860127
M3,20.19768913605149
M2,19.98837636109007
M1,19.959075598978064
M3,20.194178555142457
M1,20.05222333009849
M4,20.025638396281582
M4,20.008495374790233
M1,20.018816926685293
M2,19.99685297733036
M1,19.96015043449037
M2,19.985312051951382
M1,19.97069458712508
M4,20.03022211477459
M1,19.97773493946461
M3,20.25927496168693
M3,20.234974233561676
M1,19.90422481857268
M4,19.989916752339
M1,19.96513725397326
M4,19.933191646075873
M3,20.21470082728013
M3,20.271136940841192
M4,20.01913768552973
M2,20.01255405733752
M2,19.976811260268693
M1,20.018708854374665
M4,19.948968476132663
M2,19.98961571778432
M4,20.015720473788996
M2,20.03347627886081
M4,20.00499836881076
M4,19.94782838528743
M2,19.991483133280813
M2,20.067088565817357
M4,20.01242097197496
M1,20.022137721883706
M1,20.00790589931694
M2,19.956776742582864
M3,20.194588645272137
M1,19.98975232195028
M2,20.01074917145487
M4,19.950588799727612
M1,19.98414049317163
M1,19.958755496354897
M2,19.957834194273055
M1,19.97207254482787
M1,19.977163527954612
M1,19.986211102615133
M1,20.030288449556625
M4,20.00852155466364
M1,19.980467986403372
M3,20.21967045835081
M3,20.247206345950076
M3,20.206093286015587
M3,20.20991825306904
M2,20.030486480437546
M4,20.037901054227554
M1,19.984086630386425
M1,19.922672136866932
M4,20.102300218627757
M1,19.994822525287283
M1,19.93781390652139
M1,19.97590752301047
M1,20.00941659277943
M1,19.97967909171829
M3,20.274084006437157
M3,20.22937310842305
M1,19.996371923669617
M4,19.994853821386627
M1,20.01091606248741
M3,20.199703812806856
M4,20.00761531891905
M3,20.236698269872957
M2,20.014490847115255
M1,19.965406237281236
M1,19.99912243083213
M4,19.977996799680295
M2,19.940727680506672
M1,20.013151241317708
M3,20.2545534249737
M3,20.22598956327933
M1,19.955996499855377
M1,19.97661722937081
M1,19.93312626857329
M1,19.97861174852221
M3,20.16582618560332
M1,19.986442062231717
M3,20.207732694863942
M1,20.03027010086568
M4,19.988806517233176
M3,20.24166496977571
M2,20.046466631607792
M2,20.00860205568069
M1,19.957033540550377
M1,19.993643012033
M3,20.174164771852812
M1,19.985496983342188
M3,20.25959206035631
M2,19.99418729685661
M1,20.015046969608616
M3,20.1429651586286
M3,20.239980603234116
M3,20.208119030100516
M1,19.90700236247306
M3,20.304185215767458
M4,20.02226628652329
M2,20.02019213455575
M4,19.972650203923383
M3,20.210489311384578
M2,19.9761729759411
M4,19.99515420937824
M4,20.021731690789043
M1,20.01652651370476
M4,20.037870197666656
M1,19.977736176807262
M1,19.934627492143903
M1,19.968679282960384
M2,20.02832549135113
M4,20.02237410283023
M3,20.206534751278163
M3,20.25244015272788
M1,20.01510223276675
M3,20.216945515842728
M2,19.96788369954542
M2,19.973768927667223
M2,20.07213378905576
M1,20.018240426131765
M4,20.004749504091297
M3,20.196812513939843
M2,20.106742566635607
M1,20.03566115259881
M4,20.008418744906116
M2,20.009254260452476
M2,19.976287243110256
M3,20.263332733227383
M1,19.969611539092167
M3,20.19506250299936
M4,20.081907432714765
M2,20.01758373630277
M1,19.981751145111502
M1,20.011790309289783
M1,19.94121192389323
M3,20.202169365405567
M2,19.956336821125088
M1,19.996970397003015
M3,20.239356951212567
M1,19.989936970277977
M2,20.017604983243373
M4,19.977600244570656
M1,20.028061229825447
M1,19.970387849420444
M2,20.01873695680838
M3,20.2446466508803
M1,19.976250102755355
M4,20.034432873102205
M1,19.94492770513319
M4,20.01660560312467
M3,20.22607176435377
M1,20.02305713750778
M1,19.957522019362887
M1,19.985185444069185
M2,20.00908355222843
M2,20.054144288601297
M3,20.27068591982951
M2,20.015512691899197
M3,20.246266342634495
M2,20.03693866217079
M2,19.992880165683275
M2,20.02236326460493
M2,20.01047735233301
M4,20.015847711691737
M1,19.964168895715822
M2,19.98039946244155
M4,20.062096571840996
M3,20.268142402816363
M1,19.98734859613984
M4,20.01934246028678
M1,19.967346259089048
M1,20.042834551498775
M2,19.99805931931406
M3,20.2768764286153
M1,19.96218406173491
M4,20.023699123313428
M1,19.93895702027547
M4,20.00232105389392
M1,20.00910375287412
M2,19.964251211542148
M3,20.211787460483706
M2,19.955763770245937
M3,20.19069769915759
M3,20.20172198860129
M3,20.25807439733649
M2,19.948221324978668
M4,20.02437421173345
M3,20.23396838023302
M2,19.994404130493788
M3,20.24178066244019
M4,20.097830943392857
M4,20.01099756399429
M3,20.23589849782871
M4,20.022015630412703
M4,20.05754891441538
M2,20.012396339430833
M3,20.14999307398449
M1,20.010125126579997
M2,20.03453655952442
M4,20.002612410113382
M2,20.03800495795161
M4,19.94842580349625
M2,19.94386547021289
M1,20.001714977785348
M1,20.005474483891344
M3,20.1964633644146
M2,19.97044162269987
M3,20.196788259079444
M1,19.99456689711971
M2,20.060366211659773
M1,19.959730966642695
M2,19.973945628582573
M4,19.990798684862217
M1,20.01449328283508
M3,20.17420460043851
M1,19.966641232451735
M3,20.25676898511193
M4,20.02930108127901
M2,19.9882697532394
M1,20.01119453092171
M3,20.1919114946278
M2,19.998984560921535
M4,19.98014508475528
M4,19.997405500110048
M3,20.22914594168775
M3,20.284791790520845
M3,20.243546591331835
M3,20.174616899406622
M2,20.05333109010325
M4,20.007006367808096
M2,19.9115082857039
M1,19.974367030690026
M3,20.213448351809625
M3,20.19503029657076
M4,19.99752976237906
M2,19.98817247064961
M2,19.98790194808312
M3,20.244804728919345
M2,20.044055391376645
M4,19.967695076756844
M2,19.95806527744912
M4,20.00322546618341
M2,20.00991669806153
M1,19.9789712670518
M4,20.022750990968095
M3,20.250090285106456
M3,20.27203238880545
M3,20.21769460709084
M2,20.002442131707628
M4,19.953638447459497
M2,20.032063713771823
M4,19.995533013002053
M2,20.02249476967696
M1,20.005869216975466
M1,19.94764802491773
M4,20.031403997418337
M3,20.262272907572022
M2,20.003146388473787
M4,20.024061426047545
M3,20.192799537392514
M3,20.235596466718015
M3,20.236292361712316
M1,19.972489230331593
M1,19.967860563573684
M3,20.236306037072712
M1,19.97800731911478
M3,20.20960931490172
M1,19.99411378498613
M2,20.001125400767897
M3,20.233852019601315
M3,20.22850961811319
M4,20.007139002223404
M3,20.186078476643292
M1,19.95884886744304
M4,19.94993614162965
M1,19.951218668459106
M1,20.031417497340904
M4,19.999719498719845
M1,19.955502039938537
M3,20.193105915456016
M2,20.00249412983168
M4,20.00361077302773
M1,19.98007743679977
M1,19.94998099079569
M2,19.991531412333977
M2,20.013789001098743
M4,20.03122840193212
M3,20.25418770609253
M1,19.98560633413998
M4,19.98570616560856
M2,20.01564394687616
M4,20.01931211353677
M4,19.99976779205898
M1,19.983823690245003
M3,20.190069893931497
M2,20.03739878990953
M2,20.031601271012843
M2,19.961396889346545
M3,20.187564955434
M2,19.985988642990716
M1,19.95362583630999
M2,20.04153378886094
M1,20.000698824719272
M4,19.993785393328903
M3,20.233086871806417
M2,19.986124315632324
M2,20.01666327264067
M1,20.02504645092436
M2,19.976214045216324
M4,20.039072173256596
M1,19.947964380385905
M1,19.99447456254598
M4,20.02779440197107
M3,20.198112583998892
M1,20.02708733048459
M2,19.977470926387188
M3,20.29122649343373
M2,19.985543803672257
M2,19.981996495694997
M3,20.22294527961835
M3,20.18419713815104
M4,19.9884478311832
M1,20.000467539505397
M2,20.034427846552468
M1,20.009032561832775
M3,20.251685390892185
M3,20.17940605450275
M2,20.022485093393353
M3,20.21018990600575
M2,19.99828304612059
M1,19.999548133495004
M3,20.179330735056073
M2,19.99975664103799
M2,20.011788121938245
M2,19.99442227381648
M4,20.024974662024043
M1,19.95929626420365
M2,19.948192617830472
M3,20.195678406246248
M1,19.99064775987743
M1,19.982767397483435
M3,20.17835945431892
M3,20.16361715348811
M3,20.25187735633281
M1,19.99683396317352
M4,20.02626932455204
M2,19.987834208344587
M1,19.96406487350979
M2,19.99251730059399
M1,19.984503527641863
M2,19.94323147656723
M2,20.02003290150606
M2,20.00697107155252
M2,20.029568915482052
M4,20.033884792588875
M4,20.04512257407251
M2,20.00568492800564
M4,19.98270747024044
M4,20.02282125036569
M4,20.00765568151141
M1,20.014346313563088
M2,20.042908043296944
M2,19.97875972318624
M1,20.00256128189545
M1,19.967595746616492
M3,20.1957915690242
M2,20.028222835051828
M4,20.031841198668104
M3,20.18070805658714
M1,20.01096353876513
M4,19.954370680478057
M2,20.02836475045275
M3,20.17807778616396
M4,19.985982160612515
M3,20.20575543141716
M1,20.013775774396123
M1,20.007354908991243
M2,20.02377674653868
M1,19.952674992618107
M1,19.95580748467135
M4,20.008187703623673
M1,20.001586129315108
M1,19.9954422622623
M3,20.216916988368865
M1,19.913858035460983
M2,20.03468186784544
M4,19.971810324328157
M3,20.24283909638265
M4,20.020344007720976
M2,20.03023809713064
M3,20.20976600131106
M1,19.98359593414067
M2,20.035560317917085
M1,19.944520514385943
M4,20.05621050884326
M1,19.960555166894604
M1,19.962143975438757
M2,19.99564501051398
M2,19.98088021831201
M2,19.998922760888444
M2,19.926527278150676
M2,19.960866105296898
M4,19.986351657186297
M3,20.209422090389783
M4,20.02595649423959
M4,20.04340570897468
M3,20.227895644544148
M4,20.05167175807492
M1,20.016601547492524
M4,19.949219247489445
M2,20.072933827153765
M3,20.26404458654599
M1,20.05894554562616
M1,19.983285924849017
M4,20.02661308100891
M2,19.99789554543923
M1,19.97009131626854
M3,20.196300174403365
M1,19.975353073266724
M2,19.93577430223647
M3,20.221995910148237
M3,20.2402095126748
M2,20.048871657400323
M2,19.96441350268046
M4,20.009856408121593
M1,19.99222188167329
M1,19.978996992335237
M1,19.96718981182338
M4,19.96002868247135
M2,19.984150300374225
M1,20.005874750791964
M1,19.934943206788716
M1,20.00712556556229
M4,20.04460185886842
M2,19.98694258947346
M1,19.97453701840241
M1,19.982051334995557
M3,20.264797159787324
M3,20.216256657076805
M4,20.04403870111509
M1,20.016498876652463
M1,20.01797937289521
M1,20.037682737333096
M2,20.03133493299295
M3,20.229844329080372
M3,20.13864232385916
M1,19.92149587814537
M3,20.18995821263982
M3,20.189149863578148
M1,20.00982717493288
M3,20.19335066404473
M2,20.036377652209516
M1,19.95030842182771
M2,19.970938808905405
M4,19.993433043568945
M3,20.21894360688419
M2,19.967522896915717
M4,19.980887347993043
M2,20.044627245836693
M2,20.00727496143108
M1,19.978088726000813
M4,19.97992109513067
M4,20.0602816646118
M1,19.982511848670143
M3,20.237495829164097
M4,20.06274184190259
M3,20.18969320734562
M1,20.02034166308909
M4,20.009499042710228
M2,19.97368108980045
M2,20.035845896032267
M2,20.000407926377655
M4,20.049548239657916
M3,20.208516085269444
M3,20.248531973092952
M4,20.03208000654016
M4,19.986231110881036
M4,20.008771965902863
M4,20.026521821743824
M4,20.04550967592188
M4,20.04209275406671
M3,20.20051094153006
M1,19.96622719036617
M1,19.95479724658564
M4,20.018684748303706
M2,19.986654520240485
M4,19.987620746487824
M4,20.049396346680354
M3,20.2105500561655
M4,19.980511566492197
M2,19.932121942059553
M2,19.981194835323596
M4,19.944597051727516
M4,20.018094754110827
M1,19.984725198837427
M4,19.987772661876093
M2,20.021412954744637
M4,19.978394258148555
M3,20.240890345169813
M3,20.22628277988431
M1,19.99136497052913
M2,20.02428687936228
M3,20.21738005012529
M4,19.997118451505997
M1,20.02183590110645
M1,19.96970589865156
M3,20.203402733471297
M2,20.02076887976895
M4,20.059593080354148
M1,19.99676209277695
M2,19.98731964184721
M1,19.973418819150098
M3,20.218448264898875
M4,20.06156757606952
M1,19.91475968468106
M2,20.037191942583913
M4,19.991049849546428
M1,20.018411335544872
M4,20.03024031855597
M4,20.038556417700747
M1,20.03116096481696
M1,19.97950362570803
M3,20.220069451166204
M1,19.95373570367645
M3,20.21496013429137
M1,20.01045554464421
M3,20.23466607834085
M2,20.03255855676418
M3,20.18911204812896
M4,20.05443516745577
M2,19.962775243532207
M3,20.245617537253217
M3,20.28966297273673
M4,19.987837719592065
M1,20.00324563705212
M1,19.944051655615723
M2,19.99348488515975
M3,20.18641933672862
M4,20.02435494298454
M2,19.988038548511835
M1,20.00548521466897
M3,20.19651605791652
M3,20.180010683221884
M2,20.068214183024676
M1,19.96335838731684
M4,19.993738858886775
M4,19.99263994968367
M3,20.202247828012982
M3,20.244813238242813
M2,20.04942731628148
M2,20.00825878939674
M1,20.08029997341828
M1,20.008536715080776
M2,19.96079892023445
M2,19.967510463450715
M1,19.945091291982543
M4,20.04525216150018
M2,19.97880184240812
M3,20.207008855344423
M2,20.018349389119496
M2,20.03554174329659
M4,19.969557806648524
M3,20.22751574070361
M4,20.002685979572767
M2,20.00206766446612
M2,19.926256785732843
M2,20.042198444902088
M3,20.223660469861436
M2,20.005245164998204
M2,19.934050514928405
M1,20.04109150298666
M3,20.18320423614003
M3,20.227991410823527
M3,20.21432740118745
M4,20.05004975220618
M4,20.02724832176285
M4,19.97108876701743
M1,19.966590149706008
M4,20.083694916058263
M2,19.969680123670347
M2,20.043012147790453
M2,19.983182192160633
M2,20.01458192663649
M4,20.033628854746357
M3,20.209437499289475
M4,19.960924105293927
M4,19.998491323284192
M2,20.078022935753264
M3,20.211430322383933
M3,20.15393619804533
M2,20.005756920936115
M3,20.216448912860383
M3,20.226750191453196
M4,20.00805244364123
M4,20.043329291170387
M3,20.195745088531844
M4,19.962950383444326
M1,19.9988049829674
M4,20.010734460206283
M2,20.048953702798595
M2,20.00638948355045
M4,20.011582124037364
M2,20.01508603384455
M4,20.025895340916485
M2,20.03532730907542
M2,19.95056912460337
M2,19.99583862956895
M2,20.004126515977894
M4,20.003085338841572
M1,20.02249082267261
M3,20.233287657492117
M4,19.947352863288476
M2,19.94765522814831
M3,20.255065367623327
M2,19.986105796545413
M1,19.979742153937146
M3,20.235297776100506
M4,20.015506380215115
M3,20.276684461963654
M2,20.03164352878836
M1,20.032943506701177
M4,20.0216776645714
M4,19.987815104377344
M4,20.020412651392743
M2,20.022491542699036
M3,20.22081778284271
M2,19.968390556560664
M1,19.997086082831572
M1,19.960781132977655
M2,19.99932727061574
M3,20.21687408332965
M1,19.93495328318347
M3,20.173873724236863
M2,19.992807906189444
M4,19.999784761597173
M2,20.04108727158166
M1,19.935434459648363
M2,19.976956182806372
M4,20.02300779492656
M2,19.977893878705483
M3,20.21610432741373
M4,20.057148884336662
M2,20.019558406309585
M3,20.213542724552575
M1,19.969617241478815
M2,19.998376638464062
M2,20.023761961192527
M3,20.23964823781728
M4,19.952319515917775
M2,20.073041794887068
M2,20.00169217233023
M4,20.08560688953657
M2,19.986911741496417
M3,20.23460068293447
M3,20.224420485051017
M1,19.965331643351284
M4,20.02540461444092
M2,19.967071435915415
M3,20.221112368194923
M2,19.994075651829412
M4,20.00184553152863
M3,20.216416957097824
M1,19.967214488480185
M1,20.006705979511786
M4,20.021154795834992
M3,20.22876481715838
M2,19.953107389740097
M1,19.954929569469765
M1,19.96410261241093
M4,19.97073820322359
M4,20.032815304324597
M2,20.016108586531647
M1,19.97084638208264
M2,20.01420709206007
M1,20.012428309641088
M3,20.227570574957703
M3,20.2307592421544
M4,20.006258387095947
M2,20.006227647807556
M1,20.033927343838908
M1,19.99999549991147
M2,19.96490580782243
M3,20.192760592379592
M1,20.02081486226237
M4,19.93273355618604
M2,19.967660595343624
M4,20.006198196700534
M2,19.988774170520404
M1,20.005554749215474
M1,19.95168971347215
M3,20.233264797215178
M3,20.209349917408417
M4,20.03107650509497
M4,19.956930449263016
M1,20.028346082118475
M2,20.003573843897684
M1,19.9743442320132
M1,19.989309402037343
M1,19.9899437827916
M1,20.055515193194
M3,20.193826807577388
M1,19.95290154988258
M1,20.006951170738866
M1,19.999637976295872
M3,20.197641185490017
M3,20.1672894020376
M4,20.037879226895104
M1,19.979224091901237
M1,19.995786512130618
M2,19.98804694477683
M3,20.21263972968144
M1,20.04846954846409
M1,20.012825361759187
M2,20.026866495198327
M1,19.963634301333254
M2,19.991998767787383
M4,20.04931017382519
M3,20.251964858796452
M2,19.960408982411103
M2,20.050049035733377
M4,20.024976145443215
M3,20.29500836705396
M3,20.220326614017203
M4,19.93748834209676
M1,19.94830900696837
M1,19.960006700118125
M2,19.96340773149929
M2,20.036003606801422
M1,20.0098893145472
M1,19.975966615452617
M4,19.99058412944768
M3,20.206032244038933
M3,20.196412931288148
M1,20.031613118854068
M2,20.040304779769908
M3,20.214551219155233
M3,20.196813357204658
M3,20.250262748101928
M3,20.27482645976734
M2,20.042234662853076
M4,19.981423093749925
M2,20.04919011487094
M1,20.000523854722708
M4,19.970570593521227
M1,19.97642471523961
M2,19.951504622285412
M1,19.938790030788873
M1,20.00121774191744
M2,19.97873900041474
M1,19.970133029112517
M2,20.043239972224946
M4,19.97949419402031
M1,20.02708863058136
M4,20.037388749748487
M2,20.013697970897795
M3,20.291906951024025
M2,20.025593711143113
M2,20.046611954046977
M1,19.976129740723287
M3,20.199966837968542
M4,20.026926939034897
M3,20.175885736696216
M3,20.24774106819274
M3,20.250892535392
M2,19.98476350181044
M1,19.934655377963836
M3,20.148323930174392
M4,19.98451618653171
M2,20.03843389090988
M4,19.99433957428143
M4,20.02351970292412
M1,20.006218212740016
M3,20.180918585655125
M3,20.236457491483822
M2,20.015529063102505
M3,20.201665290676814
M4,20.01435913632344
M3,20.16925404628591
M4,19.97851057466922
M4,20.033363984101825
M4,20.03005361962086
M4,20.02281984952504
M1,20.004538689034252
M1,19.967857515505504
M1,19.95360547135857
M1,20.021417255044604
M3,20.240653714715545
M3,20.23737765752742
M2,19.994898575903687
M1,20.026682582649773
M3,20.20116302406768
M2,20.000063541724284
M4,19.97193661523316
M1,20.028229567897007
M2,20.03094618990902
M1,19.978280743041385
M2,20.054934129344726
M4,19.999327478341705
M2,20.01488538086476
M2,20.012120426370014
M2,19.970390316705902
M2,20.038356518992348
M3,20.17475817595952
M4,20.003423897023417
M3,20.217529729849257
M3,20.183840624010152
M2,20.001190120220347
M1,20.006600474480575
M3,20.146697791610393
M4,19.990895289298543
M3,20.174603899827556
M1,19.89576574894745
M3,20.221869885650634
M4,19.956180806080685
M1,19.973706509887716
M1,19.97514043063205
M3,20.274574137876275
M2,19.986203559348937
M3,20.209639258738328
M3,20.228368133478828
M2,20.00178261054447
M1,19.980797823121712
M3,20.243905651434513
M2,20.007425686617548
M4,20.011448832329037
M2,19.99117930977904
M1,19.92099574042211
M4,20.021309133912577
M3,20.1935287487466
M3,20.194590870191536
M4,20.00877709934341
M4,20.0229204552902
M4,19.96751984963254
M4,19.96645053261611
M2,20.072542957045556
M1,19.96215536622322
M3,20.212610202712433
M4,20.052029595600544
M4,20.08908515689421
M3,20.19865623267121
M3,20.188455280755203
M3,20.168595577054692
M1,20.00558674303853
M1,19.880680585053504
M1,20.023841095697303
M4,20.01525197710472
M4,20.009386060050375
M2,19.92293174398384
M2,20.063645228900317
M2,19.9963040889676
M1,20.056005616028507
M2,19.9868021389164
M2,20.00024416765084
M3,20.16594870456788
M4,20.02861879375815
M1,19.94873389760918
M2,20.01391967820624
M4,20.045709994438425
M4,19.955868844997728
M4,20.026775064486436
M3,20.239483517067377
M1,19.988347145295464
M4,20.020857240256944
M3,20.195494844666783
M4,19.988224730443363
M4,19.98933407058469
M2,19.987706882463332
M1,20.017753928813217
M3,20.260426025521035
M2,20.018009322059765
M1,19.983447383094955
M2,20.003413935141932
M4,20.01862576984657
M2,19.982108551867263
M2,20.058379051424453
M3,20.19149768892788
M3,20.25360927841605
M2,20.005068419935014
M4,19.998752856922
M3,20.282864728449685
M1,20.04199471187853
M2,20.058391072143618
M4,19.99313010639819
M1,19.936210090965023
M1,19.992530664308397
M3,20.276994829384822
M2,19.970782126421582
M2,19.984393458203197
M2,20.005686334434166
M1,20.043012372637875
M2,20.0085398547288
M1,19.98042196632569
M3,20.236561403155832
M3,20.20488546310177
M4,20.053675554221435
M1,20.026980992089936
M2,20.037401399581903
M2,20.038972861653736
M3,20.210181045061233
M3,20.228826399854608
M4,20.079903267526415
M4,19.976598802657087
M4,19.981323086296168
M1,20.002252931571466
M1,20.04188992795305
M4,19.992568564496647
M4,19.992508971794333
M2,19.944540877053115
M1,20.012225171880313
M3,20.23636611939048
M3,20.233411026379667
M4,20.02402287441739
M3,20.222805742972533
M4,19.980434702904848
M4,19.984008935163057
M1,20.05200252032497
M1,19.974435674276688
M4,20.034926197794615
M1,20.03906411986269
M1,20.001725606276462
M4,20.05497964329376
M1,19.99790354391372
M1,19.941915557441753
M1,20.011635120537346
M2,20.02453366195349
M3,20.2485488197847
M3,20.17798111125282
M4,19.969070797545996
M3,20.290872557346436
M4,20.07289358497609
M1,20.012178761842307
M2,19.993644826442665
M2,20.071169876102235
M1,19.98498382587736
M4,19.99495424833901
M1,19.984350970230125
M2,19.95894915881424
M2,20.020303584059977
M1,19.961505556959764
M4,19.990179666896463
M1,20.007239198469293
M1,19.97838043225899
M2,19.99926747204008
M1,19.99505210062968
M4,20.00487976617763
M1,19.97405196513458
M2,19.964592045781448
M2,20.0101160735431
M1,20.004421902541075
M1,20.007793556905575
M3,20.16159255586899
M1,19.9794063353021
M1,19.982939940824636
M2,20.004632180463428
M2,19.971205219043817
M2,20.014652558381993
M4,20.00758918191462
M2,20.014258116332268
M3,20.307680369135685
M4,20.034193142227387
M1,19.96667663709809
M3,20.278687560947517
M2,19.97017274668882
M3,20.188963665766693
M1,19.971843413852408
M2,20.04387253430396
M1,20.012270706172227
M4,20.021762576302994
M3,20.24396969645676
M1,19.973522061505413
M3,20.226811262855943
M4,20.011623571365146
M3,20.259878565522627
M2,20.00560150510331
M4,20.005036329541277
M1,19.99422936918739
M1,20.026636276283824
M1,19.977174253669745
M4,20.05080232986073
M3,20.24343844629328
M3,20.190068974841335
M3,20.2849976383499
M2,19.975034752787792
M1,20.006381049453022
M4,20.06373454444452
M4,20.02014452574173
M1,19.925092555074077
M1,20.00201836767368
M3,20.320493245404805
M1,20.006477764197
M3,20.18434892066729
M4,20.02321506417636
M2,20.06698758051682
M2,20.00229904338282
M4,19.9829407280163
M2,19.97941604711656
M1,20.01447664188913
M1,20.006452008557822
M4,19.998716011796436
M4,20.06023774024171
M1,19.9799330013568
M4,20.003686471617044
M1,19.93648504115246
M1,20.01523462818841
M2,20.001058464462943
M2,20.016599428286217
M4,20.04183391229118
M3,20.20459452863658
M1,19.97541265468387
M3,20.243928422739224
M4,20.070865184989113
M3,20.22752685283909
M1,19.994069597191466
M1,19.9600588844166
M2,20.016254665756648
M2,20.031431109024354
M2,19.98104933897653
M1,19.96942937239344
M1,19.97129555261372
M3,20.254863527522463
M4,20.017455440021923
M3,20.18010412929626
M2,19.99048995296901
M4,20.08469015945269
M3,20.21420344799968
M3,20.249032307792444
M3,20.244528072971335
M4,20.01309826206803
M3,20.25018560200775
M3,20.216320817029363
M3,20.181713988614582
M4,19.9807801258303
M4,20.01249169255904
M2,20.042187171073007
M3,20.260293335138176
M1,20.003071406484132
M3,20.20981909930513
M4,20.042065807112092
M3,20.21868824506252
M2,20.0163359409528
M3,20.195877672788104
M2,19.98733371020477
M2,20.02034800295397
M1,20.023102733359018
M3,20.18202977474138
M1,19.976546927696987
M2,20.038323429246745
M4,20.005423424000185
M4,19.989425536055567
M2,20.027052928731084
M4,20.064069379057752
M1,19.956092577798778
M4,19.99449034544865
M2,19.96919587847825
M4,19.975001008172917
M4,19.980702745530724
M3,20.24077754238263
M3,20.225977318631543
M3,20.243938458215165
M1,19.951238266704713
M1,19.96503175596458
M2,19.97654525384547
M2,19.982768599943224
M3,20.244773042249104
M2,19.948748340215637
M3,20.22074568620692
M1,19.992667445898952
M1,19.98531585393612
M4,19.99654611837139
M4,20.046460859606373
M4,19.957639470792195
M2,20.023814615207847
M3,20.251054085799115
M3,20.25301088239745
M2,20.01745196712912
M3,20.182833413229623
M3,20.280155326049787
M2,19.92374534423751
M2,20.01847970696153
M2,20.035047473811808
M4,19.99218202044305
M4,19.964483874097706
M4,19.994468531575414
M4,19.974527972364047
M2,20.01404304437558
M4,20.00789755862927
M1,19.97474893846338
M4,20.057664410570307
M2,19.98748180453328
M2,19.976057954956108
M1,20.01674303088329
M1,19.975471771115483
M2,19.98211075946783
M3,20.2085592877045
M1,20.02648342735459
M4,20.011538266086944
M1,20.0023470853354
M4,19.990967904712573
M2,19.994046663470662
M2,20.008771413924265
M1,19.978690728076675
M4,20.009034688375735
M3,20.20541682671469
M1,19.957681531718695
M1,19.99674307540123
M3,20.243562839322383
M4,20.00283173039415
M1,19.98319983343703
M1,20.04706715935551
M3,20.186987217239004
M1,20.037433777735313
M2,19.998931687810877
M1,19.987994130453615
M2,20.00003942167049
M3,20.27854258216537
M2,19.98509852548521
M2,20.043625622125628
M2,19.98334053679072
M3,20.207450561651992
M1,19.96839111954355
M1,19.9835657756881
M1,19.97453433635931
M4,20.01591099318805
M3,20.217054724320203
M1,19.990539732725672
M2,20.041061781410267
M2,20.088646416237815
M1,19.991749579724868
M4,20.05335163975152
M4,20.015096034800393
M1,20.01146284273027
M1,19.99217243965371
M2,19.988087878253744
M3,20.259593465646944
M4,20.037973824698387
M2,20.129452082324853
M2,20.028641837986687
M1,20.001949663066
M1,19.995042367350756
M1,20.020843755699588
M2,19.974972690058703
M3,20.28143790197571
M1,20.008598759843327
M1,19.977141310560473
M4,20.04557745347088
M4,20.035550298376485
M3,20.240399672704836
M3,20.21357207695472
M3,20.333104431429
M2,19.982607670977103
M1,19.97642311216563
M2,20.012775957405953
M3,20.24646825881554
M3,20.319085358837985
M3,20.281140983646136
M3,20.27715700270331
M1,20.02084701044979
M3,20.230352709716858
M4,19.96671134711235
M3,20.203538976645824
M3,20.20014344279976
M1,19.945491405961207
M4,20.040209270935673
M2,20.00478601639037
M2,19.97118469066132
M2,19.966144897531372
M1,19.97771921213275
M4,20.00391658580351
M3,20.217621945107933
M2,20.0459997531372
M4,19.96817735457079
M1,20.074942720976836
M2,19.96722244799627
M3,20.159791147694495
M1,20.037707972833413
M3,20.163256884946627
M4,20.022483136231084
M3,20.26255091551374
M1,20.027878483593977
M3,20.190657486103024
M2,20.03515138558799
M3,20.24606301658666
M3,20.238858315805302
M1,20.005377193669283
M1,20.000947423924956
M1,19.981093031421352
M1,19.9846160237282
M2,19.999792336397697
M1,20.005018356492673
M4,19.97802740002233
M4,19.997427380975623
M1,20.00420776967402
M2,19.915448926680455
M3,20.220193917349174
M3,20.134826146936177
M3,20.269108084788513
M4,19.992736180132056
M3,20.247698949815035
M3,20.167167888312765
M3,20.25165642397508
M3,20.301286291086537
M2,19.986811890020427
M3,20.194986273550924
M4,19.997137944424946
M2,20.043116234525176
M1,19.985428931823257
M3,20.24582561589179
M4,20.05016502311323
M4,20.01830851900656
M3,20.218360735043245
M4,19.981291372947062
M2,19.982900327062502
M2,19.978365167998135
M2,19.98638099317756
M2,19.933882042107165
M3,20.2146128148759
M4,20.00381906530933
M2,19.987288278108014
M1,19.987051051810145
M4,20.006723946675844
M4,20.03053972115153
M4,20.040538942580568
M2,20.019209529123913
M3,20.237553563625088
M3,20.23027691784927
M4,20.004706671624582
M4,19.97341590767166
M4,20.00535832309391
M2,20.01155874488648
M1,20.02954890839824
M1,20.006717309508755
M4,20.069449659582673
M4,20.078730898833456
M1,19.987157439893515
M2,19.95093534758815
M1,19.97085387106774
M2,19.9891962398809
M3,20.213929819173977
M3,20.277406901601523
M2,20.04255252493945
M2,20.01980402039338
M3,20.1897838479
M3,20.22548716278551
M1,19.92586846525879
M1,20.016127471534688
M2,20.04681988823171
M2,19.960633335309193
M4,19.977288887733277
M4,20.078721684260127
M3,20.25340813176073
M1,20.022796234228817
M1,19.96851500046611
M2,20.052206648794225
M3,20.187588781536473
M3,20.201730955492433
M1,19.951322447822555
M4,20.0570339080002
M2,20.00979448946115
M3,20.191512310758263
M1,20.007657583698133
M4,20.010076039570308
M3,20.277399179024577
M1,19.979891609468293
M2,19.991053565084584
M2,20.02211644204415
M1,19.997451995325573
M4,20.01749637835345
M4,20.02435512112745
M4,20.048908054337343
M2,19.99039673234778
M3,20.226543641749117
M2,19.987107612280862
M2,20.010419216325808
M3,20.241464852248903
M2,19.99019004757256
M4,19.99092174878163
M1,20.00043415760704
M1,20.0121982184997
M4,20.00693231631797
M4,19.97210118146105
M4,19.98638665869877
M2,20.060416038956028
M2,20.04065512891503
M1,20.067267266966898
M2,20.00035010055184
M3,20.1661447029237
M2,20.025792947837672
M2,19.975655427839328
M1,20.017472834933823
M2,19.99873404400247
M3,20.1624664227097
M3,20.150115668332223
M3,20.188409615181385
M4,19.98087687665714
M1,19.974916553558664
M2,20.002990137178625
M3,20.26924004489883
M2,19.970005611318378
M4,20.05356013052252
M1,20.014367486715138
M1,19.95676434955434
M2,20.003971782818567
M2,19.998008271928995
M4,20.006794738163688
M2,20.00263148338367
M2,20.031079085145084
M1,19.983717614724597
M2,19.949613901410693
M3,20.227043633855978
M3,20.180272199995
M3,20.259831071317123
M2,19.978322661953428
M1,19.955084967239948
M1,19.924076227772854
M1,20.01946449142685
M3,20.155436496558384
M4,19.991353454345127
M4,20.03973077371957
M2,19.998969825836575
M1,19.977989776819243
M3,20.22910985497285
M1,19.978644456853004
M3,20.183257922178157
M2,20.028836916122913
M4,20.059813802774077
M3,20.155482623808386
M3,20.18125356426603
M2,19.993635686554143
M4,20.01349121928241
M3,20.21422293685917
M3,20.23541035038805
M2,19.925860672805527
M2,20.043034363442903
M4,20.018380062554293
M2,20.0237988643159
M1,20.031339802779737
M2,20.01390482648696
M2,20.010355888997903
M2,19.898707496975337
M1,19.918059407602083
M1,19.993789090935312
M2,19.981922354237813
M2,20.070015296856084
M1,20.014399855180685
M2,19.935400600225982
M2,20.04656645342759
M1,19.981980171623228
M2,20.003098781315423
M2,19.936076687011116
M1,19.999747874722903
M4,20.037614383821776
M1,19.950624414941434
M3,20.256817413291692
M3,20.238268130625052
M4,19.99946655997554
M3,20.22558818657021
M3,20.200086482579277
M4,19.99498489537835
M4,20.037542907781784
M1,19.973809429526437
M4,20.01079879665196
M2,19.978091787399645
M1,19.977471008067297
M3,20.21979000078202
M4,20.03567084161613
M1,19.96894175580823
M1,19.97695041604213
M4,20.00747556470597
M3,20.21043317395502
M1,20.04439681215469
M4,20.01095501510131
M2,20.0355387552914
M2,20.005079670575892
M2,19.97064366890334
M3,20.22851805654949
M1,20.035844710458633
M2,19.968654585029963
M2,20.00307178770068
M1,20.027675327219868
M4,20.009568901874253
M1,19.94375669955736
M4,19.98911831754713
M1,19.98321560039649
M2,20.001672892709244
M1,20.001663167552135
M2,20.019604701225404
M3,20.23156859849219
M1,19.910650940079915
M3,20.277815081207155
M4,20.01951856889504
M2,19.988713625797207
M1,19.99135368751329
M3,20.217434355397263
M1,19.9924487111124
M1,20.01747602695331
M2,19.991501391443546
M2,20.06805185201288
M1,19.9690363429006
M4,20.02728305886891
M3,20.27225196191059
M4,20.002884284319705
M2,20.015875554163603
M2,19.907038420997456
M4,20.027077820803008
M1,20.041802497836457
M2,20.01900111194724
M4,19.989218356984637
M2,19.96243886161915
M4,19.92937078334077
M2,19.96283779400686
M2,20.02543332853467
M4,20.00152265445445
M1,20.02812215623791
M4,19.95017874869819
M1,20.014267378896843
M2,20.062840116570595
M3,20.16648096660512
M3,20.22739484327179
M4,20.0365029104764
M4,20.006663691883144
M3,20.24544719402972
M3,20.16485205638743
M2,20.051557627260348
M4,20.016334316785247
M3,20.309304573553757
M1,19.997480621893352
M4,20.06815200494735
M2,20.032426314183272
M2,20.01411566849395
M2,20.007715139368827
M4,19.969256286296694
M2,20.052348651032776
M2,19.972897435516575
M1,20.0647146966474
M2,20.037716541402347
M1,19.992382777947125
M3,20.223052356063945
M4,20.00548423552042
M2,19.97910578862509
M4,20.047167886403333
M4,19.996872000942496
M1,20.02616484884755
M3,20.207823048833323
M3,20.20296869372913
M2,20.037582829497193
M4,20.024279658917987
M2,19.983886092255208
M1,19.98616522470113
M3,20.219308619247773
M1,19.93931003196151
M2,20.033390563044858
M3,20.218276745919816
M3,20.306045166718647
M2,20.033181962295284
M2,20.00536931826213
M1,19.974572020867026
M2,20.060142886019108
M3,20.264058834497796
M3,20.260801111322525
M2,19.99686682721609
M1,19.91905477099769
M3,20.21955819742313
M3,20.25027301219546
M1,20.03954082839109
M3,20.204418125226052
M1,19.98348196687515
M2,20.026308680416847
M3,20.19831924050725
M3,20.177966670343245
M3,20.21038195487987
M4,19.962047552487363
M1,20.05555488678188
M4,19.976643200671777
M2,19.985888236149343
M2,19.981579020380003
M4,20.02258671228978
M2,19.975519293100746
M1,19.970902523481605
M3,20.16813792495662
M3,20.17972774039786
M3,20.19851629584939
M1,19.96933905421039
M3,20.2068041156449
M1,19.968361828964493
M3,20.156019552205265
M3,20.192702664265113
M4,20.003094747772845
M4,20.047920933262148
M1,20.049027887937996
M1,20.01487255288329
M3,20.20685375219824
M4,19.997287755258135
M1,19.98076417804954
M2,19.980752804904498
M2,20.01628268741909
M2,19.98242062495186
M3,20.284777211247167
M2,20.02729294992363
M2,19.98432340532216
M4,20.07148641052959
M2,19.927540017977
M1,20.008496298876725
M4,19.990479040048285
M2,19.945372836594053
M4,19.974212931040483
M4,20.064692656784523
M3,20.182041608336306
M1,20.03683281082048
M4,20.035174757799293
M3,20.259706493136445
M2,19.982559413510632
M4,20.02298128190161
M4,20.01814783704929
M4,20.01961812476615
M1,20.038124844787873
M3,20.231711745450067
M2,20.08275708845668
M1,20.01478560384926
M2,20.01802168109154
M1,19.984177910243957
M1,20.0272228233635
M3,20.18588851470183
M3,20.211894484178995
M2,20.020905860603268
M1,19.98988465536461
M4,19.998579899901664
M3,20.260877712173787
M3,20.220326725379596
M1,19.999996872955876
M1,20.0199339599301
M1,19.967288359730173
M1,19.981596319210873
M4,20.008105806859756
M2,19.962548616517836
M3,20.174053037703143
M4,19.979439198790416
M4,19.99851413722424
M2,20.04789068587416
M2,19.992964645934293
M2,19.953584099041816
M1,19.98921054958177
M4,20.022597723631858
M3,20.21643246089731
M2,20.015712457836152
M3,20.231441929206134
M3,20.18819880969729
M1,19.978115111988085
M3,20.259723738145652
M4,20.02823296761786
M3,20.252765410264843
M3,20.25937910971764
M1,19.959138138282142
M3,20.23316547480442
M4,20.04825194052438
M2,19.967650743254207
M3,20.195944032662528
M3,20.26041147376956
M1,19.98391840073871
M2,19.93997232631991
M4,19.997266664064828
M4,19.976315026425013
M2,20.036036823775262
M2,20.010545357210304
M4,19.95337689413531
M1,19.97310681637769
M2,20.013194263133133
M1,19.98231329820116
M1,20.027021980454755
M3,20.25318892059601
M2,19.98191312651703
M4,20.002019368656477
M4,20.039675307155058
M4,20.02962353573253
M3,20.259923245600763
M3,20.217520174528556
M3,20.322251711413827
M4,20.03870005811141
M1,19.99548409654476
M3,20.207241539113177
M1,19.985521819778235
M2,20.006818668809604
M2,19.95539103362933
M3,20.152011802837148
M4,20.06047659752135
M1,19.96650938638176
M3,20.176067441971806
M1,20.04286108407084
M1,20.01668813042295
M2,20.03501518960664
M3,20.19828472266805
M1,19.993015742267705
M2,19.98750415367043
M4,20.004306670050692
M2,20.006364139731637
M4,19.988178314216636
M4,20.04963791118738
M2,20.02100529648873
M3,20.272543615386336
M3,20.193676431713097
M2,19.95937960579981
M2,19.986613955371364
M2,19.994032401804855
M1,20.00950829594959
M1,19.995476275167192
M2,19.947935672862393
M4,20.017137891392583
M1,19.973433525488844
M1,19.99199296763108
M2,19.98168811619451
M3,20.234521528228612
M1,19.997909305253785
M1,19.9812226877896
M1,19.962847781366364
M2,20.016734489175033
M1,20.009076945301015
M4,20.008547683905334
M4,20.02179033940482
M2,20.053996431446453
M1,19.974545326384163
M1,19.930919254547845
M2,19.98655807007935
M2,19.97058654873846
M3,20.28841555611583
M2,20.005861051399076
M2,19.983008802378823
M2,20.00848221403915
M3,20.20352692732325
M3,20.169603487695976
M1,19.98958087780857
M2,20.00973241812446
M3,20.25689679825215
M3,20.17728769187453
M3,20.206200644529577
M3,20.285975806456456
M3,20.190566494095652
M2,20.008044056971137
M3,20.228855967452496
M2,19.9849419986756
M2,19.979217312667885
M1,19.98251084231088
M2,19.99703669178345
M1,20.00902306560878
M1,19.92583670456166
M2,20.050087323406252
M3,20.238024968508235
M4,20.02629083761185
M1,19.95725813951023
M4,20.02694593782592
M2,20.080629482210956
M3,20.185824403746143
M3,20.270808954895923
M4,20.00738900674179
M1,19.983706602890628
M4,20.05187721985506
M1,20.00205987490889
M4,19.992567410326703
M3,20.212394517033974
M2,20.0250803210389
M2,20.008502306103196
M1,19.95803896563413
M4,20.01130212291117
M3,20.23427310458779
M4,20.033477176342547
M3,20.212468127940788
M4,19.987680449438862
M4,20.007055118792497
M2,20.0421575209252
M3,20.275034200160295
M2,20.02364126438292
M4,19.99406034373891
M3,20.25382332380465
M2,20.006566270188927
M3,20.26103629655074
M2,20.051127070939803
M3,20.22348672554003
M2,20.017972404136337
M2,20.02457866183248
M4,20.037811733363025
M1,20.004104201621622
M4,19.98113985079147
M1,19.951661999760628
M1,20.021981444318385
M1,19.966321434040175
M1,19.92462514388103
M1,19.93703169908052
M4,20.0012703250509
M4,20.00505542729461
M3,20.18297870124189
M1,19.979246418316183
M4,20.03457541685892
M3,20.26253190916594
M3,20.245852003740648
M4,20.02274365565418
M2,19.98208437421967
M2,19.97717110041892
M4,19.98069964905437
M3,20.20334266550461
M3,20.236107079796184
M3,20.185081726329933
M4,20.06710758382581
M2,20.0298423259136
M1,19.92227496481071
M2,20.004288232350415
M3,20.21393236151757
M4,20.077428823193916
M2,20.014971270719663
M3,20.214844532183676
M4,20.048872510461536
M4,20.00761553221206
M4,20.01380332620012
M4,20.03074294065139
M3,20.23456940550322
M2,20.044108569092145
M2,19.936245372079796
M3,20.281255654484156
M1,19.945549059527433
M3,20.219087284038807
M3,20.280994384918092
M3,20.26356979594211
M2,19.975625767191975
M3,20.217220386939868
M1,19.97426771889081
M3,20.248422244437965
M4,20.005445152051458
M4,20.04008563772008
M4,19.9436232780801
M2,20.047354684603413
M1,19.965539931192424
M3,20.258671724335713
M1,19.988022730400097
M2,19.9875194025342
M3,20.19171454606768
M3,20.27693787567028
M3,20.178628173029356
M4,20.019106524498824
M1,19.98307116810518
M4,20.01577119287845
M3,20.23475115211348
M2,20.07205751856412
M2,19.98368581865959
M3,20.19617437334366
M3,20.302996719081676
M2,19.96084086718134
M1,20.035233590950565
M1,19.946778206401564
M2,19.93892227021191
M2,20.084853825233033
M3,20.20349840274711
M4,20.01120880972389
M1,19.97125383139325
M2,20.012933143382735
M1,20.000418087761545
M4,20.0260138470175
M3,20.25115154957037
M1,19.99209203186212
M2,19.996207329792767
M3,20.228051730846207
M4,20.046101418417496
M3,20.207914689849257
M2,19.970560726838187
M3,20.266022835841422
M3,20.19329129618822
M3,20.301004751799955
M1,19.99004827114259
M3,20.229107421342093
M1,20.027709143061855
M4,20.04949180494489
M4,19.993717956836303
M3,20.255730448066902
M3,20.25357759069224
M1,19.94342205376515
M4,20.00822731431769
M2,19.977569673074335
M2,20.001609182880475
M3,20.25414473956577
M4,19.98425519778598
M2,20.000057002330195
M3,20.240082939170872
M3,20.19060244727483
M2,19.960341621339957
M3,20.23512071825282
M4,20.010871325416502
M2,20.012608942280828
M4,19.995030972950744
M4,19.955418000979684
M4,20.007683269831155
M3,20.208888430938103
M4,19.985203374371583
M3,20.20855516057068
M4,20.0075425386878
M3,20.21227123252321
M4,20.000360392246044
M4,20.053227876677298
M4,19.976401167086895
M3,20.203711276743284
M3,20.2408882705529
M4,20.008994860511635
M2,20.00663073640275
M1,19.98761209811034
M4,20.0193369517524
M3,20.260744988408312
M2,19.96601739222996
M3,20.257747515206216
M1,20.011482818522456
M2,19.995032015268215
M2,19.944709529918327
M2,20.02865513871164
M4,20.04314918427771
M3,20.20403579848214
M1,20.01330475183372
M2,19.976362680660788
M1,19.95387743342753
M4,19.9785606872582
M2,19.992610906645908
M2,20.09553811028642
M2,19.92305580071147
M1,19.999703016050216
M4,20.055395783422053
M3,20.140538752435383
M2,19.946205340975897
M2,19.990560532413664
M3,20.223473549404336
M1,19.963432468208723
M4,20.017122580234435
M3,20.275117099333077
M1,20.00220149220764
M3,20.237654388918763
M4,19.97931647412153
M1,20.001028341182423
M3,20.23328435488833
M3,20.179499948779377
M4,19.976365720703924
M3,20.18904498340522
M3,20.221523530933815
M4,20.005681741406203
M4,20.024541917874632
M2,20.0316386810744
M3,20.263154805027284
M1,19.978135429122386
M4,19.997394690359496
M4,19.99851275708134
M2,19.999388901066343
M3,20.19210454494318
M4,20.0191199243354
M1,19.979939538786507
M3,20.16311953400668
M4,20.002525975603827
M4,20.013279409241473
M1,19.902867115441683
M4,19.980351955398447
M4,20.017056532026523
M1,19.99331077503549
M3,20.244732986916706
M3,20.258662340355247
M4,20.06472498089009
M1,20.033755232926808
M4,19.999240987240373
M3,20.276200798441185
M2,19.98742236847303
M2,19.9434666650658
M4,19.946287305760595
M4,19.97707526564255
M2,20.014123371693312
M4,19.99658200282661
M3,20.1982410292617
M1,19.997502757399197
M3,20.2554758645583
M4,20.02422347207585
M1,19.995857126656148
M1,20.036276076365976
M1,20.031899044063717
M3,20.1497291038113
M1,20.039359092638936
M4,20.014866428605128
M1,19.987087848847263
M1,20.03434625732408
M2,19.95918734392911
M4,19.98335480804274
M4,19.975854119399816
M2,20.00315490098544
M3,20.225487294460848
M4,20.019941126959505
M4,20.06542203545472
M1,19.961968993351626
M4,20.034680730655836
M4,20.04226782324458
M3,20.223372255238033
M3,20.23127854939517
M2,20.006059837245147
M4,20.030715335418808
M4,20.03411076828169
M3,20.257446369163073
M3,20.187127751408152
M2,20.0278771333024
M3,20.143820859800805
M1,19.94982359392122
M4,20.04092080138688
M3,20.158693407777008
M3,20.1929723884689
M1,20.006732094006797
M3,20.22300104595531
M1,19.99233560547981
M4,20.04545337474996
M3,20.22501920164863
M2,19.972996033097317
M4,19.96055812835371
M4,19.98832016463693
M1,19.970870086429574
M1,20.013001117044563
M2,20.000959891440495
M1,20.0360673473582
M3,20.251031315413012
M3,20.266765617589705
M3,20.23577053851586
M1,19.95674230127749
M4,19.99247818166382
M4,19.970852404069895
M3,20.238485242577543
M1,19.98514881476664
M2,19.957375387982715
M3,20.234215650085417
M3,20.28373749781249
M1,19.994252672394225
M4,20.042395693880408
M4,19.9913340752736
M3,20.128716359836723
M2,19.96833940845154
M3,20.208743100862783
M1,19.952803386706503
M3,20.21172984540882
M1,20.00595205636154
M1,19.99500515241712
M3,20.26084316443831
M3,20.238801125253005
M4,20.06182745456902
M3,20.19359510033084
M4,20.012911295167942
M4,20.035692609118765
M2,20.011463708181708
M4,19.992219821982363
M2,19.99277561867986
M3,20.199584499370808
M1,19.998679137474785
M1,20.028031991071675
M3,20.192054034532596
M2,19.982223246734684
M3,20.196009572286517
M1,19.9875000243716
M2,19.985757642152475
M3,20.14974314965469
M3,20.196024129867883
M4,20.053204104774153
M4,20.01226120081341
M4,20.00082684260608
M1,19.956992358834817
M3,20.243551857889095
M1,19.928156989786956
M2,19.994011648831123
M1,19.932887826477263
M2,20.023594125015247
M1,20.04808797283469
M3,20.17593506407814
M1,19.915635210250542
M3,20.172391156921428
M3,20.17071027220499
M1,19.9714236514418
M1,19.949875111114828
M4,20.034668292412015
M3,20.240016819707854
M2,19.958355072843748
M4,20.000592428542063
M1,19.98319074333553
M4,20.05515918285137
M1,20.00192705100547
M3,20.230044993391196
M1,20.00160504158445
M1,19.999776456803367
M2,20.0048093628584
M1,20.001776973703432
M2,20.027500082797975
M1,19.96758025547245
M1,20.018843051751197
M4,20.002650726965236
M4,20.037934367445285
M4,20.089688215300068
M1,19.977208249414648
M2,19.96185290958162
M2,19.965678330974814
M2,20.01304574128433
M2,20.018719103805203
M3,20.237173684412443
M2,19.99483989569637
M2,19.978862093625818
M4,20.018886521091932
M4,20.00349447271176
M2,20.0440781442752
M1,19.957655050472283
M3,20.272983729673044
M2,19.993953998743624
M4,19.98690328978576
M2,20.013320276477764
M1,19.99914968382303
M1,19.981196714950546
M1,19.943097759163173
M2,19.977002360480775
M2,20.09313582930913
M4,19.975494400322635
M4,19.90207928870664
M1,19.98999542081921
M4,19.9995597202001
M3,20.207410366711105
M2,20.00151028486748
M2,19.95356490030761
M2,19.996613001009244
M1,19.99843396828343
M4,20.02744712232921
M1,19.977752280000495
M1,20.06333242702101
M2,20.02065014226992
M1,20.05849746182462
M1,19.978024968577397
M2,20.03333840445063
M2,19.97779865157987
M1,19.973265595713897
M4,19.97371040598551
M4,20.056233492084257
M3,20.234201435396045
M3,20.218604365167646
M4,20.014836400353815
M2,19.908945878925135
M2,19.9535007359012
M1,19.965391543884525
M3,20.248625677220293
M1,19.927663879434117
M3,20.2130195932412
M4,20.05348798361521
M1,19.99740647638891
M3,20.24467618029211
M2,20.029889661140768
M2,19.99772533445014
M3,20.252486402057905
M1,19.979327223779293
M4,19.954687139127792
M2,19.98737873897501
M2,19.92079128469208
M4,20.029527407744204
M1,20.021345501846938
M2,19.998905466277872
M4,19.99203285955381
M2,19.98495935468173
M1,19.989683669034395
M2,20.004715014692273
M4,20.000848405647435
M4,20.007529214274147
M4,20.012400611794433
M2,19.99051318672932
M4,20.03675153348749
M2,20.0200158859405
M4,20.007034713966057
M4,19.977337797218045
M1,19.95111363861564
M4,20.008303746989107
M3,20.264018482360513
M3,20.20814189788087
M4,20.010112529595187
M1,20.010025570110567
M3,20.229233008642744
M1,19.985885525637723
M2,20.04051969432935
M1,19.958578724197192
M1,19.940740242101793
M4,19.962978212107338
M2,20.044003418231274
M2,19.990424701952275
M2,19.978985501031225
M3,20.289517361707087
M3,20.200023826365666
M3,20.228170715300593
M4,20.03073064782054
M2,19.997809974963715
M4,20.04504602581646
M4,20.037094051679613
M3,20.247055949801844
M1,20.04448932642503
M2,19.95670675642066
M3,20.1687415537456
M2,20.02068271785536
M2,20.021519205844648
M2,20.015057312584013
M1,19.985627904552366
M1,20.020536121846902
M4,20.026289002171733
M1,19.950884871966995
M4,20.044593863825614
M2,19.979134554199877
M4,20.009180160893024
M2,19.97393305266799
M4,20.01745506678797
M3,20.27374091661236
M4,20.084058660315875
M1,19.969371449127483
M4,19.99997215358934
M2,19.988506623222047
M2,20.0149587431671
M1,20.01372383344832
M4,20.015105177543223
M3,20.245539779190416
M4,20.05454334650645
M3,20.223703603473957
M1,19.972925149033532
M2,19.986600150678452
M2,19.993574198454755
M1,19.97328406678557
M4,20.06605099838696
M4,20.008855299539036
M3,20.23113693608056
M3,20.191410544210967
M3,20.232688494637323
M3,20.21457286746216
M1,19.97065400891611
M3,20.259407291351035
M4,19.981369167703427
M4,19.952134197066503
M3,20.17846527346267
M4,20.06420451432008
M3,20.226625516888827
M2,20.003047323538315
M2,20.066130763072813
M3,20.218663535596257
M4,20.050128252096716
M1,19.95690784592733
M2,19.966242786434673
M3,20.228900797827738
M4,19.995307844240475
M2,19.99897200879859
M3,20.22552593857232
M1,19.959989986340236
M2,19.955353267397488
M4,20.034010731888856
M3,20.263487625768736
M4,20.009996000495196
M1,19.959049051133597
M2,20.03138441864525
M4,20.035990374513716
M4,20.022617389385992
M4,20.0631444944125
M2,19.97872434031388
M4,20.04144409663548
M2,19.99255316833372
M4,20.02582938595765
M4,20.006566766927445
M2,19.96192942858038
M2,20.060670381568286
M4,20.045112758991383
M2,20.071887204185995
M2,19.980533460321713
M3,20.215600088036357
M4,20.063126431000676
M1,19.96473860180112
M4,19.95392509069624
M2,20.03210663583802
M1,19.932335636823883
M2,19.959129063192027
M2,20.08176667014477
M3,20.221384695872196
M3,20.19066971334207
M1,19.927725607061713
M2,19.97552086734511
M1,20.02550061154847
M2,19.971026940831184
M3,20.196005304009795
M4,20.073935335441913
M1,19.976307297919934
M3,20.195368094134245
M2,19.954072355289785
M2,20.030785080689615
M3,20.180234037977325
M1,19.962771225024152
M4,19.97203581071965
M2,20.002503811866127
M1,19.97771398750174
M4,20.03547445506854
M4,20.016758682276972
M3,20.234534536597582
M3,20.146927650937503
M1,19.99585280306537
M2,19.97975920100783
M2,20.035344204850656
M4,19.988655148914415
M2,19.97778343882241
M3,20.248839436310902
M2,19.997782028744005
M3,20.27495127350117
M1,19.97512202449204
M3,20.238984144232862
M1,20.01555046367329
M3,20.222628858514696
M1,19.965567590603335
M4,20.000060054191053
M4,19.99429159141227
M3,20.153598334836698
M4,20.013054569631187
M4,20.02255079556241
M1,19.966888902095935
M3,20.261955306605056
M2,19.959203182780698
M4,19.976298557756937
M4,20.02915365011251
M4,20.037662412846487
M2,20.009020685627515
M1,19.944553897085633
M1,20.018341040704797
M1,19.97518335138427
M4,19.99034830014248
M3,20.255244107493105
M2,20.007645154357636
M2,20.02071707286066
M1,19.9731527669982
M3,20.198578813380735
M2,20.028525302379308
M4,19.988580728048845
M1,20.009960069782764
M4,20.04430269472998
M1,19.97479795977088
M2,19.996297911970387
M2,19.97385094236178
M3,20.29508416350762
M3,20.20967769051989
M1,19.95464966978014
M2,19.967684114594743
M3,20.232315323206706
M2,19.96976928601769
M1,20.02440437328839
M1,19.983960723095777
M3,20.23118513353511
M2,19.982392330728956
M3,20.208740293721934
M1,19.976740692787267
M3,20.220012763192873
M1,19.962673038943663
M3,20.215447316475625
M4,20.005769653429347
M2,20.01252366226625
M1,19.95544241713099
M1,20.03875506854609
M2,19.982652032372624
M1,19.93093719184918
M4,19.996110764431013
M4,20.041016886694536
M4,19.996328748957776
M4,20.003742918335742
M3,20.221493949718077
M2,20.013465036381007
M2,20.019742255824823
M2,19.958546440485335
M4,19.981691422805135
M2,20.01251850046657
M2,20.00032800020137
M3,20.260967159172885
M2,20.018138776198725
M2,20.058535156893655
M1,19.991050865834893
M1,19.95423560215997
M1,20.012493827504805
M2,19.98820708206044
M4,19.998347015989168
M2,19.97998711081524
M3,20.19577501749071
M2,20.01346944080061
M2,19.984925926069888
M1,19.95611928384122
M3,20.176153599925872
M3,20.235864185924257
M2,20.01455848414063
M3,20.218808147015142
M2,20.030555591132405
M2,20.00771437704545
M3,20.169731089868428
M3,20.250261146358262
M1,20.002840904885375
M2,20.024596084386804
M2,20.012611838173456
M4,19.970372367590763
M2,19.991245764561295
M4,19.99368178515111
M3,20.18391376448001
M1,19.94732606475803
M2,20.012721640545717
M4,19.97801067726614
M2,20.018369965058564
M3,20.214553748709932
M4,20.01458920516644
M3,20.191532068472505
M1,19.960605572764912
M2,19.94661539403966
M2,20.004908738008492
M2,20.06872518761427
M4,20.072492480286243
M1,19.948749237208457
M3,20.23118370563185
M4,19.935718611288355
M4,19.980477640071573
M3,20.248053832871303
M4,20.054520249183017
M2,19.975199170381607
M3,20.2529058980095
M3,20.17346485501057
M1,19.94541681504029
M1,19.976927614302763
M4,20.029295043718
M1,20.01263436626557
M2,19.99851051204671
M3,20.27355749685427
M3,20.224899239550165
M3,20.200157634670223
M4,20.03334680246079
M4,19.977419741606965
M4,20.02204420854575
M3,20.254583379733745
M4,19.99500149087751
M3,20.174581170256005
M3,20.215752110565855
M4,20.05223557059684
M4,20.01315918911198
M1,19.958987672264467
M4,20.04418894931429
M3,20.23502309639048
M4,20.053733298178745
M3,20.23992539747929
M4,20.03168909311433
M2,20.01597386445164
M1,19.91504493354779
M1,20.066522636377275
M2,20.039380205915595
M1,19.9693080722924
M2,20.049423723579523
M1,20.00277526453647
M1,20.00855665658867
M3,20.16540379907949
M4,20.065760505750397
M1,19.99419926868901
M3,20.23086272143419
M3,20.16454238993539
M3,20.184224010131228
M1,20.029884329067823
M3,20.24818927892604
M1,19.91819454975219
M1,19.983080653953884
M2,19.99180305785186
M4,20.025573562619147
M1,20.013678746875687
M4,20.056738160532557
M4,20.026548833019486
M4,20.07153413630009
M2,19.989134742244172
M1,19.991693229667156
M1,19.947489164727234
M4,20.018945281785825
M1,19.981776790451654
M3,20.23228954809175
M2,20.0636531901993
M4,20.019468299438415
M3,20.201030642221617
M3,20.345314728159277
M4,20.031950059045194
M4,20.052161537322185
M2,20.002528040363455
M3,20.184692508318474
M3,20.222504002346454
M4,20.002866967869863
M2,20.009942859176192
M2,19.974504756838385
M4,19.995494186516307
M4,19.982675744698827
M3,20.16793489399572
M1,19.939711343433004
M2,20.007016308130687
M2,19.974146545522835
M3,20.25940072429959
M3,20.269373695342935
M4,20.034410567421578
M1,19.94205364411676
M2,19.985127641424203
M3,20.194537221570524
M4,19.98159381874379
M1,20.00226126553938
M4,19.99676462013337
M1,19.952828505052786
M1,20.003376345251645
M4,19.96900308378455
M4,20.005936685837543
M4,19.996459655873107
M3,20.237716244808787
M3,20.261106726970834
M3,20.242927618746062
M3,20.213114831658817
M3,20.26003218612711
M2,19.98240066910314
M4,19.993558485810535
M2,19.973892451096972
M3,20.230751808494976
M3,20.18352913565643
M3,20.21053987742205
M3,20.232055067773405
M1,19.981963829844275
M2,20.03108988047661
M2,19.990745741746306
M2,20.00390493700549
M4,20.02222065430919
M4,19.993537832622135
M3,20.183171937445184
M2,20.024481923117097
M1,19.98728927568156
M4,20.0406325458789
M4,19.996249067171888
M2,20.045561367135647
M4,19.974768434323547
M4,20.034138793485887
M3,20.22026842708205
M1,19.9543080306106
M1,19.9688494777172
M4,20.014510033600043
M3,20.157784023758403
M1,20.016564661743324
M1,20.00337199882324
M4,20.028924610363696
M2,19.98255547917281
M2,20.062595883099345
M3,20.18141986963777
M2,19.994794558105298
M4,19.93090216783139
M3,20.26587624738178
M2,20.00015080779919
M2,19.96545391912169
M4,20.00372918993144
M3,20.25235273454341
M4,19.995679248603732
M2,19.9587874297509
M1,19.998529417625303
M4,20.01694641748226
M1,19.97497945175789
M4,20.022938303551832
M3,20.21808777126491
M1,19.945188907917945
M4,20.00847009269239
M1,19.984291160866192
M2,20.067564638118963
M2,20.015589296879835
M3,20.198087115425743
M3,20.2050358830405
M3,20.20299345637696
M2,19.992864009361437
M3,20.218390897271643
M1,19.975291319487873
M3,20.1829339761945
M1,19.99338584967076
M1,19.99129553554146
M3,20.16060154292836
M1,20.06085224138182
M4,19.986805400240335
M1,19.97004495259355
M1,20.000818272347164
M4,19.95856341035755
M1,19.97850749093222
M4,19.994520190768963
M2,20.032698182362207
M4,20.05819479093744
M4,20.055632433325492
M1,19.968128135665257
M2,20.051912097594514
M3,20.24223970727581
M4,20.064505844875903
M1,20.001856508550137
M1,19.999700629744453
M2,19.993970365464023
M1,19.991088324562632
M2,20.019779268645483
M1,19.982222315928027
M4,19.992887602001556
M4,20.090521092159292
M1,20.000165424404383
M3,20.22993053926626
M3,20.218026571741976
M3,20.243630456312037
M4,20.021143294306764
M3,20.28204391512332
M3,20.166014582751277
M1,20.029454713180844
M1,20.01488232637811
M3,20.21625720614459
M4,19.998288755876526
M2,19.985533603757982
M3,20.19604118512172
M1,19.988491638186108
M2,20.01540188170365
M4,20.059174587468743
M3,20.236200924494614
M1,19.95626522696459
M4,19.999693014114055
M4,20.004383947666337
M2,19.95977974921066
M2,19.9534672426785
M3,20.20643406440576
M4,20.01000279061952
M2,20.013714177232377
M1,20.042308120789325
M1,20.01942833961419
M4,20.030237574307304
M4,19.98202273394995
M4,19.994492189023234
M1,20.014713512479815
M1,19.99663490014047
M2,19.986079815536524
M1,19.955302525476455
M2,20.09554528613141
M3,20.27940919541085
M2,20.031364354649057
M1,19.97100285056858
M2,19.979615943975865
M3,20.20116139582461
M3,20.209815946354382
M2,19.985437987926726
M2,19.982086900962862
M3,20.220112263666437
M1,19.9510205241516
M4,20.033473808526225
M4,20.01381265992548
M1,19.973396943509492
M4,20.01261026578967
M1,19.99587686525881
M2,20.042248219904547
M3,20.20381817434306
M2,20.01946890351984
M1,20.026287484015903
M1,20.02316927422284
M3,20.241330049016035
M1,19.958267188110717
M2,19.93877692516541
M2,20.0177845520299
M4,20.024052919130607
M4,20.023504458689047
M4,19.974851787491243
M3,20.232614113525024
M3,20.194262788040025
M2,19.97408770448102
M1,20.02908060535947
M4,19.99874953734073
M2,20.017641927557957
M2,19.99552625072108
M1,19.95085591035571
M2,20.06868473873431
M3,20.266668291786257
M2,20.02887419831732
M3,20.189429649928595
M1,20.00361390219437
M1,20.00915693811591
M4,20.02951399188532
M2,19.9905301654291
M2,19.932707989362463
M2,20.00838811653887
M3,20.23216531953005
M3,20.232338701294108
M2,19.972666487155575
M4,19.99281603821385
M4,19.979454812622905
M1,19.988433430063992
M3,20.230305020093393
M4,20.053304608843057
M2,20.03336021420454
M1,19.970495835808315
M1,20.004250985840397
M3,20.281351083391645
M4,19.933704758620735
M1,19.98965379044559
M3,20.226880293075855
M2,20.001232068721297
M2,19.998372739177103
M3,20.203015908769117
M4,19.97548745917013
M1,19.977591566666515
M1,19.93606719060412
M2,19.98465890401057
M2,19.96989334006196
M3,20.1722485714974
M3,20.2029446102385
M1,19.94178710125892
M2,19.90774689871616
M3,20.199201829683496
M2,19.991202067846856
M3,20.2473767145919
M2,20.0314728997814
M2,20.058753809022157
M1,19.948788732448328
M1,19.955463372828262
M1,19.997851774284932
M3,20.19627767164979
M1,19.960094977026294
M3,20.241767594001033
M4,20.053120217130015
M3,20.25774241688407
M3,20.206394495525466
M1,19.968703836792884
M2,20.03040352220711
M4,20.08870049304701
M2,19.992678205588344
M4,20.031012943517236
M3,20.16733817424061
M2,19.981718125097085
M1,20.001551604985973
M1,19.983990337542224
M2,19.97839826878199
M2,20.02297845220119
M3,20.1931074434486
M3,20.250338941173833
M2,20.003029572069725
M3,20.23407433506561
M4,20.00700209157855
M3,20.22198481176608
M4,20.019944421840258
M2,20.00339832039455
M4,20.04495867120558
M2,19.966102631934305
M1,19.997341191061704
M1,20.004069669710944
M1,19.934213930866164
M4,20.04215083316504
M1,19.98910939067476
M4,20.00026615078685
M4,20.005012285316404
M2,19.9685145963763
M4,20.03978677070624
M4,20.00181503926346
M4,20.015538525086203
M2,20.016381605386577
M2,20.036955924852588
M1,20.07562837342435
M4,20.020652540423956
M4,20.011096624775835
M3,20.26904442936944
M1,19.993722554349024
M4,20.01104792087856
M2,20.019862094211625
M3,20.2118811299563
M3,20.25404121087932
M1,19.957392965285916
M1,19.981179171414553
M1,20.005844041150752
M4,20.010363867252963
M4,20.01032121034393
M2,19.956391680451297
M2,19.95895661762383
M2,19.928213835035848
M2,20.006863133378076
M3,20.224955051061812
M2,20.05018384194924
M3,20.249683329480693
M2,19.99677525347653
M3,20.250292506838637
M4,19.982419993327856
M1,20.028248146845797
M1,20.00028747362004
M3,20.195218022565506
M1,20.018315855501907
M1,20.0332842561608
M4,20.032333602739214
M2,20.04688419249818
M3,20.25567206650863
M4,20.063251073477325
M1,20.043916390942016
M2,19.95750060060147
M1,19.984837268128533
M2,20.12251230525208
M1,19.993042830864972
M4,20.07397732607849
M2,20.05063628884904
M1,19.94502884773677
M1,19.97366774329808
M1,20.0200193100624
M1,19.975396559403276
M1,20.014913270570062
M3,20.239877521913616
M4,19.976888374311116
M4,20.026771932846444
M4,19.9831243440382
M4,20.019248708113555
M2,19.95514876406397
M2,20.001726844702628
M3,20.213853735215597
M2,19.99683962209183
M3,20.13189822280105
M4,19.996481097683397
M1,19.968487458510655
M4,20.0237959426254
M4,20.0291820135163
M3,20.24682102674539
M2,20.011737519716107
M2,19.96593057160475
M1,20.01830740079564
M2,19.99908313970569
M3,20.25549178616825
M3,20.16762011655075
M1,20.04553922984701
M3,20.196210814676487
M4,20.025634110826285
M1,19.99238392822358
M1,19.99466422251703
M4,20.011613647893917
M3,20.211029953223253
M3,20.171944727834937
M4,19.98947577279218
M3,20.2605479220421
M3,20.206305964467894
M1,20.006890796549428
M4,19.972489458161675
M4,19.946459728632835
M2,20.03774745333356
M3,20.26589154599131
M3,20.16847406195253
M1,20.00618237968248
M1,20.03775975303727
M3,20.180983393372735
M3,20.19155440004283
M3,20.236821941385035
M2,19.998949112237568
M4,20.004408374141555
M2,20.0074635919647
M1,19.985919302052345
M1,19.965370736999045
M4,19.967661433127432
M3,20.25548001880147
M2,19.98371720033577
M1,20.001787226526226
M1,20.019717319752452
M1,19.998372219971085
M1,20.01928417061455
M3,20.230922052365756
M1,19.936597128369723
M1,20.019761822885716
M2,19.996737633767104
M3,20.238554003638715
M2,20.00058347836862
M1,19.989529543200913
M3,20.189323712643297
M2,19.966970529560413
M1,20.033096016919224
M3,20.21880834922993
M4,20.03927862417916
M3,20.224777996691788
M1,19.988353508575813
M2,20.004367204715845
M3,20.19604826191975
M4,20.029489445604007
M4,20.07143671791638
M4,20.000121477834607
M4,20.01223978499429
M3,20.194970683902447
M3,20.23907275724307
M3,20.212211726737284
M3,20.232159042299315
M3,20.2038014438342
M1,19.949655803514617
M4,20.004028093243782
M1,19.975447073124325
M2,20.001582452516523
M2,20.045635967161218
M4,20.010634698258805
M1,19.920517590565233
M2,19.990722660417624
M2,20.05329965552587
M1,19.991286691492927
M1,19.939922150303595
M2,19.990974994429916
M4,19.966998594210995
M2,20.043055220668347
M4,19.996395902550574
M3,20.23584710796604
M4,20.00639802204125
M4,19.96659954543583
M3,20.24611295110862
M3,20.284490747415035
M1,19.983486542495015
M3,20.265854043958228
M1,19.931970960263698
M3,20.210437228089248
M3,20.163097925320212
M4,19.969884987217885
M3,20.21853030458393
M2,20.050842817473928
M2,20.023765031323737
M3,20.234229420217694
M2,20.015569198237177
M2,19.957745765186093
M2,20.047334494209036
M3,20.22572540025235
M1,20.027571334042964
M3,20.21561726858788
M2,20.0201750633287
M2,19.979545109339156
M2,20.07388755023709
M1,20.00318984074944
M3,20.19632317471886
M3,20.268358199538437
M4,19.98533837148985
M2,19.996551961304696
M3,20.193278002016424
M3,20.25735890227742
M3,20.185072224106772
M3,20.24924252507226
M4,20.005892938698832
M4,20.02308331730986
M1,19.992777134098432
M2,19.95625822610108
M3,20.19542284234635
M3,20.231802410923795
M2,20.001395632599916
M1,20.034031632096543
M3,20.2249927094209
M3,20.16021793567845
M1,20.005258840600536
M3,20.24254320999685
M4,20.018424808357665
M3,20.16837664281779
M4,20.060866604934045
M2,20.002613043812527
M1,20.007935270808726
M3,20.293386126007587
M1,19.990489415348893
M1,20.06918883291396
M1,19.982384037278873
M4,20.048262218158143
M4,19.994633229724556
M2,20.02715000079475
M3,20.220956737637582
M2,20.02123037022179
M1,19.984701058825515
M4,20.06229490827155
M4,19.987303094398825
M2,19.982430719361997
M2,19.981777628930455
M4,20.001744837652257
M2,20.034973908238573
M2,20.079889909514424
M2,20.074648978961783
M2,20.014516198985337
M3,20.307639014314447
M1,20.0136533310288
M2,19.98995088258274
M2,19.95063556141531
M2,19.981509056963205
M2,19.928349528359764
M2,20.011755581424925
M2,19.98745712161987
M4,20.05253133488413
M3,20.206105475634597
M3,20.22499185916733
M2,19.97810564410184
M4,19.994203800313787
M1,20.017162317780404
M3,20.210451568288317
M1,19.956452585502632
M4,20.03971171596427
M2,19.969564158253167
M2,19.968007892450576
M1,19.99880969785616
M4,19.954164174965193
M2,19.984971841738197
M2,19.987911811654076
M4,20.04923136444917
M1,19.940312348222385
M2,19.994128715732415
M1,19.94175671579015
M1,19.99386104970019
M1,19.99226103937021
M1,19.96153209157203
M4,19.995657853074388
M2,19.967971657616857
M4,20.109404931265825
M2,20.041901093283386
M4,19.951312443770657
M1,19.995601880257095
M1,19.969843807867317
M1,19.95754867023549
M4,20.013770672180847
M3,20.229605518079303
M3,20.221469167858498
M4,20.053349251356867
M2,20.023756965006125
M3,20.227201487506395
M3,20.14619280419503
M3,20.21734053694541
M3,20.1903164402684
M2,20.015894615484903
M1,19.94343397448498
M1,19.940018056121097
M3,20.16659293226279
M3,20.23649400308925
M3,20.217414427584664
M3,20.225962703454243
M1,20.01812995938353
M2,19.968854752892472
M2,20.055476173279203
M4,20.028411353526945
M3,20.26993824552899
M3,20.192563853697703
M3,20.259647978150927
M2,20.0066803667189
M4,20.03010526939715
M3,20.242373147587017
M4,19.94445248795103
M3,20.2597930194356
M3,20.179960607983205
M1,19.98112454504103
M3,20.30188037334061
M1,19.982936160651047
M3,20.221844925363175
M3,20.247278973577803
M3,20.235085129093196
M2,20.004221026029747
M1,19.99750598668203
M3,20.2374847906969
M3,20.183626671642433
M2,20.008090952846967
M3,20.20111974767155
M4,20.00182620963255
M3,20.154495569049256
M1,19.943898184381705
M4,19.994523384974517
M2,20.010787264758225
M3,20.245632828482957
M4,19.946964689578763
M2,19.98749596239466
M3,20.173549161366637
M1,19.990313678763897
M4,20.0399658812199
M1,19.94984368020292
M3,20.184676611431573
M2,19.995328838077516
M1,19.98054220339693
M2,19.96328800757128
M4,20.028827310374037
M1,19.98216151955663
M2,19.993814589941824
M1,19.94103550850324
M1,20.01914839745237
M1,20.011630517536275
M3,20.25913551064196
M4,20.03489128990035
M3,20.214798157994355
M4,20.07181785078193
M3,20.24810551601701
M2,20.04504355030676
M4,20.076284924870414
M1,19.98688879163737
M3,20.203657284172632
M1,19.97109098586645
M4,19.963673785804275
M1,20.019709583126836
M1,20.017748979986376
M2,20.011595855762607
M3,20.184461684167648
M1,20.06378308153851
M2,19.980457812357734
M2,20.007357577879997
M3,20.23255776770351
M4,20.031263593118208
M3,20.24119312099289
M3,20.157453620331697
M2,19.99880745864441
M4,20.0588236284207
M1,19.95472524266241
M1,19.991489214477607
M1,19.97061881983977
M2,19.994173329494732
M2,19.963675103941657
M4,20.00124154871846
M3,20.220428754701523
M2,20.035119114091795
M1,19.967522782650754
M3,20.216251565238014
M2,20.026227312523257
M4,20.034563471231756
M2,19.97036567938312
M3,20.207356440984213
M4,20.019604524730543
M2,19.97698095858871
M2,19.98585432640757
M3,20.168583006869607
M2,19.98295496458656
M1,19.95767819646959
M2,20.05743037840708
M1,19.99632247366783
M3,20.200238927471016
M1,19.981590110321793
M2,20.03970023243677
M4,20.00611693984338
M3,20.242651694856892
M3,20.21884137865848
M3,20.219714592376544
M2,19.952124702847573
M3,20.267721933968584
M1,19.97493150003292
M3,20.244139207246587
M3,20.22998454366739
M4,20.011224301479295
M4,19.98592842353691
M1,19.98245918876508
M2,19.975941158944163
M3,20.151157390292425
M2,20.010644262060413
M3,20.26371250648185
M4,19.98432560004229
M2,19.96571951044337
M4,20.002957392421575
M4,19.964821156856605
M4,19.99155185346724
M1,19.996913326057808
M2,20.015059204257323
M1,19.99149096346343
M1,19.980578462328516
M1,19.977890136813222
M2,20.016762914710768
M1,19.978495639190974
M2,20.011671440719287
M4,20.017582233225376
M4,20.0334869651448
M4,20.04113289819718
M1,19.9898665396425
M3,20.190103311951447
M3,20.24117135824958
M1,19.958291768528955
M4,19.993246047190254
M2,19.977012468996044
M4,20.054251402827735
M1,20.03915247344884
M3,20.2398284754016
M1,19.9934957380628
M4,20.067709685909584
M3,20.32307461211277
M1,19.98125848578283
M1,19.95238005852195
M2,20.00416657236562
M1,19.971590945757765
M1,20.05893502855899
M4,20.07803245026355
M4,20.020861451204336
M3,20.23157998308449
M4,20.076308082460883
M3,20.238126640178717
M1,19.92078451936782
M3,20.181634323429577
M1,19.98468424582242
M4,20.03361007442863
M2,20.007418869278354
M1,19.97109876319041
M2,19.940595921487805
M3,20.178489571625704
M4,19.99947801225568
M3,20.23577146137273
M1,19.97998089031096
M4,20.027253771985695
M4,20.019851672178103
M2,19.922043252651495
M3,20.214464536249025
M4,20.035389473184186
M2,20.00756831009979
M1,19.98528925484861
M1,20.027279044382208
M3,20.204489144024084
M4,20.076797001464172
M3,20.2290242438115
M3,20.26517306100788
M2,20.032968994151105
M2,19.98929166741459
M1,20.000116136966316
M2,20.03391380629064
M3,20.22441108734435
M4,20.007111716786653
M4,19.972064235579406
M4,20.1120597413657
M1,19.962385706750403
M4,20.059132454015455
M1,19.965394406941257
M3,20.193102302494257
M4,20.026117807301276
M4,20.017748642567827
M3,20.29544191471622
M2,19.97689724040348
M3,20.287266764234992
M3,20.23709810968595
M3,20.250197086795733
M2,19.99198041280245
M2,20.00844502482045
M3,20.266050127798113
M1,19.935846322948684
M4,20.082760371307625
M1,20.013371852037977
M4,19.982042578774813
M1,19.943534051785928
M3,20.27006618269229
M2,20.02579711753312
M3,20.1934489351132
M2,19.956096270459373
M4,20.039235219609388
M1,20.01171098384123
M4,19.97621272689094
M3,20.271104485528785
M4,20.02420327578629
M1,20.00095743730676
M1,19.957732861194593
M2,20.03766654531301
M2,19.972955503799692
M4,20.052577529051085
M4,19.983061967937488
M2,19.917130313758925
M4,20.01984175981007
M1,19.970080340333784
M3,20.24454894521547
M1,19.9575276612951
M3,20.231877203143267
M2,19.999043663265347
M2,19.991603557460532
M2,19.989748315860872
M2,19.991537321293062
M4,20.00458409347297
M4,20.061960026532
M2,20.049508662761237
M2,19.95437182902881
M3,20.197274330548495
M3,20.226480438171684
M1,19.964811627364544
M3,20.198959489613728
M4,20.04938506435486
M4,19.95091859033212
M3,20.22324508750064
M2,20.02389421799187
M2,19.93791362710792
M3,20.218144749978535
M2,20.035608641717666
M1,19.982499160492033
M3,20.27530193295037
M1,19.97811331956655
M4,19.997935554808382
M2,20.030293681401332
M2,19.963929972512343
M1,20.00425614306492
M1,19.980989462715257
M4,20.021874928653528
M3,20.199312147437173
M4,20.04440228328947
M4,20.054234785189603
M1,19.996703915126353
M2,19.991737783318975
M4,20.025114876660737
M2,19.968953213338555
M3,20.224335411523462
M3,20.221222951044137
M3,20.20138407811346
M4,20.04340404319725
M4,19.99742181796792
M3,20.29128954586756
M3,20.230539192560503
M2,19.99514469740061
M1,20.057978350725637
M3,20.21759134288835
M1,19.897363753221537
M3,20.23081760112583
M2,20.030277362599673
M4,20.01815812808235
M4,19.986562729694295
M3,20.22166362053486
M3,20.24995602981143
M2,20.03408924304055
M2,19.96289885973107
M1,19.972877194373332
M1,19.970409629853748
M3,20.216092079765225
M4,20.00427923039695
M1,19.90476742191499
M2,19.95910968006527
M3,20.224834640013764
M3,20.235876611931342
M3,20.235870278989672
M3,20.23063886751544
M1,20.007743589263317
M2,19.989468314455127
M2,19.98426578476051
M1,20.00468689628376
M2,19.978832788006816
M2,20.0414781851795
M4,20.00028511998418
M2,19.998515626664172
M4,20.023240577582147
M3,20.1668833273418
M3,20.27672015277778
M4,19.987077205224097
M4,20.007587639601976
M1,20.010920014089372
M2,19.979888386243644
M3,20.198123315829985
M4,19.993495685974093
M1,19.94655076930957
M2,20.017999063622423
M1,19.9653273889889
M1,20.028221856978018
M4,20.014465967076415
M1,20.001670986566868
M4,19.9971436993392
M4,20.001960823778212
M4,20.00811308577111
M1,20.003046957554215
M1,19.97603847542251
M2,19.996993972338284
M3,20.24446895109404
M4,20.024576922214415
M2,20.057942614230264
M1,19.97785465872659
M4,19.957874312010897
M4,20.124912432121505
M3,20.24309616029486
M3,20.188311401788365
M4,19.979665533635064
M2,20.054523408781503
M1,19.95204683106209
M3,20.247468830430357
M2,20.013968816148125
M4,20.06111462252723
M4,19.9910642908848
M2,20.008060538744633
M2,20.032827064874756
M2,19.96680950443153
M3,20.173956870476193
M3,20.244411627796563
M3,20.291665517417897
M3,20.19727372780671
M4,20.015166188821382
M2,19.98613052014448
M1,19.96217912810813
M4,20.047949106368723
M4,20.077671692538853
M3,20.23826944468826
M2,20.04289729596478
M2,19.976631230579464
M2,20.00571909980346
M1,19.981451552353224
M3,20.227764109396528
M2,19.944972161448177
M2,19.97394617988977
M3,20.233466283028584
M4,20.043464717723015
M1,19.989396125046532
M4,19.998797480806022
M3,20.227858432950796
M4,20.03125080576735
M2,20.010228140778416
M4,20.04088078122797
M3,20.26081792003224
M3,20.226754406497655
M3,20.246756131576348
M2,19.998347261309064
M3,20.220824111355803
M4,19.97403244117786
M4,19.97685505702255
M1,19.980919935386225
M3,20.197585985903093
M4,20.00521966574092
M3,20.217757784233765
M2,20.021169511227203
M2,19.984846482893676
M3,20.20483518129571
M3,20.25016328317025
M2,19.961455958484606
M2,20.068777109650995
M2,19.98165381115134
M1,19.967351819914793
M1,19.952506546752417
M1,19.96320958903952
M2,19.901940168428368
M3,20.247302604038055
M2,19.951084085371413
M4,20.017254575128977
M1,20.00532218143557
M2,19.97246635764738
M1,19.988169398691262
M2,19.985479624777344
M3,20.219721945050093
M2,20.0158334557994
M2,19.97032035435547
M3,20.247563399313787
M4,20.004265743019825
M1,19.99103359614392
M1,19.978018664470525
M1,19.991757782866223
M3,20.184505437603978
M4,20.02413436116972
M1,19.97963344026379
M1,19.938300302325658
M3,20.2195203760306
M4,20.011138141648217
M3,20.17014770171588
M4,19.99817627546551
M3,20.150261864623783
M1,20.03219332753125
M2,19.98063024977557
M4,20.045364502899517
M3,20.216579673988793
M1,19.969377395148097
M1,19.979077604618805
M3,20.248048362812103
M2,19.982084064142608
M3,20.23592206244701
M2,19.97756705215319
M2,20.015558582417597
M3,20.274144099997564
M1,20.033208637708935
M2,20.02832709157576
M2,20.05829275574519
M4,20.004909681216432
M3,20.19569084793602
M2,19.96842112562025
M2,19.968365904251527
M1,20.049547767194223
M1,19.94889204063097
M2,20.041043890722143
M4,20.04032748082212
M1,19.99187176923499
M1,19.9739981411522
M3,20.213195064547932
M1,19.95529941008969
M4,20.033104971878252
M4,20.022738095372016
M4,20.05618705239863
M2,19.96055801494682
M2,20.009219087778405
M2,19.997203448681233
M1,20.017725861119583
M3,20.221668484878908
M4,20.039968442344115
M2,19.983715995563788
M1,19.942731193189815
M3,20.273191213499313
M2,19.997281901624927
M4,19.983556349185395
M4,19.98303943249546
M4,20.006836147701865
M2,20.0256742190519
M4,19.92868164862191
M1,19.982119894088115
M2,19.988907082582887
M2,20.034066169650263
M4,19.97391450165182
M3,20.267507803218752
M2,20.008540047621917
M1,19.99729277972134
M4,20.019680052830623
M3,20.19873887821374
M4,20.04050085623047
M2,20.05937802705972
M1,20.05620302804096
M2,20.019802473486404
M3,20.27833109628024
M1,19.97986864441093
M1,20.019786077896423
M4,20.037267989868894
M3,20.281410966305884
M2,19.95068725036687
M3,20.19883340207493
M3,20.2698363828426
M1,19.98987590131809
M2,19.9582145244951
M2,20.02146495600254
M1,19.97521522122189
M1,19.94594542464012
M2,19.987888566116695
M3,20.224708833605153
M3,20.25336192749846
M4,20.00756958327439
M2,20.01330071133319
M3,20.279610077530563
M4,20.03424286101525
M3,20.195757982800256
M4,20.00012078293109
M1,19.979086000721725
M4,20.02421229952385
M3,20.215317852000737
M3,20.257397939485635
M1,19.936605437687096
M3,20.191412206598656
M4,20.0012464202664
M3,20.27406740483768
M1,19.930447940243095
M2,20.033395434682024
M3,20.16978050911862
M4,20.04537191976466
M2,20.02128233558759
M4,19.988072387144992
M4,20.00416826737699
M2,20.040438682063776
M1,20.037922463040104
M4,19.992515324535507
M3,20.20415302325289
M4,19.982003422739567
M4,20.044519327199815
M2,19.97599859834896
M1,19.97750211259798
M4,20.051644485824458
M3,20.21525758881955
M1,19.972648021186693
M3,20.209612614692183
M1,19.968395038440914
M2,20.067517490751868
M2,20.00756437222845
M2,20.00618746837873
M3,20.25757575387879
M4,19.963236315567787
M2,20.043808328707613
M3,20.171807347906825
M4,20.0350832791735
M3,20.237336477573063
M2,20.007054913294372
M3,20.240545522129334
M2,19.954324731453028
M2,19.977370072982687
M3,20.194710189748935
M2,20.006356612330727
M1,19.97248214681546
M4,20.060679638997847
M3,20.197150759636404
M1,19.94585937833397
M2,20.020371099570024
M2,19.978843805147957
M4,20.0578205200901
M4,20.01702097844459
M3,20.260285312484555
M2,19.98629315613924
M1,20.011185778524688
M1,19.96570949671239
M1,19.995310585632858
M4,20.001659057771167
M1,20.008972351315187
M3,20.273755436701652
M4,20.001547747301068
M2,20.017264890802792
M3,20.173524398687317
M4,20.06899476055587
M2,20.020479129399774
M2,20.048931284986377
M1,20.01537991979478
M2,19.99464341594558
M4,20.02934059979477
M3,20.245139797301267
M1,20.022626579456585
M3,20.20351257277999
M3,20.211071436850812
M1,19.969552796895428
M4,19.997688904073716
M1,20.089453451519955
M2,19.980171615281964
M2,19.953460406115248
M3,20.24301604515493
M4,19.962952320423476
M1,20.01973946600298
M2,19.99145525354881
M2,20.02140430774608
M4,19.976539788203304
M4,20.00181946284207
M2,20.027390430755258
M3,20.23810074769749
M4,20.041314183341672
M4,20.01256710244618
M3,20.230272995354568
M3,20.15687286028764
M4,20.01333220750993
M1,19.93537233335718
M2,20.013625814414045
M3,20.201166237344484
M1,19.99764335064491
M3,20.25064659584625
M4,19.953392397848816
M1,19.974780043123783
M4,20.031576742096508
M2,19.990863992658397
M4,19.964058929624997
M3,20.202529020302357
M1,19.98355511120624
M3,20.18477455643489
M1,19.975238240079808
M1,20.009011836965374
M4,20.047164718315216
M4,19.993507296756995
M1,20.07446498999361
M2,20.02211337975883
M1,19.98391716644788
M2,19.984312411093303
M4,20.03643348039327
M1,19.99107179867995
M3,20.2342593197112
M4,19.971638299995348
M4,20.024274986467017
M2,20.02018149344081
M3,20.20298346995318
M2,20.029417523211663
M1,19.940151794751216
M1,19.95193005522954
M3,20.209869574427525
M3,20.23349291099512
M3,20.28894399377077
M4,20.01809604971079
M3,20.23277844166374
M2,20.049565970115417
M2,20.006830336996465
M4,20.033293593362966
M4,20.00657718189331
M1,19.983785508318075
M4,20.00508552829033
M1,20.011210083097243
M4,20.024710188474337
M3,20.191970935226585
M3,20.22669782710291
M3,20.140630015058065
M3,20.224284075058183
M2,20.044445012309485
M4,19.929865943280053
M3,20.3232460564392
M3,20.269911307087774
M2,19.981629060999744
M1,19.92262801205514
M3,20.194665097307603
M2,19.983112480179848
M3,20.207762873427473
M2,20.02021057746318
M4,20.04724628625647
M3,20.17482992538205
M2,20.01616084323696
M3,20.295066301351472
M3,20.226097855599345
M3,20.261030692600453
M3,20.23524256108764
M4,20.07379303031446
M2,19.99240771188065
M2,20.027786206876545
M2,20.02697294769526
M3,20.21820905114686
M4,20.016354038582868
M3,20.17604860740028
M1,19.987655579206805
M4,20.05627903952517
M4,20.096645022946728
M2,19.958986655942542
M1,19.976515306714884
M2,20.02623132592366
M4,20.048515864186005
M3,20.268287524868295
M1,20.01078878807146
M1,20.04277429107516
M4,19.975050656568072
M2,19.99696677969422
M3,20.21248967309483
M2,19.989585984715585
M1,19.93233656599991
M2,20.03716695720346
M3,20.274595091187884
M2,19.987400821363636
M3,20.24455105549483
M2,20.007735748015648
M2,19.93220199219059
M2,19.945602432924296
M2,20.01414355716917
M2,19.99243352956008
M3,20.21926532781757
M2,19.983365964606953
M3,20.18102861594418
M2,19.943199734881517
M2,19.975294251869222
M4,20.043225065961227
M4,19.950523087482704
M2,19.97066974372823
M2,20.007565005435257
M3,20.25453194215604
M1,19.960990612692633
M2,19.991067004441177
M3,20.26781773956526
M3,20.228060749010425
M1,19.964251382748355
M1,19.993336613379167
M2,19.926672291754567
M1,19.96741114158698
M3,20.17487368257779
M4,20.039461845808216
M2,19.920987820954178
M2,19.98827831925337
M1,19.977832436849493
M1,19.94523712704885
M3,20.238128150521742
M2,19.977995515031445
M3,20.242504131478537
M3,20.223778563443624
M4,19.976354652758804
M1,19.96046097459871
M3,20.23733509900083
M4,20.056062448619137
M2,20.00819897532831
M1,19.95772247085919
M2,20.000538754225325
M4,20.0313146256444
M4,19.991735181228307
M2,19.98934835280439
M1,19.97079665304397
M2,20.017866841449116
M1,19.988366685345305
M3,20.211211277217227
M4,20.01546273365327
M1,19.97990698075709
M3,20.19955695783581
M4,20.028019706963736
M3,20.21486286387444
M4,20.042356569317835
M1,20.056524478701245
M3,20.218694666356452
M1,19.98744322616517
M4,20.02179568177023
M2,20.029794803120716
M1,19.960683843945787
M3,20.22161848415567
M3,20.187268771817948
M2,19.997967635563313
M2,20.024926498082664
M1,20.041595118737547
M4,19.978644020838576
M1,19.979581413829184
M4,20.03969403034372
M3,20.206057655221695
M3,20.291733188647925
M3,20.18274539306148
M4,20.00339661366156
M1,20.03924511196714
M4,20.032103790755833
M1,19.946174568970676
M4,20.00756049006114
M2,19.97243204990132
M4,20.00975228164924
M1,19.985031080681896
M2,19.996861625152754
M3,20.249615863247445
M4,19.952863169784276
M1,20.003331709999497
M1,19.985496008454035
M3,20.276183875398846
M1,20.03549779436473
M4,20.013704490587912
M1,20.02251089313518
M4,19.987811781856937
M3,20.18984191505228
M4,20.01989542887827
M1,20.0432886844578
M2,19.981631280872907
M2,20.0256499386105
M1,19.966541327041128
M1,20.001535036426095
M2,19.97312955406428
M3,20.21871171459182
M3,20.203569805987325
M1,19.990032255776946
M1,19.97301135534471
M3,20.164370819615897
M2,20.02816959064269
M4,20.008092922035452
M2,20.035428607143754
M2,20.019144678970207
M1,19.977296786111346
M2,20.019464713036527
M3,20.17694690585103
M2,20.05945173888528
M3,20.23675668784103
M1,19.968478961758787
M3,20.213852074045818
M2,19.994531894642712
M4,20.02169009649213
M2,20.026134659298343
M1,19.997277446755163
M3,20.16688687730417
M1,19.94318679832792
M4,20.048006275483488
M2,20.00833711199775
M4,20.03265398545849
M3,20.226096755600608
M2,19.98453070151891
M3,20.191965279688333
M1,20.051775795785563
M1,19.951353690713123
M4,20.040823682797328
M4,19.946670168914277
M4,19.976777610357573
M2,20.003662701992695
M2,19.989818998699263
M2,19.996376588057895
M3,20.22563228804352
M3,20.24422599724891
M4,19.982566121951617
M4,20.032954156708698
M2,19.971502176187315
M3,20.195861272914875
M3,20.24484797363474
M4,20.00865612728077
M2,19.963452973115533
M1,20.045199993493092
M2,19.97714980771015
M3,20.188788070647664
M4,19.941070278573356
M4,20.041405167675663
M1,19.97009897875841
M3,20.23191690303018
M1,20.008768578761465
M2,19.951771605271105
M4,20.03318488837121
M4,20.00002690952781
M1,20.01873172437469
M1,20.01250162949256
M3,20.231042100399016
M2,19.991897424792207
M2,20.000855302158477
M4,20.03514232773811
M4,20.021165925349752
M4,19.998700331099055
M4,19.93927114312249
M4,20.017756280662088
M3,20.23338498293255
M4,19.97635434937649
M3,20.18007603362969
M1,19.932073220777692
M4,19.963518815300507
M4,20.024418573155952
M2,20.007037343532986
M2,19.975126204642596
M3,20.17888282970471
M3,20.179263223217976
M3,20.168156162921655
M2,19.95957571084983
M4,19.97362646016859
M4,20.036765226051088
M4,19.999648767552863
M3,20.21479128304794
M1,20.026548691476524
M4,19.9486034846765
M1,20.03341479099588
M1,20.012811238623673
M2,20.0502889602152
M1,19.980507217890803
M3,20.21205466879975
M2,19.981844865620488
M1,19.974370654555333
M1,20.019610250351224
M1,19.943154932723655
M3,20.266362322723587
M4,19.983241553962003
M2,19.996443415798293
M1,19.96191285098173
M3,20.255287314887536
M4,20.041539703369775
M1,19.992504543971787
M4,19.975424785323927
M1,19.97754345646874
M2,20.00493094858704
M3,20.27831581386323
M1,19.958260741842537
M2,20.022859853871413
M1,20.049974335877007
M1,19.94174809532008
M4,20.01914279599398
M1,19.95531183252475
M1,20.04207374589247
M1,20.016049409226778
M1,20.01560650880949
M3,20.23782200910703
M4,20.036056022539757
M1,20.034766592449333
M3,20.1835560417513
M2,20.040721862049445
M1,19.98490276575008
M3,20.216247635306637
M1,19.92238667487353
M3,20.14887247293416
M3,20.24954484306582
M3,20.258920449081057
M1,20.010577141074364
M2,19.951033426162503
M3,20.21429859842043
M4,20.01722823264205
M1,19.971753591011986
M2,19.979283930788277
M4,19.998416905326064
M2,19.991273267418055
M2,19.988356303577767
M4,19.966277851506504
M4,20.011019452523335
M3,20.199945512149142
M3,20.242988322549916
M3,20.2268148521826
M2,20.01470334907962
M4,20.010332442932626
M1,19.97271790851862
M1,19.94353367636703
M3,20.23110069294203
M4,20.01273183397821
M4,20.045597988966534
M3,20.292593169794745
M2,20.005613436430263
M2,20.050213122647406
M2,19.97405467536004
M2,20.005379809936272
M2,19.99352527488209
M1,19.95507387161367
M2,20.02034872144682
M4,19.999099109569197
M3,20.210690624083327
M1,20.06416526669622
M2,20.024946230373647
M2,19.99862814697522
M2,20.00919197090212
M3,20.191250569547528
M4,19.996512593812565
M3,20.267526109794417
M2,20.011327195660986
M1,19.953166399219917
M1,19.94676063986021
M4,20.03619734952316
M3,20.25061267178008
M3,20.25750994981235
M3,20.241881424172536
M4,20.00131573770109
M4,20.02556156574191
M1,19.994881940773492
M2,19.95194258484065
M1,19.921350856619497
M2,20.02353736319428
M3,20.192332028650963
M1,19.93579452644064
M1,20.022681739106943
M2,20.005767583638193
M3,20.246600153574107
M3,20.23540172116427
M1,19.949469527546544
M1,19.963693006673193
M4,20.030846016084325
M3,20.176835845791924
M4,20.073573988586386
M4,19.98910472342453
M4,20.04283018658962
M3,20.20655449328993
M4,20.004615625428144
M2,19.99333586943678
M4,19.986818325666093
M2,20.001989192802107
M2,19.990604544185892
M3,20.158959536513542
M2,19.9463066394572
M1,19.979232159756965
M4,20.00581073008873
M2,19.971824166095953
M4,19.95500686398969
M2,20.011542432899542
M4,20.02658867438474
M3,20.21389846146344
M4,19.95329615269432
M4,20.049233123063495
M1,19.960708806446153
M4,20.03503886221816
M4,19.992924011953153
M3,20.18427428796076
M4,19.938231831805403
M4,20.023570573912917
M3,20.1796626488567
M2,19.983847689204374
M4,20.08178240431753
M1,19.948585023389732
M3,20.19849232903326
M4,20.04404875306673
M4,20.029566435307395
M2,20.003167024975426
M1,20.015170170971107
M2,19.986729903236345
M4,20.05833861917413
M3,20.229631404185504
M1,19.97759112795964
M1,20.00755091709424
M2,20.05847477150368
M2,19.997204732636472
M1,19.96620344655457
M2,20.0470186134387
M2,20.042078951997752
M1,20.016634398476132
M1,19.999749451798692
M3,20.258371846533414
M4,20.002146011138468
M4,19.99596364849953
M3,20.208335547959216
M1,19.937273991316
M4,20.00252416081787
M4,20.026951675523044
M2,20.03650973520764
M2,19.99497120700703
M1,20.00986371667436
M4,20.004279787659694
M4,20.02561139654691
M1,20.016733786606743
M3,20.233836424636323
M2,19.98380250762343
M3,20.265054903918276
M1,20.02551553432304
M4,20.014044998248263
M2,19.99089304658348
M4,20.027307387231136
M1,20.00002903001965
M3,20.18562912660807
M2,20.02234759718722
M4,20.026480531780727
M3,20.28081481588154
M3,20.217660848523252
M1,20.012965156304865
M3,20.229682599329937
M1,19.9885661262622
M2,19.95384807816951
M1,19.99408170714891
M1,19.99372108502663
M3,20.225819623945753
M1,20.007064501698345
M3,20.228715795163513
M4,20.04336812732351
M1,20.026316551527895
M3,20.22568663604103
M2,20.007836368604643
M2,19.98621489782237
M3,20.17243682813615
M3,20.215043524328102
M3,20.18801115017295
M1,19.98276296101339
M3,20.204311354136465
M2,19.96383442560219
M2,20.00090577845695
M4,20.022521204011213
M1,19.99440342719823
M2,20.01489784814323
M2,19.99544640907805
M1,19.992033493994917
M4,20.0087263004686
M2,20.04094826340667
M3,20.217336570171895
M2,20.045213502389903
M4,19.99254516832176
M3,20.229619301277182
M2,20.01644272671273
M4,20.027196725922344
M4,19.99783687195598
M3,20.199490965712727
M1,20.049738203984067
M3,20.239923713261852
M3,20.18506856259255
M2,19.983074414947193
M1,19.98209032393884
M3,20.23169881009083
M4,20.03440613440494
M2,20.008996971423574
M2,20.02273948308264
M1,20.033596366461193
M3,20.23773096601219
M4,20.02482799364037
M4,20.05092092190944
M2,20.083675529143072
M1,20.03016809610548
M2,20.01020198682154
M4,20.014545457014172
M1,20.054545359895748
M1,20.004933975876934
M4,19.96894209399676
M3,20.157126168618323
M1,20.003336151299195
M1,19.96807219329341
M2,19.993407118446772
M3,20.24455183993369
M4,20.011761087435687
M4,20.039721166818676
M2,20.04024886668124
M2,19.959388223070917
M4,19.999460847877792
M4,19.953088569808177
M1,20.000757837016018
M3,20.247434360420726
M3,20.28083993440315
M1,20.013876353645
M4,20.067618292666623
M2,20.01849555993368
M3,20.16837876522774
M2,19.985743836338568
M3,20.236173852439094
M4,19.958758799057975
M2,19.994653284826608
M2,20.014890557188544
M4,20.027571171791507
M4,20.029593209735523
M4,20.02935323217767
M4,20.012903981409284
M3,20.18915764581211
M4,20.038567150560972
M4,20.021155468181806
M1,19.99639262765773
M3,20.270941233993668
M1,20.01455544790278
M3,20.25911887182103
M2,19.981783897010356
M2,20.06281251631162
M4,19.98942070783251
M3,20.15206785003436
M3,20.23818058628204
M4,20.076942146232767
M1,19.98391638229158
M3,20.300270475755024
M1,20.0291324213782
M1,20.0176985603783
M1,20.006233549366648
M3,20.22556913578876
M3,20.244172415563828
M4,20.060376069372595
M2,19.975047341305636
M4,19.989408981176386
M2,19.98004259629039
M1,20.007859166553494
M1,20.03401698046889
M1,20.04854723850148
M2,19.961812085767328
M2,19.994730619452707
M4,20.01590651290767
M1,19.96495623407464
M2,19.931672700847592
M4,20.018405476345993
M1,20.00529839376676
M2,20.093985169331617
M1,20.020009360190382
M3,20.207220086697102
M4,20.03921523105273
M1,20.07758824846166
M2,20.05459977701841
M2,19.962426446083494
M4,19.99411400771771
M4,20.003451296869077
M1,19.98199974550225
M2,19.99758817950504
M4,20.02359931203414
M1,19.915660164373588
M4,19.968845311144452
M1,19.990251390413917
M3,20.20801762492372
M4,20.123034261431933
M3,20.222818928258928
M4,19.95816869151484
M3,20.17941942722428
M1,20.03830043868783
M3,20.194613494059283
M3,20.177441389751163
M2,20.035744160935707
M1,19.97985583769902
M3,20.215928328079492
M3,20.230609886454605
M4,20.09327932669251
M1,19.939112059682245
M3,20.226496160456104
M4,20.02488679501806
M4,20.044253243696875
M4,19.99687438376344
M1,19.983101764200853
M1,20.00941955900938
M3,20.205741514190898
M2,19.946720468908563
M1,20.021373268022476
M1,20.02105526899898
M1,20.073749258050423
M2,20.026386212838087
M3,20.24593653304706
M1,19.972880282209932
M1,19.96007510974121
M2,20.00938537224351
M4,20.055760204295407
M4,20.015463648746845
M2,19.96824926313047
M1,19.966674558871652
M1,19.989731722920855
M4,20.03883974626085
M2,20.074108570974975
M1,20.02527526780094
M4,19.986510106584863
M3,20.190671016829462
M2,20.008568436143847
M2,20.035195559104572
M1,20.006955648481757
M4,20.01947870714585
M4,20.05949883529017
M1,19.949079581999975
M3,20.208406261879674
M1,20.00555367706473
M2,19.97882337769633
M3,20.185078456949174
M1,20.04435422475543
M3,20.251721518290505
M1,19.99534888977754
M3,20.229381725781977
M2,19.968526111393704
M1,20.00130872966128
M4,19.98569090793421
M2,20.03933164788974
M4,20.01770243607892
M4,20.00917762699934
M1,19.927824619991217
M3,20.263181886471447
M2,19.98556858415245
M3,20.23314280942012
M3,20.218557008432747
M2,20.06103522171364
M3,20.222791098820338
M2,19.990684003891072
M4,20.04457017319712
M4,20.03310563132032
M1,19.97819317408829
M3,20.216281998695624
M4,19.998292259225845
M1,20.00157895045455
M3,20.207963912593332
M4,19.999342239611735
M1,20.015569285629425
M3,20.191061733496262
M4,19.995051922320467
M2,19.99255393644658
M1,19.97911697469155
M2,20.05839467678644
M2,20.023891642677828
M3,20.181376536569395
M2,19.961965389332605
M2,20.02965045576262
M4,20.03342898241034
M3,20.124348730488933
M4,20.046023604509372
M3,20.253417648952812
M4,19.99208750175782
M1,19.96288778663106
M4,20.034607349206695
M4,20.034657705953094
M1,19.986502475515817
M2,19.898428444994636
M2,19.984915213817818
M2,19.978884871312495
M4,19.98691971290346
M3,20.185343243844112
M1,19.99495589983128
M3,20.278359183346662
M4,19.982343172548727
M2,19.987297041642037
M4,19.972516786743533
M3,20.19680952180028
M4,20.08310252987013
M4,20.00822287162158
M1,20.02702025705774
M4,19.961843887268756
M1,19.99545655562177
M4,19.991679411737735
M4,20.04146991422799
M2,20.020725630562996
M1,19.97139700732119
M2,20.00016844471747
M2,20.044543749396492
M3,20.206293441566295
M1,19.97931490674918
M1,19.971273246987433
M2,20.02703530714501
M4,20.0101440616448
M2,19.982723781899622
M2,20.00841639427175
M1,20.019758490724634
M2,19.97184252139041
M2,20.028943610958994
M2,19.983962011302673
M2,20.01142274413398
M2,20.089769149581745
M3,20.254357404740908
M2,19.94744387464362
M4,20.05818205929183
M3,20.250388771005653
M3,20.22580587159029
M3,20.22951863530384
M4,20.06649980750696
M2,20.01366396756448
M4,20.056611687149548
M1,20.02819077213604
M1,19.985519125676287
M4,20.063394073513265
M4,20.00749870083451
M1,20.015436461049468
M3,20.224991795909283
M3,20.239521757720382
M1,19.9702865087503
M3,20.23121278636463
M3,20.20255885045383
M3,20.24594766164584
M3,20.26929238729896
M4,19.995713862154485
M1,19.964175382767845
M3,20.186523468645017
M2,19.982611595604105
M4,20.019998038012258
M2,19.96044139145333
M4,20.00023595769333
M3,20.25820896905196
M1,19.956933460211395
M4,20.027200268608517
M1,19.959632879195823
M2,19.968646114308513
M2,20.039539549382305
M3,20.253350637529625
M2,20.015366700289302
M3,20.1836971383438
M3,20.2000466071928
M1,19.939149580289488
M1,19.996393848658222
M2,19.96368175776968
M1,20.026266246068644
M4,20.014933969270988
M2,20.010947921510688
M2,19.975107852062884
M3,20.151803640944884
M4,20.03960540493436
M3,20.218497804115177
M3,20.228572325119416
M4,20.02050341027127
M4,19.980496648195984
M1,19.972038350134707
M1,19.993109721168903
M2,20.05278289642478
M4,20.027194668989743
M4,20.019740335347866
M3,20.21983966678008
M3,20.251862894814565
M1,20.00323830736641
M3,20.14195722710376
M1,19.925274254694095
M3,20.249856454945245
M1,19.935944828128825
M1,20.030162219486964
M4,19.95566223452324
M4,20.000251951859664
M3,20.15975789310622
M3,20.217979582311536
M1,19.983797033888184
M3,20.15375313797535
M3,20.283633311593164
M3,20.175692802187537
M2,19.98276220802296
M2,20.01122996272521
M4,20.054110837276777
M2,19.998740526719097
M4,19.993422593879767
M4,19.99461833827205
M4,20.061815450439383
M3,20.16588403291645
M1,19.98829749400119
M1,20.00389257874676
M3,20.17333478664464
M2,20.014571384497422
M1,19.93881093924226
M4,20.054746239246747
M4,20.022937842046996
M2,19.948430015802636
M3,20.229515476484984
M2,20.01623198906653
M2,19.960102240906345
M3,20.191260945826823
M2,20.026414195666245
M4,20.040508615166875
M1,20.00033166792413
M3,20.24591280220966
M4,20.0117118658766
M4,19.997921026537412
M1,19.959557101737868
M1,20.036299861902076
M3,20.218315586965176
M4,20.071627703526826
M4,20.03994516829427
M4,20.013266702944556
M1,19.983366496862025
M3,20.25148084861183
M3,20.23759042760021
M3,20.232362443672
M4,19.985229051625964
M1,19.964934501980633
M2,19.989428588888693
M2,20.0311886382816
M4,19.995052340711823
M1,19.94232736683209
M2,20.063750785530456
M1,19.917323018828274
M1,19.969154129971276
M4,20.00486352474625
M4,19.99868066163838
M2,20.039752774997268
M3,20.200340530945457
M3,20.26339332000338
M4,19.995750822598907
M2,20.03989625247806
M4,20.05703004709096
M2,20.03711518310744
M3,20.184841479365566
M2,20.0139125864196
M3,20.162705744931596
M2,19.959731772785332
M4,19.962628808414788
M3,20.22512667774208
M2,20.06982853239668
M4,20.008659857590896
M3,20.242429070302983
M2,19.989261224593132
M1,19.994352891063595
M4,20.014456575880903
M4,20.037558289529183
M3,20.149443750934537
M4,20.04148253146313
M3,20.18089247856927
M1,20.00858585910402
M1,19.957572308544375
M1,19.938299926425213
M1,19.948631515614657
M3,20.24528111237547
M4,19.967158430191827
M1,19.987510803546332
M3,20.25825235682136
M1,19.991842521780995
M2,20.010953790781095
M4,20.066252026254972
M4,19.964110988817488
M4,20.01561275540576
M2,20.06718860770031
M4,20.009063154078767
M4,19.947547006836935
M2,19.992498010061023
M2,19.99379902304415
M1,19.943820923777405
M4,20.075591827118572
M1,19.977131300815664
M2,20.020340114525393
M2,19.895895767070336
M1,20.01721152323218
M4,20.027236746844896
M3,20.189045235484944
M1,20.00229323270624
M1,19.9234318109224
M1,19.980760178205845
M4,20.04993792178523
M2,20.004934862392904
M3,20.26320600075712
M1,19.96633841746532
M1,19.983014848614296
M3,20.175410080480777
M1,20.0365598742063
M3,20.21540080064828
M4,20.069131610351413
M2,19.957027659056045
M3,20.21631085164351
M4,20.01051887204164
M4,20.050535701481618
M1,20.012840082027136
M1,20.00661980675712
M4,19.97627453329546
M4,19.981589846293787
M2,20.00368725316546
M3,20.229951528159447
M3,20.133284818851788
M3,20.26699009282566
M4,20.009502026845983
M2,20.01466393696603
M4,20.013908690060013
M1,19.98692143510059
M1,19.97914176915396
M4,20.05307761724179
M1,20.023054567916887
M4,19.975122366301452
M2,20.034803190768994
M2,20.032928845325007
M1,19.98566121930125
M4,20.058230587888517
M2,19.97583909158773
M1,20.04156574765961
M2,20.014667818875036
M1,19.96281118242346
M4,20.03535295522496
M1,20.026249819021587
M2,20.02677289699974
M2,19.93935910914902
M1,19.985375681117453
M1,19.996419982567303
M3,20.293417464328652
M2,20.007711063500384
M1,19.975726090884752
M1,19.96968031110283
M4,20.062680683958316
M3,20.236238900840224
M3,20.1419022125669
M4,19.983391655398925
M1,19.907826126062034
M3,20.227607236414254
M4,20.028280138175965
M1,20.004655959874732
M3,20.214452775386224
M4,20.036081475830443
M3,20.194069047486412
M1,19.986847323660935
M3,20.217440109910072
M4,20.023429235856124
M1,20.01562860311252
M3,20.30592067456308
M3,20.288151512367783
M2,20.00574109250403
M1,19.97499291433836
M1,20.008848131129216
M4,20.027723784288167
M4,20.012686716376788
M2,19.98329176031602
M4,20.03736284908834
M4,20.02157338509963
M3,20.23153001389685
M3,20.20776507010944
M4,20.05789318417648
M3,20.23718836020288
M4,20.027163236397325
M4,19.920636678332095
M1,19.923205807571712
M3,20.24556646219196
M3,20.216337786061857
M4,20.06165934134381
M2,20.002644080693496
M4,19.994530320500587
M2,19.94910413442229
M2,20.027280454371915
M1,19.995179656578784
M2,20.014543346616293
M4,20.099743851800696
M3,20.259404301182848
M3,20.228442171278022
M4,19.992813687880577
M2,20.025538588131077
M3,20.19852639280168
M2,20.005460701831833
M4,19.99124325604244
M2,19.990160949648573
M4,20.01062544652845
M3,20.232373848154708
M4,20.016602236854204
M4,19.98059211106707
M4,20.06278503886264
M2,20.026920379184393
M3,20.19215106300771
M2,20.064522511375618
M1,19.983849303397243
M3,20.212132441107013
M2,20.001808167276412
M2,19.94364470032609
M1,19.967888399402735
M3,20.218481465418215
M3,20.173060001602483
M1,19.977497478788795
M3,20.217448770834302
M1,19.98510747035263
M1,19.997612779767735
M2,19.992285770647985
M2,20.07005994653801
M4,19.99510012465358
M1,19.973592983635015
M2,19.940649977506933
M3,20.259595565943087
M1,19.95892158476364
M4,19.97771833938413
M3,20.237312624729856
M4,20.061389294750477
M4,19.999369157328857
M1,19.98323057086921
M2,20.044727835209603
M3,20.25770699792242
M1,20.012245782256816
M2,19.995728126860328
M3,20.245936932091187
M4,19.986710945152595
M2,19.982352711571973
M4,20.070154129282376
M3,20.293598448872512
M1,19.974935251654063
M2,20.006954533766216
M4,20.061658123820305
M1,20.019765394783057
M1,19.97893306215627
M2,19.9973638816905
M4,19.996097473862488
M3,20.27938088893653
M1,19.979533081862986
M2,19.994441569336363
M4,20.049381309114708
M1,19.9941637551634
M3,20.222667130231113
M2,19.963854223787266
M4,19.9823505845898
M4,19.984933326752003
M4,20.09475865840914
M1,20.021162156906662
M2,19.96334094747909
M3,20.262575419309616
M2,19.95358059687273
M3,20.187958642407644
M3,20.212994891143698
M2,19.94639664807554
M1,19.91878812297748
M4,19.99910418148366
M4,20.028981261621897
M4,20.01125907487196
M2,19.99084967650005
M2,19.98238201762103
M2,20.02325587050703
M1,19.97146724124255
M1,19.992134876405935
M2,20.05574345425986
M4,20.03472583502569
M1,20.021957499908165
M3,20.222761528665615
M3,20.235841006745744
M2,20.01545548733105
M4,20.020479091510797
M1,19.947880375947463
M4,19.98362919845533
M3,20.257110705887193
M2,20.019362197312407
M4,20.03641140914086
M2,20.010406547514037
M4,20.00977281942414
M1,20.043369855874097
M1,19.9625661528009
M3,20.303546399367775
M4,20.00073256048945
M1,19.970393544585026
M4,19.958479336013816
M4,20.045000883559997
M2,20.004692933093555
M4,20.040845069745412
M4,19.96092429567005
M1,20.01867880077382
M4,20.005962488918353
M3,20.221438224394984
M1,20.019466237819504
M3,20.23501389434858
M3,20.170987806862005
M4,20.01680919848952
M4,19.96884222968488
M2,20.01772372498495
M2,19.977441615721155
M1,19.945443449683463
M1,19.899761091803036
M3,20.25179931838342
M4,20.018911891544978
M1,19.977944293479982
M3,20.284786494397903
M3,20.230744025165063
M1,19.997337848159557
M1,19.97373534432036
M2,19.9955891090537
M3,20.20614434126504
M2,19.99927375542454
M4,20.047195690026616
M2,20.005304643423308
M1,19.92818345650367
M1,20.04194018006393
M2,20.00344193162043
M2,19.96683453873437
M3,20.177296317905856
M2,20.01668621889312
M1,20.008816694156582
M1,19.96947308420582
M3,20.2051946387316
M2,19.99729462472016
M3,20.238829128641974
M4,19.976479040194832
M2,20.00389721167438
M3,20.21821906574964
M4,20.05761017865858
M1,19.9540514341028
M3,20.249364304374023
M2,19.97867089669022
M3,20.238701897758055
M3,20.21616740578174
M1,19.973587404571205
M1,19.9335795593308
M1,20.03245594941222
M1,20.009877651662777
M1,20.084590021904393
M3,20.288082270011422
M4,20.01588356391651
M2,19.979159446323216
M4,19.996005887260345
M3,20.195667304682335
M4,20.030259823646237
M3,20.218181092698035
M1,20.006055761147763
M3,20.17759560828971
M3,20.273293845370148
M3,20.214439905965687
M4,20.027692983810866
M1,20.047626694708622
M3,20.26573740127386
M4,20.04801319902666
M1,20.01929337949139
M2,20.07572373321328
M4,19.98207029709594
M1,19.964452452959097
M1,19.9496613665999
M4,19.998227527861143
M1,19.999076341416252
M3,20.180426978811543
M4,20.060526044644305
M2,20.017988143154415
M2,20.00677855018937
M2,20.032237909319335
M2,20.001883736106745
M2,19.949421173016344
M3,20.22415124400423
M4,20.004534839376497
M4,19.954009856807424
M4,20.01661070329313
M1,19.97454168982559
M2,20.002077926806052
M4,20.030886202851224
M3,20.182898823763693
M2,20.036981513028095
M2,20.085967118974917
M1,19.948307879834907
M2,20.03920766238439
M2,20.071944603041416
M2,20.001398510707876
M3,20.217585210598543
M2,20.002593622451833
M1,19.969026544188623
M4,20.02117391798301
M2,19.987331810227825
M2,19.996877514092247
M3,20.212112953154513
M3,20.27027749880765
M3,20.204360153246288
M1,19.95275539675428
M3,20.19043487029907
M1,19.94143737270609
M4,20.02183797370364
M2,19.937755966531043
M2,20.043168411713268
M2,20.000717786007073
M2,20.005460319992352
M3,20.236284591529845
M2,20.009263722193143
M1,19.973372871327125
M3,20.24275625311129
M2,19.99091584731668
M1,19.97989811338363
M4,20.05630207442907
M2,19.956495419024876
M3,20.1898746719638
M1,20.00149680706584
M2,20.034945627352805
M2,19.96700643629909
M1,19.990879717101297
M4,19.97475749814116
M2,19.937648562325247
M3,20.217329579408236
M3,20.233019188833826
M2,19.96862953196346
M3,20.150199705000325
M3,20.22580624093911
M1,20.01184331814744
M3,20.23293624750992
M1,19.98153740318064
M2,20.031989199932163
M2,20.065792906086397
M2,19.99793894528924
M1,20.011030797712
M3,20.271945729389195
M2,20.025406377170835
M1,19.98117547407985
M1,19.975240707304703
M3,20.21457357807401
M3,20.237178224493967
M3,20.213940348032168
M3,20.278174823853696
M4,19.97839647793565
M4,19.945889838525147
M4,20.013701337898706
M4,20.00464181723038
M4,20.010368320419136
M2,19.998912840391768
M3,20.232312260297356
M3,20.22455773814654
M1,20.001575683958126
M3,20.21064249923788
M3,20.27851799674408
M3,20.190307701055893
M4,19.96247401600864
M3,20.18418326396449
M4,20.01845526811733
M4,19.94441474285344
M4,19.97306245995475
M2,20.03845562431738
M1,19.963891315110903
M2,19.977926799579578
M3,20.1703019013154
M4,19.991661584847805
M4,20.083739095033252
M3,20.21205832441266
M3,20.21123669611518
M4,19.96584718022052
M3,20.22076073694796
M1,19.975608873248852
M3,20.190722111020587
M2,20.05554556618764
M3,20.19534092364734
M3,20.157606532009204
M2,20.01220316592612
M2,19.990934876647295
M1,19.988682081086964
M2,19.96525825421183
M4,20.06542486416972
M3,20.21485194279478
M4,20.04291045839723
M4,20.016860554446563
M4,20.01220254701786
M1,19.92927642133121
M2,19.9936689697551
M1,19.967533236093686
M1,19.95266283826493
M1,20.00961498413622
M2,19.975352487381848
M1,20.030516165328187
M4,20.02256296904388
M3,20.215481270412504
M3,20.224620308720706
M3,20.307688361878853
M4,20.00681576850979
M1,20.021127790646847
M2,20.031952949198327
M2,19.965953747670554
M3,20.19889819027672
M3,20.203451111290473
M4,20.013717418358553
M3,20.284265372463473
M1,19.967596877861943
M3,20.213691517660727
M4,20.06237312886764
M3,20.22526798783987
M3,20.218319780879938
M1,19.961648630511235
M1,19.991960524362863
M1,20.012120358996263
M1,19.983342650586895
M2,20.026958503408387
M4,20.023278433145595
M2,20.033870821932073
M3,20.196209885691935
M4,20.0178568702799
M4,20.0400331439099
M3,20.254491087290777
M4,20.002747246892305
M2,20.048412047855216
M2,20.038459425535702
M2,20.02845484491489
M4,19.995487269405757
M2,20.01877456988347
M4,20.02479272436095
M1,19.974187566859708
M1,19.99700745614528
M3,20.261472111575905
M4,20.028153060797365
M3,20.23461743821744
M2,19.999015262871175
M1,19.97590295424095
M2,20.059027384315957
M2,20.02214489617837
M2,20.000677440689568
M4,20.034490460589954
M4,20.032868353860103
M4,20.014265815609896
M1,20.041171780090018
M1,19.96049821057485
M2,19.976290642570977
M3,20.205355924039715
M3,20.22777713131737
M2,20.001881417179305
M1,20.02667473757429
M2,20.00961539753014
M4,20.02191490740344
M4,20.045990989717847
M4,20.092318018143494
M3,20.1868646250126
M1,19.960159420761677
M4,19.97420934353621
M1,19.95504625702555
M2,19.951537058304748
M4,19.99120370802567
M3,20.263905440164613
M1,19.9628360772159
M3,20.212080801761815
M1,20.015040119615424
M2,19.98596501493067
M4,20.018732699489224
M2,19.92095248704121
M4,19.9887065517119
M3,20.21261701064079
M3,20.180377318334536
M3,20.19948146173758
M3,20.23474189906461
M1,20.020988607503963
M4,20.069058841848157
M2,20.012715454444752
M3,20.203817653997863
M3,20.17566142761858
M3,20.273144650873753
M2,20.002297160890844
M4,20.06078888343688
M1,20.02695301898003
M3,20.214958487481148
M3,20.257488594514022
M3,20.225521098821982
M1,20.046644645159947
M2,19.986358711979697
M1,20.047649959556352
M3,20.20018205951161
M3,20.23887898457391
M3,20.24075505914484
M4,20.024992897587502
M2,20.008673871562628
M2,19.968320537173152
M2,20.028815980156985
M1,20.00317310289792
M4,20.043071976771092
M4,20.07708318663676
M2,19.989416754818265
M4,19.980334360877993
M1,19.97752076317929
M1,20.01590746771717
M2,19.91765730514449
M2,20.014628809666284
M1,20.00933268881461
M3,20.220895955456832
M4,20.040846845187595
M2,19.99360604117664
M2,19.9680285046992
M1,19.994230919405503
M2,20.033313302981647
M4,20.022241654323484
M4,20.06507862610882
M1,20.003271476323853
M1,19.9634217859754
M4,20.06821731866583
M1,20.039950364609208
M3,20.20646968983051
M4,20.002784506621943
M4,19.93996692155505
M3,20.244435719878627
M2,20.020410724325696
M4,20.017553322046652
M3,20.162782016598804
M4,19.99353996983823
M3,20.141630035912325
M4,20.04278567071364
M4,19.974955228782125
M1,20.018806578752713
M2,19.99127693238736
M4,19.97103142655816
M1,19.98483836523925
M3,20.242436093173673
M2,19.9796335829123
M1,19.94401489303437
M3,20.21112147077453
M4,20.004942592066374
M4,20.023653784421267
M2,20.063852135912622
M1,20.011866969378364
M4,20.03422685290153
M4,20.008116380340116
M3,20.24654691443336
M3,20.173928281234872
M3,20.208320882586168
M1,19.98557639628033
M1,19.97207296268303
M1,19.97785130301587
M4,20.038646018713813
M1,20.04339277502053
M3,20.264846800807874
M2,19.997729527721308
M1,19.98970745697725
M4,20.06712521272126
M1,19.99247040165157
M4,19.96764522557576
M4,20.003778497384275
M4,20.027211862610987
M1,19.998644712521887
M4,20.031155842925568
M3,20.210360381481873
M2,19.972983514167694
M3,20.206248472772607
M2,19.9546931801242
M2,19.928744946152776
M2,20.059081274755194
M3,20.20129905331739
M3,20.142528702415937
M1,19.969053239196473
M1,19.956549504086563
M4,19.97011736476193
M3,20.229167281175652
M4,20.055733613721426
M2,20.02861251076656
M2,20.01845522174957
M2,19.98276985304379
M3,20.25935640162829
M4,20.013855288187948
M3,20.20911718759438
M2,20.050712757102424
M4,19.999667858067497
M3,20.288704968582696
M2,19.96873671429912
M1,20.02179013728586
M3,20.233458516158063
M3,20.258461612502018
M4,20.04823109679578
M1,19.962258180954816
M1,19.99441082177904
M4,19.99251985978953
M3,20.203745689978646
M1,20.014589052051495
M1,19.96207776485505
M2,19.99677159923733
M3,20.218282430727296
M1,19.959714521257215
M2,19.961592669861677
M3,20.235594834968627
M4,19.969368766537396
M2,19.97205069937548
M2,19.967132480803016
M2,20.037561103803124
M1,19.98201441571865
M1,19.963223083656946
M4,20.052396113930612
M1,19.997209695667532
M4,20.031187439600316
M1,20.007791157648953
M3,20.230159072686817
M4,20.039282873680225
M3,20.28494607390059
M3,20.22127221689643
M2,20.0440528968556
M3,20.156750797251036
M3,20.23594706863752
M2,19.97351628391985
M1,20.003116101717065
M4,20.073754095559003
M1,19.990832697649996
M4,20.05378466642397
M4,20.02037288373432
M1,19.996284816078976
M3,20.21192574410329
M3,20.238651847063608
M1,19.986685070494747
M4,19.98038227964549
M1,19.977145659855605
M1,19.99839753523479
M4,20.01310303709374
M3,20.218478446301862
M1,19.956823549001207
M1,19.940750036893192
M2,19.99074081897959
M1,19.98979158835791
M1,19.96008908009662
M3,20.21465587874705
M1,20.011278804983917
M2,19.99905814920811
M2,19.995245317282848
M4,19.986528665960524
M4,20.046349624285742
M4,20.01343202879839
M2,20.011623293390095
M3,20.187919629230457
M3,20.174118770290693
M4,19.977486117446812
M3,20.193788136118883
M4,19.995046847094695
M3,20.1922894771864
M4,20.024201329731497
M3,20.238052812513352
M3,20.21195647341304
M3,20.24674056098512
M2,19.947394952106674
M3,20.1512204188587
M2,19.983087348270807
M3,20.137367224619354
M2,20.047134593823625
M4,20.027114557774805
M3,20.22906201128214
M3,20.225957717664915
M1,19.997236594956
M4,20.056768260175375
M4,20.020663219512528
M1,20.023634755655863
M2,20.04202819302757
M3,20.22634403348025
M4,19.99863567015861
M3,20.152098479814914
M2,20.031217787935866
M2,19.94857221836912
M4,20.000678341663846
M4,20.04688065740055
M4,20.002294408420457
M2,20.004483126821135
M2,19.99403774083836
M1,19.99992359729702
M4,20.015072366611705
M4,20.00144876433597
M1,19.9581599892428
M1,19.982524509973675
M3,20.21841756300683
M2,19.991653847693883
M2,20.004543302399824
M2,20.002037017848913
M3,20.18726358053584
M4,20.02030549524
M4,20.12572860982029
M2,19.99005373744979
M4,20.027728219657703
M3,20.236659296435963
M1,20.032254118648215
M4,20.030365760931
M2,19.981806303015784
M3,20.240182477723675
M3,20.26318259039243
M4,19.97646190219263
M4,20.00594232472752
M4,19.99243274603774
M3,20.21091006398652
M2,19.95568551508015
M2,20.00059047951702
M4,20.03411238538785
M1,19.94150638982568
M3,20.236718244755178
M3,20.227785028944464
M1,19.98555973992776
M3,20.285188588432423
M2,19.993002163359403
M2,20.03348724435683
M3,20.191981381101368
M1,19.947665494801196
M1,20.022203294848065
M2,20.004319923568808
M3,20.198053176946026
M1,19.95563800274377
M2,19.998626677822344
M2,20.03554798400222
M3,20.272201694171784
M2,20.025931317867244
M1,20.00386113531095
M3,20.255632445481847
M4,19.99586966045803
M3,20.204525706128
M2,20.0146748822016
M2,19.9788434491369
M1,19.978848569964793
M1,19.953479197599215
M2,19.998954544710926
M3,20.16063329856194
M2,20.03272479619679
M4,20.00802830178507
M3,20.25514038489789
M1,19.94573088687217
M3,20.198866886586572
M3,20.19219416335595
M1,20.020775988405497
M2,19.960093860321106
M4,19.982642481178175
M2,19.92866767446842
M2,19.973245567709192
M1,19.955387461373636
M1,20.03473105148932
M2,19.98781527890112
M4,19.999312845780977
M4,19.978265403792385
M3,20.264681406810865
M4,20.00653141407895
M3,20.16170233776045
M3,20.287975374976945
M2,19.993001664570674
M1,19.966483512438728
M2,20.01133907207078
M4,19.983115642471855
M3,20.20628303893735
M4,20.01171043822084
M1,19.976901902757486
M1,19.996674712198935
M2,19.970885166929243
M2,20.06648113280366
M4,20.025478261120817
M2,19.964057037851735
M3,20.26581415645539
M3,20.214838225200264
M2,19.891919278513
M4,19.99169276551511
M1,20.03783994891694
M1,19.978844160036427
M3,20.17520994542508
M3,20.25785622376947
M2,20.0969938834935
M4,19.983441047381252
M1,19.964576149759484
M2,20.03892565079957
M1,20.036571940967004
M1,19.994034884832267
M3,20.229377224186244
M3,20.230534237556327
M3,20.210725872262177
M4,20.06301340761144
M1,19.985341006415883
M3,20.191442966978396
M1,20.027537526258374
M4,20.03544548787971
M3,20.232573928289987
M4,20.006525302181736
M3,20.240620248662047
M2,19.949850162972247
M3,20.261112248664386
M4,19.996795952863778
M1,20.000302271887666
M4,19.973112650068582
M3,20.23365039946567
M1,20.053642318465712
M4,19.96824422308652
M1,19.985023189433345
M3,20.25128230373734
M1,19.98189042556254
M1,19.94153480471859
M3,20.18118908183655
M3,20.164869155498288
M3,20.18292145577037
M2,20.05061090184618
M4,20.054798014274112
M1,19.957439899577523
M4,20.035027634534575
M2,20.00628002722121
M3,20.270091490926493
M4,19.98082767974955
M2,20.049858254432745
M2,20.042231069968167
M4,20.026445941815677
M4,20.00417760244396
M1,19.97691873570832
M3,20.25959133111529
M2,20.05018950885234
M3,20.23738548067344
M2,20.045307614486894
M1,19.99660689940765
M4,20.013736275920692
M3,20.24416385847927
M2,20.05259581546195
M1,20.02298169782776
M1,19.986804355166363
M2,19.955416868234305
M3,20.233284682583275
M2,20.01499932610568
M3,20.24225186419892
M2,20.026720878968465
M1,19.981236620734204
M3,20.25661035040793
M1,19.97453064843001
M1,19.993558161262072
M1,19.98307868864267
M2,19.970564809196564
M3,20.22784691614917
M4,19.99830531441135
M1,20.016594840823338
M1,19.970596867348647
M1,19.988779114889624
M2,20.001717886591653
M1,19.986097066359836
M2,19.98759138196824
M4,20.022654811203992
M2,19.98394267078882
M3,20.216522369435378
M3,20.193523326928183
M1,20.007723120732113
M1,19.94979235432201
M2,20.028034007458807
M2,19.9861996093928
M1,19.97078587990338
M3,20.2126161083282
M2,19.988970036366165
M2,19.99351546412224
M3,20.14956467997996
M4,20.01446705164363
M4,19.9807328359284
M4,20.01052952142482
M2,20.02150118781452
M1,19.9181183663376
M1,19.988971359525532
M2,20.038226512648706
M2,20.032059789981503
M1,19.98666781678886
M1,19.95385806662985
M1,20.075181824152033
M3,20.24727301850003
M2,20.063452695965267
M1,20.038828617515176
M3,20.221543131299345
M4,19.96951787337535
M2,20.059589653566903
M2,19.96370229936755
M2,19.982124745790298
M2,20.016561877832206
M2,19.961317839729272
M4,20.017236918402514
M4,20.004513818638017
M2,20.02341512018808
M4,20.010797167110223
M4,19.978083051006656
M1,19.944707147685616
M2,20.016215282580024
M3,20.226036531547056
M2,19.96475469569504
M2,19.99550494122147
M2,20.00307914916565
M3,20.185212327485814
M2,20.004342006252223
M3,20.221906962826573
M1,19.972388109568826
M4,19.97771846492593
M1,20.010506005193857
M1,19.982153784701268
M1,19.99011228504028
M2,19.994436819047035
M3,20.1814783946856
M4,19.96775998082984
M2,20.007754645900416
M1,19.97614754838712
M2,19.97332967011174
M1,20.018201323720568
M2,20.009482207826903
M3,20.215632604637165
M1,19.96559295844398
M4,20.0269345812896
M1,20.033550475118645
M3,20.192669783083872
M4,20.005626808979844
M4,19.946680049826966
M3,20.26715557932767
M3,20.20308683520374
M1,20.062402351666464
M1,19.92959458177688
M2,20.01624318060156
M3,20.195011005197777
M3,20.230577956023406
M4,20.085223231716952
M2,20.016004610986126
M4,20.01237133891889
M2,19.97693080141549
M1,20.035989882161054
M3,20.238943616857338
M1,19.957083991635493
M2,20.022740756964943
M4,20.036596992783956
M4,20.002351321730917
M2,20.019909606121693
M1,19.960183222110462
M1,20.03869343836824
M1,20.01488602909623
M4,19.982008218951496
M4,19.99421345507825
M3,20.202441676024968
M3,20.142151888401013
M2,20.002614944535445
M1,19.944924576161423
M1,19.99109865840683
M3,20.25761893224202
M1,19.96087436825475
M1,19.9333564335601
M4,19.97638977841522
M3,20.319242747380272
M2,20.044826567752576
M1,19.97441219593115
M1,19.95889412998642
M2,19.977049817381424
M2,19.988021625235383
M3,20.21211737954898
M1,19.996119114652732
M1,19.93882647397024
M1,20.02979345895643
M2,20.07253266962372
M2,20.039307151562785
M1,19.95599757799935
M3,20.223914933219923
M2,19.97786070181457
M1,19.94736148451903
M3,20.188453082321644
M2,20.04111730383587
M2,19.9835841100466
M2,19.96040604274433
M1,19.962528889388008
M2,19.965294384099316
M3,20.2372744700158
M1,20.012218135625044
M3,20.223356425086937
M1,19.967292896984176
M3,20.28813186716855
M1,19.94261325167928
M1,20.02954752900379
M2,19.971414358183072
M3,20.20819278514479
M3,20.254057534438335
M2,20.054577042857233
M1,19.96699532259384
M2,19.984048140995228
M4,20.020025326311437
M1,19.978591255176955
M3,20.25033474857027
M2,20.007915229454714
M1,20.017561116344545
M3,20.26727912688543
M1,20.022668008692573
M2,19.99234239579524
M1,19.994727945524815
M3,20.263629203724793
M1,19.977000013342906
M1,19.99523530062607
M3,20.252778658682587
M4,20.086406048045852
M1,19.99566827744582
M2,20.04534897318642
M4,20.00191178934531
M2,19.94465757246973
M2,20.068254497504032
M4,19.968317458358836
M3,20.193475129295305
M2,19.98261369465033
M4,20.01272494865086
M3,20.263649161249635
M3,20.254538496966656
M2,20.050796442915495
M4,20.02078999494968
M4,20.00664397228467
M4,20.091369049695775
M3,20.289995823366443
M2,20.01274684331457
M1,20.032821124811463
M1,19.985695725151498
M4,20.052468477432285
M2,20.034787964257415
M1,20.023328191887934
M1,20.06671954144721
M1,20.00771261999356
M3,20.216494636991353
M3,20.154337249881923
M2,19.97369184304474
M3,20.264208421873775
M2,20.00848824767635
M4,20.00945136285692
M4,20.01540581219541
M1,20.023976860004865
M2,19.99956375964327
M4,19.99149288819749
M3,20.208201346418072
M4,19.98709750654266
M2,19.991926608522583
M1,20.008147435721167
M4,19.97908495636922
M4,19.999981129299535
M3,20.193945808264296
M2,19.984932481884787
M1,20.02252009145443
M3,20.19798549363553
M3,20.169795661290895
M3,20.18805009802377
M1,20.00393208216201
M3,20.247938199445016
M3,20.180809556400355
M4,19.96807119598189
M3,20.192641023937895
M3,20.288492159703164
M2,19.987427431694407
M3,20.156693062418576
M3,20.196706390576207
M4,19.930877052851457
M4,20.000735432891688
M1,19.978448469429168
M4,20.02961479777893
M4,19.992857925765076
M3,20.31618263132414
M3,20.24028429194708
M3,20.226231306765257
M2,20.01359057506637
M2,20.02774626599936
M4,20.011117387704115
M4,20.08759572748546
M1,19.98775813957829
M4,19.994888769652697
M2,20.037550023721774
M1,19.958053084615475
M4,20.014357335296605
M1,19.962981488851533
M1,20.002224456278466
M2,20.071404742986772
M2,19.999563418339275
M1,19.91325195356486
M1,20.02700244229688
M2,19.958429018733295
M1,19.95318582263261
M1,20.028381858311597
M4,19.963068587396233
M3,20.234935563020013
M1,19.96422490140932
M1,19.917025819704644
M4,20.036866833607064
M2,19.97796954508155
M1,19.95225904201849
M3,20.19956238835985
M4,19.999377580149716
M2,19.995618909993556
M3,20.202490941787858
M2,20.024425248794813
M1,19.977802998366727
M4,20.0713702743352
M4,19.99715830569973
M4,19.99637855280571
M1,19.964620858110212
M3,20.218289547131295
M3,20.254900978627138
M1,19.930206524597057
M4,19.97931493918196
M1,20.005795511293144
M2,19.984721273366652
M4,20.028492162843083
M3,20.244716545703735
M3,20.115187435187075
M2,20.031138936303694
M4,20.037358895949932
M1,19.966885963114827
M3,20.252455465590884
M1,20.04307439134529
M1,20.00899387161799
M3,20.19522283099028
M2,20.03988950949273
M1,19.959162908948727
M4,19.969483277848923
M2,20.035148302529965
M4,20.02528092791713
M1,19.99842056996192
M1,20.036456436047388
M2,19.996477897308132
M3,20.225028588091085
M2,19.998868539892698
M1,19.99809401510638
M3,20.221305854227584
M4,20.003087105584857
M1,19.947223849113925
M2,20.018962252371733
M2,20.077646876556308
M3,20.25764486426444
M1,20.025279807631552
M1,19.997049043909932
M1,19.994189552743176
M3,20.171016818024672
M1,19.99366582957541
M3,20.25079245981671
M2,19.98766378602463
M2,19.99470968942437
M4,20.06850137606351
M4,20.02806147772832
M4,20.04957633341493
M4,20.030758088449865
M1,20.019214881417952
M4,20.022355571648752
M1,19.964281834808354
M2,19.97679436174308
M3,20.182141355161413
M3,20.16039265637556
M3,20.203723336903913
M3,20.3033931869132
M2,20.0009896596421
M3,20.18238269086313
M2,19.96517281016836
M2,20.005628773532116
M3,20.217192789012877
M3,20.19307108461611
M2,20.01277294084828
M1,19.9773214699038
M2,19.992742626473508
M2,20.007147423408107
M1,20.000789413589334
M1,19.98447504780854
M4,19.9707785600612
M2,20.01035070739468
M3,20.239615668153977
M1,19.979096474065734
M4,20.00736917464166
M1,20.00333209293444
M2,19.90525536756739
M4,19.99372966163532
M1,19.973744353830924
M3,20.218856309728444
M4,19.99911113456255
M1,19.963328460557303
M1,19.96969237949863
M4,19.98402759131884
M2,19.988083291313632
M4,19.97107887304223
M4,19.933324796425083
M4,19.998217131546006
M4,20.06641780413927
M4,19.997481949193737
M2,19.97696703332324
M4,19.95554850945708
M2,19.993777897868803
M3,20.208475379639363
M1,19.95958008193526
M4,20.059146065318743
M3,20.216461535092755
M4,20.000012777664196
M2,19.954340186985437
M2,20.003436233997128
M3,20.28033757143656
M4,20.064472416095004
M3,20.237097016440007
M4,20.035251726289378
M1,20.012544395775357
M4,20.015881286852863
M3,20.21311220162818
M4,20.023054936270817
M1,19.959281026819284
M2,19.971242518039077
M1,19.967364670440244
M2,20.022012878249072
M4,20.038573628939385
M3,20.218964139113258
M4,20.00273027210882
M3,20.174363481626308
M4,19.962894130437803
M4,20.085058609302788
M3,20.163911443499178
M4,20.012772208102085
M1,20.06121287170754
M3,20.189413766241476
M3,20.221178597803583
M4,20.01752463225424
M3,20.12684417361009
M1,19.976913938095013
M3,20.29389182330596
M4,19.99531057294837
M1,19.999265652529857
M1,19.96787640600259
M3,20.218068965308035
M3,20.224606769266508
M3,20.21784148860529
M1,19.9705722256081
M3,20.28933749951586
M3,20.231448958252734
M4,20.01962386187113
M2,20.046499820950316
M2,20.055251585678462
M1,19.93816083347932
M3,20.17521149058451
M3,20.15100861033249
M2,20.031866586298825
M3,20.194955136860766
M4,20.003711476400856
M1,20.043253750502657
M3,20.299674011887987
M3,20.17429123283508
M1,19.97262331415079
M1,19.975080906402344
M2,19.995539895774087
M1,19.992337499775633
M2,19.997487395902276
M1,19.958183546757617
M4,19.99441698263412
M3,20.2598068924976
M2,20.03521278688277
M4,19.999700837589177
M1,20.031515010541295
M3,20.222540936964652
M3,20.207972430783244
M4,19.92687245042132
M1,19.96006613184372
M3,20.252161433234136
M4,20.04000730661024
M4,19.99722146142853
M1,20.014638509558857
M4,20.054652515564563
M2,20.009751044984014
M2,20.016854878212033
M1,20.008676537609073
M1,20.010542423170445
M2,19.994149891720593
M1,19.983969595534155
M3,20.23482282360584
M3,20.22013441078216
M2,19.97769646616031
M3,20.23125959856025
M3,20.219808889795228
M1,19.9315661921572
M2,20.067774283703663
M4,20.004579615515187
M1,20.033753173328112
M4,20.051145402159698
M4,20.049330127746703
M2,19.97487806737943
M2,20.010514990220734
M1,19.967878316183057
M3,20.20772049319064
M1,19.958975315996323
M4,19.976643087797157
M2,19.990417453937553
M4,19.964421464741676
M4,20.014316929666823
M2,20.018004113660837
M3,20.18605614638146
M1,19.962261729444407
M1,20.028082989508295
M3,20.248278734088274
M2,20.00962241993145
M2,20.022575555667895
M1,19.96558243034838
M4,19.977890255548292
M2,19.970000464106867
M2,20.05353900665879
M2,20.06254346496806
M2,20.06022270775672
M3,20.20599175792735
M4,20.07760146573783
M3,20.156566747691976
M1,19.961674405330182
M4,20.02766971613314
M2,20.019507089138617
M1,19.9850578852265
M1,20.002548060479945
M4,19.969923830375357
M2,19.995647608865713
M1,20.00963963115873
M4,19.995658459172557
M2,20.008512229907545
M4,19.98311314377247
M4,20.002802751043863
M1,20.00010042701298
M3,20.18136231867176
M3,20.25608630008399
M1,19.98233499532083
M2,19.989323139546123
M2,20.012031436959575
M1,20.02778778723226
M3,20.212711328114903
M2,19.960035805707765
M4,20.031705251942675
M4,20.015521462879875
M3,20.261196482713927
M1,19.969223214096942
M1,19.956490108359667
M1,19.99288616885297
M2,20.022796424778537
M4,19.97288203883998
M1,19.999563227867792
M3,20.262789612831245
M1,20.047511724889542
M2,19.98817866352765
M3,20.222377214795085
M4,20.015619218236033
M4,19.95425876445531
M3,20.215600035841543
M1,20.01493283058662
M2,20.018622335107843
M4,20.01375428070324
M1,19.965185545570066
M3,20.186161121913447
M3,20.216741500240925
M4,20.047251576276015
M1,19.9363000088255
M1,20.04431366863122
M1,19.925344140606313
M2,20.07197037607745
M3,20.1798179726779
M1,20.031098197300047
M3,20.160786595572684
M1,19.99354235879833
M3,20.173846553687273
M2,20.01237265602801
M4,20.031567688603936
M2,19.989652546417695
M4,20.0405467454932
M1,20.033402564119864
M1,19.955291631528716
M1,19.965690641454287
M2,20.0044323288042
M4,20.05783298944213
M1,19.99699493929654
M4,20.00823297158133
M3,20.26731675697056
M2,19.995240129624666
M2,19.994352156642066
M4,20.028911590116316
M3,20.20231555028123
M1,20.006850832056884
M4,20.04159072654767
M2,20.069563205763107
M1,19.906129497086265
M4,20.019115166400734
M4,19.995311226623308
M2,20.00861805792977
M3,20.15711926806873
M1,19.99079385491363
M4,20.029097251627732
M2,20.026958324133
M2,19.979652606115668
M3,20.274871251648136
M2,19.979315532796353
M3,20.251390608054383
M3,20.20391684620894
M2,20.0118592121808
M4,19.96462372918924
M2,19.966972751778435
M4,20.0366053109088
M2,20.02141143913552
M3,20.234735097275625
M3,20.2588849587661
M4,19.96771134310814
M1,19.947826870332392
M1,19.97657279957872
M4,20.02518075808489
M4,20.01922593253922
M3,20.241899799378412
M2,20.100026554052967
M2,20.044398673758856
M3,20.254052387026377
M3,20.269572858565645
M2,19.97896296659452
M1,19.979823340027153
M1,20.03647057009181
M2,20.02029933383435
M3,20.263863179733256
M2,19.94899422082603
M3,20.230259846875818
M2,19.975008276161372
M2,20.0092037677116
M3,20.129578376609743
M3,20.230648226222463
M4,20.046948009249267
M4,20.00000637840861
M2,19.986101973563763
M3,20.209083568862923
M2,20.02176177017413
M4,19.959297511388566
M3,20.256665235617657
M4,19.980219756044807
M2,19.99983936938525
M1,19.961841722520575
M1,19.976714306526112
M3,20.204171359758043
M4,19.942934719254847
M3,20.207934052371183
M4,20.018153532147924
M2,19.995572370647473
M4,19.99352412681858
M4,20.02415851727902
M1,19.95146980112498
M4,19.94632730389022
M1,20.010825657361025
M3,20.242787492082787
M2,20.01704454457942
M2,19.981114821684496
M4,20.016428014966497
M3,20.249223243096733
M1,20.010049927983232
M1,19.970132043728345
M1,19.99580863668771
M2,20.058646368063705
M1,19.970429575730822
M2,19.96544886332438
M4,20.07940826610996
M4,19.999095194239512
M4,20.00390427223559
M2,19.94997586807792
M3,20.18834308881835
M4,20.001348844139933
M1,19.95036633010204
M4,20.031925818691168
M3,20.21731508767632
M2,19.993304750366175
M2,19.97444855737583
M2,19.986105002437945
M1,19.996935608025204
M1,19.997683801388632
M2,20.01531822296786
M1,20.006250215727917
M3,20.24253635869034
M2,20.036468795558054
M2,19.957721246594847
M1,19.92898588880004
M4,20.008400708321147
M3,20.19321395264319
M2,19.947894709464727
M3,20.289766398568748
M2,20.058932299840844
M1,19.958772287396375
M3,20.11762458777111
M4,20.025547354275787
M3,20.232672150618175
M3,20.278498225833207
M1,19.94868916596267
M3,20.183250870396407
M3,20.252834181718043
M2,20.010830259238656
M1,20.006839313133806
M4,20.074124872728166
M2,20.03331104879029
M2,19.973202220201827
M3,20.18132719102864
M2,20.025094955782222
M3,20.219295467250326
M3,20.191761656565458
M2,20.003657901477283
M1,19.9870256124143
M1,19.970807361255055
M4,20.001267870249887
M3,20.21786425465925
M2,19.98366980019736
M2,19.9783040468269
M3,20.271875083507275
M4,19.93361099621202
M4,20.052904422052286
M3,20.21537325582184
M2,20.004809085259712
M4,20.063367017121266
M4,20.024186281443843
M2,19.96384129186157
M4,20.01143537198017
M4,20.028504225100345
M4,20.002648769925052
M1,20.009819199862022
M1,20.04113660427679
M2,20.016890880844883
M4,19.97281065523202
M1,20.04462458677595
M1,19.987863196020047
M1,19.970797110397225
M1,19.96122375834705
M4,20.02812292771473
M3,20.156202098593717
M3,20.22984834293348
M2,20.04564256217207
M3,20.2678045387573
M4,19.922593261123403
M3,20.28102673054099
M4,19.96370204357413
M3,20.19522096949793
M2,19.962397433879136
M3,20.20721523874523
M4,20.00807042879709
M4,20.01441046832917
M2,20.007180877121737
M3,20.264233014401434
M4,20.013069664542662
M3,20.253944884947025
M3,20.207370019097432
M2,19.987302193503226
M4,20.03186567852766
M4,20.04830066758939
M1,19.921459006545057
M1,20.046374849996766
M1,19.960538228686897
M2,19.961969280605786
M1,19.928139185772004
M4,19.9611299813494
M4,20.08644885409664
M1,19.994908906510176
M4,20.069674177911796
M1,20.065251751804556
M4,20.033386489140145
M2,20.030228967539333
M1,20.025111546534006
M2,19.999327515747243
M4,19.993567183159467
M4,19.99957537666576
M1,19.948929810224453
M4,19.96756381016485
M2,19.99723402767447
M2,20.008295679991473
M1,20.01669439507138
M4,20.023436400807466
M4,20.025984147342424
M3,20.1920597833258
M3,20.203862126758526
M4,20.053836760795587
M1,20.01348563888238
M1,19.95968518815055
M1,19.976471560928253
M2,20.079612706347653
M2,19.995826649497083
M1,19.986487066690856
M3,20.26032102169798
M1,20.008374288839605
M4,19.965661697439057
M3,20.191967920129468
M4,20.00948586417729
M1,19.973418067661623
M4,20.01294823879127
M3,20.225548486817296
M4,19.99424975648897
M3,20.215568216888627
M3,20.209038356711993
M1,19.992586003472415
M3,20.219597400820017
M2,20.024789803454492
M4,19.98589328105421
M3,20.207548083162127
M1,19.945580658029755
M4,19.95592163208193
M1,19.94055035697097
M2,20.001205639118194
M1,19.94324109834249
M4,20.01410452695371
M1,19.994331302368337
M4,20.0265649449796
M1,19.935179086757916
M3,20.21082633094386
M1,20.017099505760097
M2,20.00411397702331
M3,20.250034063748643
M3,20.22027092181268
M4,19.985055874959905
M4,20.035670385315033
M3,20.16159516804603
M2,19.959079399438643
M2,20.01947366476721
M4,20.040382355256195
M3,20.2410583704124
M4,20.005298417241725
M2,19.960694293279445
M2,19.953402746100892
M4,20.034579582514752
M3,20.204387488183325
M1,19.971499097048596
M3,20.20514747723805
M1,19.98243653241058
M4,20.046641384260155
M1,20.023274924552524
M4,20.038015218565068
M4,20.01127469425667
M1,19.97347409118065
M3,20.225570839746716
M1,19.901325963477735
M2,20.027725893920017
M2,19.975791294044505
M3,20.24868733121616
M4,20.01887418595768
M2,19.96691843448755
M2,20.036084207557963
M1,19.968968965113035
M4,20.025130525359415
M2,19.99926550448408
M2,20.00169106563583
M1,19.984995922719463
M2,19.968517236470372
M3,20.187692370851497
M4,20.042923967701583
M2,20.042089741750633
M3,20.253888186416663
M4,19.98599898318582
M2,20.032169443470043
M2,19.97248703258888
M1,19.995615145178668
M4,20.011112834399302
M1,19.98660630442107
M1,19.990384989727264
M1,19.97795103611201
M3,20.24292420991442
M2,19.981214109632955
M3,20.155165922300505
M3,20.217798174745283
M1,20.04062952914112
M2,19.995926068163733
M1,19.981870979681215
M1,20.036012800577783
M2,20.01311990761472
M2,20.012197474427783
M1,19.969211490770775
M2,20.017081998145052
M2,19.987854249598723
M4,19.980843142563092
M3,20.262189916985943
M2,19.953571430412214
M2,20.02205576651241
M1,19.96694825123793
M2,20.00443918662614
M3,20.228984356010734
M1,20.01227462177456
M4,20.00829071222405
M3,20.16609221000108
M4,20.013313178502692
M2,19.94011362972068
M4,20.004696917383527
M2,20.07613228449956
M4,20.06498336881617
M3,20.204969986965533
M3,20.198643712669146
M1,20.008054003892887
M4,19.983900317283013
M1,19.951534016621565
M1,19.994229597152874
M2,19.98879767428612
M4,20.00091259081296
M4,20.01131157831614
M4,20.06437318777548
M3,20.205986002174495
M4,19.97126626761978
M2,20.08955418577276
M2,19.947554231010116
M1,20.000420985810443
M4,20.00776971278085
M2,19.978669959749855
M1,19.966244753448706
M2,20.090062288123512
M3,20.25757500386308
M2,19.9811767818233
M2,19.974688760950578
M2,19.98997988161528
M3,20.235351291599308
M3,20.22989678481083
M3,20.215733661803732
M1,20.00052707613354
M2,19.982405663351333
M3,20.18441357216157
M1,20.009148998563894
M1,19.9770580823024
M2,19.947374760044703
M3,20.21769598333792
M3,20.22777861899467
M1,19.99242982085931
M3,20.22130619542805
M1,20.037638131407633
M3,20.201008972904923
M3,20.280756909793663
M1,20.03532594168943
M2,20.00498001800397
M4,19.951679248359692
M2,20.002916456500948
M3,20.195182016773185
M3,20.22645840628289
M1,20.01225447614747
M4,20.00890371616443
M2,20.040088023004763
M4,20.03725395024055
M2,20.01958394207103
M3,20.192834637129373
M2,20.03340939967681
M4,19.946949014114978
M1,20.01206687434726
M4,20.00388145104477
M1,19.951815449035745
M4,19.961603395351595
M1,19.980435401627123
M1,19.9935533881958
M1,19.997610852204847
M3,20.250180117738452
M2,20.0136961137434
M3,20.237837585551784
M4,20.00690892739871
M1,19.93214751625631
M3,20.237086232215237
M3,20.28640747733014
M2,19.974222893998785
M4,19.99384106191781
M3,20.22321361932819
M1,19.99639986170791
M3,20.20205716877233
M2,19.990339606938036
M1,19.993255444914105
M4,20.034160176578432
M1,19.959190660662685
M1,19.949867047264156
M1,20.048036606502855
M4,19.97219018665148
M3,20.23711578292623
M4,19.984108290307816
M2,19.963314728879148
M1,19.989790542421492
M2,19.99572774861527
M1,20.064684750155696
M3,20.19444556125474
M2,19.973095692397443
M4,19.961149886435813
M2,20.022463723650414
M2,20.02101926359907
M4,19.945619555065612
M3,20.2136128537529
M1,19.9760776134477
M2,20.057369972737092
M2,20.05405989262639
M3,20.208308958170104
M3,20.20844031954217
M3,20.24480378157566
M4,20.021473059811328
M3,20.189135084614815
M2,20.039016951391208
M1,19.992769167253005
M3,20.270237059152237
M2,20.065957787066473
M2,19.984492009243567
M4,20.032615128537604
M4,20.01473004276167
M2,20.02301716301144
M3,20.20116629875141
M4,20.031727301880434
M1,20.023276956009724
M2,20.013498694508975
M3,20.229196352229664
M2,19.96573518336313
M4,19.994729414705663
M2,19.94787131981184
M1,19.998255237962713
M2,19.95797257194294
M2,19.988362277987108
M4,20.02120955699369
M1,20.04814562560636
M1,19.96199956275945
M1,20.00702362764987
M3,20.250237375577814
M4,19.99164785125976
M3,20.242842578241667
M4,20.043827181416233
M4,19.972104970260897
M3,20.252378354618862
M3,20.26541971266502
M1,19.977805189576863
M4,19.984590620341535
M4,20.021060849886727
M4,19.968398912299637
M4,19.992998387671665
M2,19.97572268214124
M1,19.98323699835569
M4,19.96330405439051
M2,19.940092132209323
M4,20.045984256161827
M3,20.305530298551883
M2,19.986524001816303
M2,20.009396950610935
M3,20.246105526890513
M2,20.049189118030593
M2,19.975141693742604
M1,19.957643286170384
M3,20.209256246012412
M1,19.9850015079568
M1,20.031052789758384
M1,19.950469268083527
M3,20.233825350781068
M1,20.001148008605217
M2,20.035590175398315
M1,20.0143040628422
M3,20.16537895475685
M1,20.00507649292916
M1,19.97230223305837
M2,20.015500053572257
M3,20.18575190148795
M1,19.95515717246646
M2,20.01259506260768
M4,20.02444645257335
M3,20.210832735271843
M4,20.020530633859146
M2,20.01137117777624
M4,20.014421163585972
M1,20.003301292477875
M3,20.165893113149973
M2,20.04363648159616
M1,20.010401604777737
M4,19.955695163344732
M3,20.208735386683223
M1,19.995913684827656
M1,20.018408991149137
M3,20.18426701652455
M3,20.21780410038138
M1,19.987732406396265
M4,20.071382118775645
M3,20.167769128197804
M2,19.984186616154897
M1,20.03241038026864
M2,19.973025797706235
M2,20.024408146663593
M1,20.030673883671987
M2,20.067564239552976
M1,20.019875404163617
M1,19.93524507562076
M1,19.973713735651064
M2,20.05335618921445
M2,19.950197643839612
M2,20.06607909275348
M3,20.24932888464453
M3,20.16069295332723
M1,20.002688025565355
M4,20.01919673402884
M3,20.14694804847263
M2,19.969789687261905
M1,20.041870714576476
M4,20.019054402895627
M3,20.214568069791717
M2,19.992702935560068
M1,20.00196550584708
M1,19.990490745825863
M2,19.98571231471835
M1,20.02884858509191
M1,20.000487891531385
M2,19.976932234686817
M1,20.025079611773727
M2,20.041374638370577
M4,20.099424438251617
M4,19.98748330102388
M1,20.017156481908508
M3,20.258770986618405
M4,20.021714544763004
M3,20.22207036828699
M2,19.92640865871249
M2,20.00961225172653
M1,19.94062216982249
M2,19.94460933451384
M4,19.97423729861129
M3,20.171073213165233
M2,20.01528946431812
M1,19.996432491341963
M4,20.04288277879471
M1,19.973677027842076
M3,20.26213326804111
M2,20.066488673629983
M2,20.04323088884382
M1,19.988190251014395
M2,19.993777809122378
M3,20.2517325244629
M2,20.00879617521042
M1,20.028085301351283
M2,19.949088517412083
M1,19.964514969020588
M2,20.056091324017693
M4,19.997883477868296
M4,20.01487675189335
M4,20.02954563947235
M1,19.94167842625109
M2,20.039226879618347
M1,19.970779864756373
M2,19.99738275859463
M3,20.20111975460722
M4,20.04510621874775
M2,20.01086713085446
M1,19.9499685979311
M2,19.9921196721906
M2,19.969987527065268
M3,20.225498881905263
M1,19.966187816167142
M3,20.210676842336525
M2,20.03716588171639
M3,20.1565971096693
M4,20.03703969352456
M1,19.945382193199407
M4,20.041839647177856
M1,19.986017596717353
M4,20.04786973240059
M2,19.973315355835354
M3,20.26194666769731
M4,19.98536130621931
M3,20.208670654971023
M2,20.0342152896116
M4,20.029493609272713
M2,19.999933134190844
M3,20.200185614988484
M3,20.211249490006097
M2,19.99876475261464
M1,19.96351462489548
M2,20.04138306371535
M4,19.9918815375483
M3,20.265234543220377
M3,20.275494680868345
M2,19.954012752047536
M3,20.178821260202863
M2,20.003264261016508
M1,19.967756942931775
M1,19.997397877158285
M2,20.006636171801397
M3,20.25513673904467
M2,19.99717287841032
M1,20.020721843382898
M2,19.9701132836506
M2,20.00042616744768
M3,20.204518920565818
M2,20.007228919731595
M2,20.011274335151818
M1,20.006833391406747
M3,20.139647518249973
M4,19.987338393927985
M3,20.208771310524835
M2,19.92824422308134
M2,20.018996230624214
M2,19.959003042494192
M1,19.968694116625276
M1,19.95991105558704
M4,20.00998991853302
M4,20.02238768741945
M4,19.98071049433803
M3,20.24525874709435
M4,20.023354889261487
M2,20.042711329450764
M2,19.963684196013524
M1,20.009460608559976
M1,20.035438994942144
M3,20.23078953699175
M1,19.98219430122699
M4,20.02264039386519
M4,20.001034253080924
M2,20.016437519399435
M3,20.200287366330887
M1,19.95467048617933
M2,20.04062023526799
M1,20.00237535894311
M1,19.959552504064177
M1,19.99098026307693
M4,20.008834958969217
M3,20.255198215360902
M4,20.06923628493435
M4,19.983926602906127
M4,19.97989702564202
M4,20.01031326484732
M1,19.998942019657044
M4,20.02761866682216
M3,20.225682076274133
M1,19.98344505788986
M1,19.980076482565455
M4,19.97728835297423
M4,20.036962835346905
M2,19.982870233870976
M1,20.059052020134708
M2,19.923156857634353
M1,19.98433537119056
M3,20.217621727743605
M2,19.988660807586115
M1,19.98825942317378
M4,20.03525409017827
M4,20.04367889789637
M4,19.969685803062553
M4,19.963287731085693
M1,19.98360687207759
M4,19.95636188282179
M4,20.038387113486515
M4,20.098053944832568
M2,19.939043212643853
M2,20.026565418600452
M4,20.023610234661575
M1,19.98161640006493
M3,20.234894142124773
M4,19.9687019098199
M4,20.01920376540974
M3,20.250696617025113
M4,20.00651576226276
M4,20.027545154583574
M4,19.986706957527097
M1,19.974585398520585
M1,19.97641777465652
M2,19.990780015516588
M2,19.99515326332731
M2,19.996515597137865
M1,19.954629464889027
M3,20.212481004103008
M1,20.00072611177143
M4,19.99596263745449
M3,20.261188492030357
M4,19.964748572902423
M1,19.988280286242503
M2,19.92456782543285
M4,19.983972576551
M2,20.01595722782039
M3,20.18672368156116
M1,20.0106284177893
M4,20.00343049384084
M2,20.00339761880701
M4,20.02416176320976
M2,19.995407480041212
M1,20.042782756366805
M3,20.205659787205583
M2,19.971232773294112
M2,19.98619444565539
M4,20.01897657378025
M2,19.9929523555766
M2,20.06453031450706
M3,20.210645195114687
M1,20.000754175810947
M4,20.007140045629445
M1,19.98215980685147
M1,19.994521380423425
M1,19.98032381180398
M2,20.033271772488543
M3,20.209101552288747
M3,20.236836360412397
M4,19.990073065425275
M4,19.98256150756074
M2,20.03846683924877
M4,19.965586430823446
M1,20.01117106030031
M1,19.962488892806096
M2,20.05769542794429
M3,20.200151694856807
M1,19.9471086638756
M4,19.942042643855917
M2,20.03250685396951
M2,20.037988651544172
M3,20.250175665224855
M2,19.948960613357468
M2,19.967365185984175
M4,20.01351107782896
M2,19.99641407029466
M1,19.961761262399417
M3,20.195876047918617
M3,20.220511946651428
M1,19.993183710974023
M4,20.060169981406627
M2,20.032175221327403
M1,19.986011715022865
M1,19.967512317975057
M3,20.245928757967768
M1,20.0512947186831
M2,19.96658904547415
M3,20.1829233806323
M4,19.92999126170024
M2,20.021105473600656
M4,20.03221174066056
M2,20.054728997668494
M4,19.99076746584642
M2,19.97446625792919
M1,19.971027843358943
M3,20.23715816511749
M4,20.05069521311882
M4,20.025680345551297
M4,19.97409821643384
M1,20.006015522004027
M3,20.175371129905532
M3,20.228119109346963
M3,20.26716745027123
M1,19.924771505739272
M1,19.918582592579753
M3,20.21513453207513
M4,19.9889931402193
M1,19.956000788611146
M1,19.9906344486732
M2,20.036141849001716
M2,20.003929209901287
M4,20.019751821117183
M4,19.981688979277703
M3,20.275864647754215
M4,20.015514320617186
M1,20.015778981233392
M4,20.0492330731967
M2,19.9932403256504
M2,19.98496287372951
M1,20.003571979945065
M1,19.98052695544014
M1,20.030770757811595
M2,20.05261259047843
M1,19.943133640112613
M1,19.989902901658585
M3,20.188380466436804
M4,19.992979923455337
M1,19.96457330954864
M3,20.254745436069125
M4,20.00723089438691
M2,19.99313573864112
M1,19.97186143160871
M1,20.02393540384958
M4,20.011206662360618
M2,19.994257506762978
M1,19.95765207245697
M4,20.065366979349477
M4,20.073432062934483
M3,20.30389769343843
M1,20.0049808683266
M1,20.03437785391219
M1,19.94480735883661
M1,19.964271438410893
M3,20.216148017231127
M2,20.007299067069265
M4,20.00228845482228
M1,20.008086980849516
M3,20.22628541570765
M4,20.007100869821336
M1,19.982632676988132
M3,20.176925198339006
M3,20.236896778852632
M1,20.01936682290336
M2,20.01510184158022
M4,20.05082547141505
M4,19.973264172728673
M2,19.998064747726396
M1,19.974352437489703
M1,19.984874755670237
M4,19.99187234883321
M3,20.19913610091022
M2,19.998696947580687
M1,19.974124251153825
M4,19.985421649114965
M2,19.873282620281024
M3,20.201413299099485
M4,20.0426992492352
M3,20.198665755320462
M4,20.05848976597927
M3,20.176021990041544
M2,19.960089577665386
M4,20.05359908499402
M3,20.160661683643596
M4,20.019020629994507
M1,19.919652343878685
M3,20.24334212146313
M3,20.20723283183136
M1,19.99945573166481
M2,19.98401505785108
M4,20.026379165745325
M3,20.23787453845185
M4,20.029139067819237
M1,19.954454011487716
M1,20.03202633545544
M4,19.98887933871564
M2,19.96940097839184
M4,19.9795418521271
M4,20.03032870667985
M2,19.998131267966347
M4,20.005382254134705
M4,20.038295601799955
M1,19.95127325953401
M1,19.976253690736
M1,19.98873354276111
M3,20.135360478670584
M1,20.02661902194354
M2,19.92329385126215
M2,20.009513786871324
M1,20.010948781797552
M2,19.982013689560944
M3,20.266475435346184
M4,20.009798769092654
M2,19.902868991740316
M3,20.24477681414336
M3,20.19844843222298
M2,20.030330878093807
M3,20.181569454329647
M4,20.018831144122867
M1,19.944499323042336
M3,20.26241283832345
M1,19.9792424495201
M4,19.968164679560573
M3,20.243903376008134
M1,19.970617783165995
M3,20.20824336615935
M2,19.957876154250027
M1,20.069892801802087
M4,20.02469902342626
M2,20.02776304896514
M1,19.99187640035398
M3,20.203345401096676
M2,20.023138769933045
M3,20.23940136701054
M1,20.00860656284291
M4,20.03464862843793
M2,20.006503605701393
M2,20.02819877722448
M4,19.998197994792044
M3,20.18045469342978
M1,19.974801585807896
M3,20.23241229545047
M3,20.217501743636312
M2,19.982372824715608
M1,19.960386153926287
M1,19.954783132805986
M4,20.016770802626247
M1,19.97917763996176
M3,20.20443512440329
M4,19.99485228580492
M2,19.96438137870926
M1,19.95528773716875
M3,20.22892893046151
M3,20.322209915434136
M1,20.040488622980156
M3,20.22036921716526
M1,20.008500000247857
M2,19.9638039347093
M2,20.038721355628965
M4,20.003155322375285
M4,20.04391824013163
M3,20.188129285764735
M3,20.270291264733928
M1,19.991779722712412
M1,19.995982615969854
M4,19.968618043213617
M2,19.96593434272105
M3,20.24424777880076
M3,20.28185772144756
M2,19.984873018768283
M3,20.23424245268655
M3,20.195911933083305
M1,19.936872461591097
M3,20.26151128928572
M1,19.94962834480643
M2,20.01050290316707
M4,19.96060410724043
M4,19.98415779875866
M1,19.979915445044583
M3,20.22369634651317
M3,20.14949026971673
M3,20.22924466344987
M4,20.046225102850823
M1,19.99164817153628
M3,20.24380082073749
M2,20.02125928548967
M1,19.936224718003043
M2,19.996507493943597
M1,20.0185911172782
M3,20.346145354734457
M3,20.27295484631368
M3,20.189847257603898
M1,19.97555850081924
M4,20.010754483568057
M1,19.99158878404839
M2,19.993719633572304
M2,19.995751478479075
M3,20.203997507642967
M2,20.019491460541417
M4,19.99762320969823
M4,20.022868888062693
M4,19.96635122560607
M1,19.987903937336423
M4,20.010010346561725
M1,19.99291065159681
M4,20.020326709709533
M4,20.010628789806624
M1,19.998289988291493
M1,19.99966517309396
M3,20.197133707920777
M1,20.004140498950793
M4,19.979794846053966
M3,20.28199819491049
M3,20.258695182457895
M4,20.0305070229446
M1,19.967486363723676
M3,20.2297933516752
M4,19.98995018827755
M1,19.96180405905453
M1,19.988749473421795
M1,19.96128407874102
M2,20.05374841803361
M1,19.91740788621233
M1,19.971187951739804
M4,19.98858248946412
M2,19.98914707370589
M2,20.01169055529877
M2,20.034694310324735
M4,20.018591070725744
M2,20.019229409966197
M2,20.006509849938137
M4,20.023887105342865
M1,19.965720627317243
M2,19.987544760971325
M3,20.235387420740008
M3,20.20087017455319
M4,20.010550745918913
M4,20.037532015298748
M2,19.965501908969063
M4,19.961636120570397
M1,20.023611204749145
M1,20.03169271641637
M4,20.03214584903247
M1,19.95846341577368
M2,20.04646282380633
M3,20.234163496090066
M2,20.026382435779173
M4,20.01295879913003
M2,19.992685910350108
M3,20.25931699172658
M1,19.967314498863356
M1,19.979942160318465
M1,20.006373052027936
M3,20.290408773048146
M1,19.940745531752672
M3,20.27466408314376
M2,20.02386597320141
M3,20.246494436109643
M4,20.03908627284943
M4,19.968961221457977
M1,19.937304360951774
M4,19.97151567706153
M4,20.02235296602681
M3,20.248334614969192
M1,19.997811332295857
M3,20.201331504747937
M3,20.2250950548367
M3,20.159026325202948
M2,20.02256686124803
M3,20.204270638198476
M3,20.17891453332532
M2,20.01633703594774
M4,20.015268632797007
M3,20.20704464439157
M2,19.99542125271149
M3,20.2440619921711
M4,19.956416294778393
M2,20.050296189298468
M3,20.19245038121245
M1,20.05545471916172
M2,20.034216912097246
M3,20.20863549254579
M4,19.97655122691196
M3,20.24626441930939
M3,20.156106980827367
M2,19.95885941130046
M3,20.23883366079185
M2,20.027619347968145
M1,20.005174207584467
M1,20.0220857729732
M3,20.219539857207117
M4,20.006360874252294
M2,19.99410139989518
M4,19.985046166097423
M4,19.97734516779542
M3,20.22807218617792
M4,19.977261425633408
M2,19.98975512649745
M2,19.94541094292761
M3,20.204213275903697
M3,20.225227542688614
M3,20.299556309750972
M2,19.95126499289138
M4,20.021414319533505
M1,19.974970737391928
M1,20.057715551068057
M2,19.975956677828982
M1,19.936304467336026
M2,19.98969247639637
M3,20.18960543436148
M2,20.092320344753787
M1,19.968322583096636
M2,20.02530214507352
M3,20.19508035124072
M4,20.001003483307283
M4,19.984806465827248
M3,20.213966731835008
M1,20.0076804259623
M1,19.9472005196023
M2,19.936882700759305
M1,19.99214842233683
M3,20.277911749449757
M2,20.049680629391677
M4,19.96731510943967
M2,19.906521861062057
M2,20.012731055688455
M3,20.23437727602738
M1,19.963876900614913
M4,19.9959338114904
M3,20.17352689005127
M3,20.204391697079732
M2,20.004198899768976
M4,20.034383076371835
M4,19.99012035086618
M1,19.996336918190373
M3,20.17106780414307
M4,20.042447508780224
M2,20.044845152511396
M3,20.220285734108955
M4,20.0399550379439
M2,20.00917513333739
M3,20.183836486357837
M3,20.25787197031139
M1,19.92410250555112
M1,19.977853714170266
M3,20.27676366079709
M1,20.058273853181092
M4,20.0311695093372
M3,20.258057820387947
M3,20.238145309892413
M2,20.025829200646893
M2,20.02197377325687
M2,20.027939140084698
M3,20.19393211240881
M2,19.960463830168596
M2,20.01162888481529
M1,19.986161829244875
M3,20.200105256822493
M3,20.224880848810106
M3,20.189878838308285
M2,19.996778090147064
M1,20.027670199916773
M2,19.97085843616949
M2,19.976468412819713
M1,19.961974172939534
M4,20.064151894121068
M2,20.02063229113293
M2,19.997124886172177
M3,20.18328483618128
M4,20.053158192998985
M2,20.018253767053128
M3,20.270381427368505
M1,20.003520887921628
M3,20.248428706898707
M1,20.03596006207214
M1,19.92424561699489
M3,20.22747219280184
M1,19.98837793827006
M1,20.023910509643382
M1,19.988129807249297
M4,19.96666304418474
M3,20.209233228043125
M2,20.00660162474964
M4,20.03446186518802
M2,19.975810655489543
M4,20.008989516470606
M2,20.02423427168358
M1,19.983396620204687
M1,20.01918574153582
M2,20.06440702649047
M1,19.97978447800912
M1,19.96088642168826
M2,19.967107466652113
M4,20.021955243548433
M1,19.914926391118456
M1,19.95354792894097
M4,19.982117051492985
M1,19.96387926621512
M4,19.96705996380983
M3,20.209057538351946
M4,20.046782882716947
M3,20.17427924597694
M3,20.193433883637496
M1,20.009589200596302
M3,20.258517449825895
M3,20.270506678669904
M4,19.995421173965507
M1,19.97721422207919
M1,19.978523478416797
M1,19.999732897568876
M4,19.935006561906935
M1,19.996374303403297
M4,20.06755639413469
M2,20.034442979235703
M2,20.012506486378356
M4,19.987066407095732
M3,20.288303003291293
M3,20.222240358292822
M4,19.99669417876962
M4,19.98461803695093
M3,20.1946134929009
M2,19.980500148086175
M4,20.00587313503099
M3,20.25523823736908
M4,19.95445908412481
M4,19.98550095070121
M3,20.286015184744624
M2,19.96392460275902
M4,20.05795079186216
M4,20.041659085071256
M1,19.983133955363037
M3,20.20724093747981
M3,20.160926498452977
M3,20.247188203208474
M4,20.034661734661903
M2,20.01641361896989
M4,19.960123022024273
M3,20.261462523329275
M1,19.972715639494048
M3,20.239718939056463
M1,20.007186819331547
M4,19.997147329308817
M4,20.031519225601173
M4,20.036955743692097
M3,20.25167927835977
M2,20.01159174868137
M2,19.95638683495899
M4,19.96597341310424
M1,20.069268157783664
M4,19.97645446899127
M2,20.003614091620744
M3,20.202537741728555
M3,20.216347894700704
M1,19.941268366019095
M1,19.95628229745278
M1,19.984802116585033
M4,20.019460854262537
M1,19.99519908635817
M3,20.21689524224332
M1,20.027824620138297
M4,20.052685292272717
M4,19.99715204370029
M2,19.963908544571144
M1,19.95711752156027
M2,20.005907966749636
M3,20.220551174628348
M3,20.19585335289661
M3,20.214683725792217
M3,20.21788268893119
M3,20.185925292451415
M1,19.96147678000432
M1,19.99415485948478
M4,20.00624622921526
M3,20.24779009903233
M4,20.02449741688823
M3,20.24935729918396
M2,20.07672489863584
M3,20.223603993377587
M3,20.225232493956504
M1,20.024703143893714
M2,20.01660046502002
M3,20.221721518285516
M1,19.988354834004653
M1,20.00741102171557
M1,19.985585175376183
M3,20.175316438770466
M1,19.98462478983633
M2,20.01171152805383
M1,19.978302791513343
M2,20.005660334570894
M1,20.01344443920731
M4,19.977486413022568
M2,20.015757216289632
M1,19.995826130655946
M3,20.236088550587496
M4,20.052836235437617
M4,20.0075361504032
M4,19.983279118291883
M2,19.966623669287376
M2,19.97106360374305
M2,19.97728000462218
M2,19.94742577923792
M4,20.018978545985902
M1,19.96339583283113
M4,20.05202975413892
M4,20.02297673677057
M4,20.03978905713797
M3,20.29109341628499
M4,20.052584086376836
M1,19.937347959016854
M4,19.964673497309622
M3,20.187858027415796
M4,20.06467416210917
M1,19.97551080319265
M4,19.96559401886032
M3,20.19995129175188
M1,20.02202915567009
M3,20.229578107902423
M1,19.991113068561084
M1,19.938505607180172
M3,20.220027108775227
M4,19.986308626231704
M1,19.991244716919542
M2,20.021859371591187
M2,20.015238805416377
M3,20.23063950865469
M1,19.980516346981307
M3,20.22189796277043
M2,19.984753333099594
M4,19.974501866851067
M2,20.00371273889851
M2,20.002351814072572
M1,20.00482805799687
M4,20.025578430303767
M4,19.95567472658417
M2,19.939305792330433
M2,19.99967246100822
M4,20.018501709120734
M2,20.01867773970255
M1,20.04182306888549
M1,19.94660510558944
M3,20.2380092138369
M1,19.94181506825534
M1,19.98760858303068
M1,19.990529494116124
M4,20.037866194706407
M4,20.031362257516644
M4,20.031115037313096
M2,20.00558670287661
M2,20.015779343026033
M2,19.9266666510488
M3,20.22673679284696
M1,19.99477034500371
M3,20.224782811301797
M1,20.004498079147112
M2,20.008248812343066
M2,20.022750415492457
M3,20.263744787917243
M4,20.0091704836808
M3,20.207528702372414
M2,20.037868937830257
M3,20.230266598971404
M3,20.267272092807193
M1,19.919473991757197
M4,20.029235100751585
M4,20.01203175974664
M1,20.020610099529776
M1,19.992934752222528
M1,19.953525741269484
M3,20.164274810939453
M1,19.993254795450916
M1,19.95708076208088
M3,20.178337048954216
M1,19.97070669775244
M1,19.993384977518172
M1,19.994514036898217
M3,20.259474181242236
M2,20.003483650127865
M2,19.988294385237968
M3,20.15538744804714
M1,20.022960740648333
M3,20.205576876678204
M2,19.976562977968573
M3,20.2315274133103
M3,20.221014681793054
M3,20.24065999434409
M1,19.962612140091625
M1,20.03830633241695
M3,20.194438475560226
M1,19.910514673597895
M2,19.98261989837408
M3,20.157574452716915
M4,20.0121936703319
M3,20.230204928306435
M4,20.03980191783069
M3,20.19206086129899
M2,19.95961965789805
M1,20.01872444801661
M3,20.170393550753367
M4,20.009957265266856
M2,20.01720119380277
M1,19.99173553624503
M1,20.011486975897476
M3,20.169332238199196
M3,20.212427064261306
M1,19.93199776676419
M1,20.08099278253954
M3,20.195082212273228
M2,20.011376689194343
M2,20.060042761882947
M2,20.006728497158996
M3,20.252202054928993
M3,20.243625633246342
M1,19.95988382304048
M1,19.96168521730336
M3,20.15907652020565
M3,20.191825752947956
M1,19.984588614440582
M1,19.999518483851443
M3,20.230912286125943
M2,20.02019130527293
M1,20.00070226293963
M3,20.20660609409657
M1,20.02269679505986
M1,19.956159479620656
M3,20.21224328187848
M1,19.980586973308615
M1,19.95244622995465
M4,20.03259341252622
M1,19.974116906431068
M3,20.171451981916164
M4,20.004941711155993
M4,20.05728858878275
M4,20.018172607707143
M2,20.000814648210287
M4,20.04846092926058
M1,20.0018265852724
M2,19.99640223042438
M1,19.97406520174218
M3,20.154055423599228
M4,19.99428791575199
M4,20.00440005568527
M4,20.041448619095707
M1,19.927648329499775
M4,20.022892274020535
M3,20.233555838307915
M2,20.05122055737272
M1,19.971517477815116
M1,19.99651763705523
M4,19.968853175424613
M2,20.063208065739992
M3,20.29716350214833
M4,20.006160161217725
M2,19.9863093025406
M1,20.019118572093532
M2,20.031838196923772
M1,19.957666756347933
M1,19.974326602194648
M4,20.009679828087837
M2,20.068123943617312
M3,20.20835838838472
M3,20.222988294611845
M3,20.22946618327528
M3,20.27722891649007
M1,20.010806168042553
M3,20.23226944959971
M4,20.030943546018257
M1,19.926215571802253
M1,19.987852090126864
M3,20.217509198867432
M4,20.01972199702521
M2,19.977471319905604
M4,20.000850930516023
M1,19.97492511475482
M3,20.225514303854784
M4,20.03697478733091
M2,19.99823193508865
M3,20.25240891968907
M1,19.985487534894464
M3,20.221005283515492
M3,20.214752736652123
M4,20.013991725619224
M1,19.911772892857183
M2,20.06438423309168
M3,20.15428014621917
M4,19.99116137928184
M1,19.99398801676758
M3,20.236469060466444
M4,20.037193544488986
M3,20.171126679128957
M2,19.999227272769843
M1,20.01117498486194
M2,20.012450056296274
M1,19.985831374821675
M1,19.960315237149267
M2,19.986933086199485
M1,20.013356244748067
M1,19.981491212937208
M3,20.209584797876648
M1,20.00799023888447
M1,20.05768819952411
M3,20.210413597935453
M4,19.98998280816062
M3,20.167954431739258
M1,19.978915264999863
M1,19.95163576999235
M3,20.23684324945016
M3,20.16794436566883
M2,19.97356783486592
M4,20.03488122184747
M4,19.99761158739096
M3,20.28898057855414
M3,20.25264802600881
M4,20.01896061765434
M1,19.995758711312945
M3,20.21556877890883
M4,20.039248566676054
M1,19.95756543889769
M1,19.98815883224948
M2,20.067002213980626
M2,20.05147909025265
M4,19.99330432104006
M2,19.98110592583927
M3,20.19832668232697
M4,20.02696524100064
M4,20.02267210907298
M3,20.29418108278046
M4,20.053947521697744
M3,20.235773596738905
M1,19.985854605369113
M3,20.206557527763504
M2,20.053152866037298
M2,20.026549121533705
M3,20.26907876594029
M2,19.984291736230155
M1,19.993099409720593
M4,20.011350704234488
M3,20.195138157497972
M3,20.16488525912089
M4,19.96867642356979
M3,20.20914012585939
M3,20.201654248863377
M4,20.061878352351165
M2,19.988689892599854
M4,19.976874941676023
M3,20.229424459315293
M1,19.998515627342695
M1,19.97644294166624
M4,19.94985585723327
M4,19.98077742536305
M4,19.98439056776985
M1,20.02059815904429
M4,20.028262368723396
M4,19.95044777250819
M4,20.04515231410723
M2,20.04250225853687
M3,20.198872676007017
M2,19.958289148901027
M1,19.98870034301104
M3,20.20647088951987
M1,20.025715672813952
M1,19.977291464268152
M1,20.01301782565358
M2,19.979030199704138
M1,19.94368358587676
M4,20.020108591760252
M4,20.008512286489317
M4,19.99340564998635
M2,20.0075454582361
M1,20.02368440298028
M3,20.184472968306896
M3,20.295910861871175
M1,20.026554106945053
M4,20.026840834426196
M2,20.065001522880085
M4,20.06273758824168
M1,19.973813814602803
M2,20.007521396112583
M2,20.023273350140844
M1,20.029156438839777
M3,20.195998359770567
M4,19.97760606538001
M3,20.245839108564407
M2,19.975088296092572
M3,20.170057504520837
M2,19.995118885818208
M2,19.998507098500536
M4,19.992777724025327
M3,20.197387563649052
M2,20.016506782471055
M2,19.959694496238075
M4,20.00305320652472
M3,20.242257182222236
M1,20.055113654818857
M4,20.09168420416149
M3,20.256399483875995
M2,20.02525508592864
M4,19.998071005825533
M4,20.03145418089521
M4,20.03101826054759
M2,20.02132162129598
M4,20.022882745267975
M4,19.98280462794788
M4,20.012386485757315
M3,20.12340458566466
M2,19.992954035127635
M1,19.953289408141536
M4,20.004351983759666
M3,20.233690626991933
M4,19.99774939078772
M3,20.241211825057384
M3,20.225770175516885
M1,19.995591695427976
M2,20.05816745886972
M3,20.24540595580107
M1,20.06716234697458
M1,19.94627621384487
M3,20.235692195918357
M1,19.99144489250654
M3,20.20646397289982
M2,20.0082966815212
M2,20.05421999412761
M1,20.00911388577381
M2,19.97947351657779
M3,20.186585458960497
M3,20.21030330241691
M2,19.99837330210644
M1,20.020694749936386
M4,20.020315308628337
M4,20.03309968711173
M4,20.092276622834323
M2,20.003973777469376
M3,20.19754741193176
M1,19.96317843915046
M4,20.012118806899377
M1,20.060140208084256
M2,19.988708422919284
M4,19.99672937563119
M3,20.180018020722375
M4,19.960291126463712
M2,20.02721134686059
M1,19.995730566822857
M1,20.000709643199013
M1,19.895910086392053
M1,20.02431751282012
M2,19.999022254432415
M1,19.986584484316005
M1,19.970930349862176
M2,19.98197139749924
M3,20.207533345487256
M3,20.249854870459156
M1,20.043769810155048
M4,19.985123575338072
M3,20.21274812553051
M2,19.98161985434321
M2,19.999773127341392
M4,20.034784329085465
M2,19.996150697747954
M1,20.017026824145507
M2,19.99114166513648
M1,19.98792461525032
M1,19.92775860698684
M2,19.986080102297706
M1,19.941331712457036
M2,19.976178053634527
M1,20.00982434915803
M3,20.223456349326277
M1,19.950088353060657
M1,20.037363395762128
M4,20.08296530188313
M1,19.98995923894948
M2,19.980577588560752
M3,20.252947734332313
M2,20.04613100073862
M2,19.97575204856403
M1,19.93701953528095
M2,19.95858279217009
M4,20.00773058145711
M3,20.20267600685433
M4,20.054600160544997
M3,20.25472758994425
M4,20.024621035864502
M2,20.010343807354957
M3,20.17723222708325
M3,20.23374679130734
M4,19.989459849572913
M3,20.17622049210325
M2,19.955273495208935
M1,20.02687586654509
M4,19.97694136499059
M2,19.971721370761916
M4,20.058849446253703
M3,20.188440200260917
M1,20.03847467873953
M3,20.274232821983716
M2,19.993866425239503
M1,19.970314100822268
M2,20.02295518277753
M3,20.24183345189855
M1,20.02983920933579
M3,20.17459388885122
M4,20.02568460784547
M1,20.05430054089312
M1,19.99610591857509
M1,19.989859950082288
M3,20.18844651243198
M4,20.029662132513277
M4,19.973486380125973
M1,19.98022219460867
M2,19.99406053129394
M1,19.92910696804448
M2,20.042254833399543
M2,20.014237041288848
M3,20.264934410482315
M4,20.051011673623293
M4,19.97540902921761
M1,20.00367337756592
M1,20.021524133273772
M2,20.027259520320417
M2,19.977020067343084
M2,20.004931414011235
M3,20.22104336606251
M3,20.237863128493867
M4,19.996189553064102
M3,20.272924030058498
M2,19.98692185615827
M1,20.06055188329116
M2,19.970305126301504
M4,20.040201400864373
M4,20.026608783830408
M2,19.937260518637487
M1,19.9511123179981
M1,19.997389734390605
M1,19.942475034356967
M3,20.2054501421837
M3,20.196604538826595
M3,20.21342031176388
M1,20.021681928305053
M2,19.947318005741977
M1,19.963720354759456
M2,19.931582518760735
M3,20.29845909007571
M2,20.01726406699043
M3,20.1925381086733
M2,20.034586210793993
M3,20.2319904902122
M2,19.976994546784677
M2,20.01842514778427
M1,20.00924787179348
M3,20.223270971834378
M4,19.971318950443205
M3,20.227093657947165
M3,20.219508847058073
M4,20.050681302498415
M1,19.99190105918983
M4,19.989023508976228
M1,19.981917219093567
M3,20.238483579322633
M4,20.031814534634684
M4,19.995656679552727
M2,20.032774408833927
M4,20.04905246348937
M3,20.24152375149546
M1,19.953829821367105
M1,19.951509967904652
M4,19.984590718026087
M4,20.038500062725205
M4,20.043828071568516
M2,20.01632973872995
M2,20.018115454391268
M4,20.068856379609823
M1,19.987527956080577
M4,20.012408061395277
M3,20.22021874463392
M3,20.3023371360102
M2,20.029065638134092
M4,20.029142957707062
M3,20.194718674103093
M1,19.993113016455045
M3,20.227786112165987
M4,19.953173332402702
M1,20.0424470863299
M3,20.20144321462666
M1,20.010543328818752
M3,20.146475098883275
M4,20.07675120092443
M2,19.95943854762888
M1,19.975735259557226
M1,20.01664110985547
M3,20.286833090514083
M4,20.026341089455823
M2,19.98215019221892
M4,19.95525868125543
M2,20.018517219089286
M1,19.96829855772913
M3,20.260674900839696
M4,19.980310155968297
M2,19.94815421654706
M4,20.009711299729304
M3,20.1938109352911
M2,20.037985229598902
M3,20.27613730906323
M2,19.99167702224724
M1,19.99980327404082
M4,20.00624509808772
M2,19.97850665801231
M3,20.25493168501166
M3,20.217865056264092
M1,19.96933992840121
M3,20.223262877642895
M2,20.00669304731981
M3,20.192885639445343
M2,20.00265089698157
M4,20.01645178575025
M1,20.036514593255593
M1,19.9459500819173
M2,19.970598616716
M1,20.0167977367829
M1,20.035013888168415
M3,20.181406855517984
M4,20.045000397144683
M3,20.257818704103673
M2,19.97917470829375
M4,20.061065036131033
M2,19.97797820824297
M1,20.020715675257343
M4,19.99146284474419
M3,20.25272086670827
M2,19.996852643724463
M3,20.183403691656903
M3,20.20558303001224
M1,20.007335603793912
M1,19.964781282328715
M3,20.21344514839364
M1,19.96144718456734
M3,20.179899445420432
M2,20.03759040613444
M1,19.979623081233793
M3,20.176924830865147
M2,20.008065752943388
M2,20.02061310215444
M1,19.940001212315693
M3,20.220717156398837
M4,19.969676668782853
M3,20.21973106740342
M1,20.016331327957488
M4,20.0693362494546
M1,19.987166811593227
M2,20.020515959873944
M1,19.99445435634643
M4,19.97988340460336
M1,20.011139023587777
M3,20.306937100884255
M1,19.907399904968987
M1,19.996929520616675
M3,20.134301816909492
M4,20.046057684260415
M1,20.021354275179835
M1,19.972471583213192
M2,19.982323297516672
M4,20.005784109891778
M1,19.97750344226782
M1,19.97106677937847
M2,19.964661270458812
M2,20.039643679514757
M1,19.94732162758157
M3,20.246107835942535
M3,20.20777662087681
M1,20.048800368636066
M3,20.30115817557506
M1,19.934479410279877
M3,20.254479236128613
M2,19.98746917157722
M1,19.975459473424124
M1,19.98881800536994
M4,19.98984807279967
M3,20.2430844108517
M3,20.209060163075556
M1,20.017587724957767
M1,20.031640788649053
M1,19.972438068358414
M2,20.016424239235935
M2,20.00272187591784
M4,20.025318034808425
M4,20.014655347890436
M2,19.982571787417747
M2,19.981361372538395
M2,19.998045573997757
M3,20.19642214795202
M3,20.20924732137853
M3,20.221604795539164
M1,19.94806375367543
M2,20.003664261418233
M4,20.01350585063308
M2,20.024584832120095
M1,20.01716066025531
M1,20.04448467062936
M1,20.00080525104285
M4,19.974655126476033
M1,19.966749736561734
M3,20.156220744511415
M2,19.982540101672097
M1,20.021954499108112
M4,19.984707193428875
M3,20.269816712453423
M4,19.979935323164252
M4,20.011348997325
M4,20.044282947392176
M3,20.228848432817628
M3,20.2248705989506
M3,20.23093038354728
M2,20.05895401259238
M1,20.032770778416413
M2,19.962962152051873
M2,19.972397158086977
M1,19.98812138947544
M4,20.0783764264602
M4,19.969553531816352
M2,20.047383794639703
M2,19.951387078788873
M4,20.020549850450426
M2,20.01490485310428
M3,20.17186740775259
M3,20.173493038613177
M2,19.989846971243065
M4,20.033360746844252
M1,19.977919028370614
M1,19.972771655037743
M3,20.222427694653778
M3,20.261034242216347
M4,19.99226308533925
M3,20.178413904171396
M1,19.98189161205211
M4,19.989255211087237
M2,19.957046787262296
M1,19.988416093135523
M3,20.27954977587503
M1,20.004410658372823
M2,20.054158580316127
M2,20.023168752438817
M1,20.00189455238771
M4,20.08700706546018
M3,20.233850569535132
M4,20.030034950077205
M2,20.002278998400655
M3,20.211631189925225
M4,20.054221154006783
M1,19.962814294826828
M4,20.035800393708637
M1,19.961138518430435
M4,19.98146975692085
M3,20.25034430299417
M3,20.274529355980015
M1,19.988180770060502
M3,20.321101681668548
M3,20.19246524866176
M4,20.014384464486703
M4,20.015633063971443
M2,20.00923564052812
M2,19.984357018981996
M2,19.985203661476536
M2,19.99353371061668
M1,19.994762626552916
M1,19.980852110878946
M4,20.05079474714287
M2,20.02450522574888
M2,19.971898339811144
M3,20.256548262172807
M3,20.281205610640058
M2,20.01248923649022
M4,20.069613794536373
M1,20.02188243493932
M2,19.97601912169167
M1,19.98218562551884
M3,20.239924564742815
M1,19.9636770314666
M4,20.0155741378337
M3,20.24426686574649
M1,19.975038120703054
M3,20.270282557578085
M2,20.041376273286005
M3,20.232770151100556
M1,19.954169780541225
M3,20.224862864914524
M1,20.00696476836891
M1,19.935114375975154
M3,20.188584924616656
M3,20.21979723043812
M2,19.976918583660066
M1,20.005189365265572
M2,19.990414451855496
M4,20.05865044103203
M3,20.21343364609918
M1,20.03157177450877
M4,19.936721179554333
M2,19.961801425950775
M3,20.25084143179049
M1,20.020803747002763
M2,20.049366558436244
M4,20.004239808619847
M2,19.98739266252939
M1,20.024538475480515
M1,19.94680157246237
M4,20.03001991148213
M4,20.04557113622686
M1,19.996317840508866
M4,20.035666081898757
M4,19.986173240933528
M2,20.047587578036374
M3,20.26420561327815
M2,20.03749127862762
M1,19.99498040180898
M3,20.204177524542555
M1,20.06683419452192
M2,20.032680246818163
M2,19.991457703329235
M1,19.98551942326736
M4,20.057083771057425
M3,20.26622004609484
M4,20.036633732462025
M3,20.190949335610515
M1,20.03424272068558
M2,20.040641011377875
M2,19.978737519563307
M4,19.941171026181344
M1,19.99937380339608
M3,20.19642347011939
M1,19.955331543519826
M4,20.024620325384635
M3,20.239242697201213
M2,20.011097185103267
M2,19.97564221389437
M2,20.015503371080925
M1,19.965938767459157
M3,20.24630286385968
M4,20.101179536832536
M1,19.96780560559182
M3,20.237712467204496
M3,20.26409481604029
M4,20.016508708242075
M4,19.999439559585372
M1,19.987150725893265
M1,20.02428480396199
M4,20.008612203332028
M1,20.0227740216297
M3,20.175758248139395
M4,20.06252318573476
M3,20.270576883062255
M1,19.98900464619581
M1,20.010552271085444
M3,20.18045121304321
M4,20.00888458002362
M2,20.00944236255734
M3,20.199159922630574
M4,19.944235182588496
M4,20.085413483832593
M3,20.229040069989267
M3,20.168489038008396
M4,20.01038855775918
M4,20.06714740697025
M2,19.974676307879538
M3,20.247678470993417
M2,20.06082525049451
M4,20.011520749278667
M1,19.971452560803957
M1,19.966056477742477
M2,20.028698899763025
M1,19.98524194549357
M3,20.202366254622
M3,20.287993072793128
M4,20.05984684060157
M3,20.20604391409378
M3,20.212566274711826
M3,20.209316312482937
M1,19.91281169968343
M3,20.177358365328693
M1,20.007532785044496
M3,20.295464721613904
M4,20.02606495223495
M4,20.01883039916537
M3,20.211661903823572
M2,19.98545636019045
M4,19.976214975627297
M4,20.02562800997809
M2,19.96690526297997
M1,19.987177254670076
M3,20.232652959212903
M3,20.1941626622628
M4,19.9468405786112
M4,20.029411191774305
M1,19.962305506500872
M2,20.036209977443455
M4,19.999290727750207
M2,20.035414891205615
M2,19.95901970982666
M2,20.052590424407004
M2,20.048685444806942
M3,20.197887808887884
M2,20.003599994851907
M2,20.01207041776956
M2,20.017117991743763
M1,20.01323208350208
M4,20.04279865436601
M4,19.99238401318136
M2,20.01361837730307
M1,20.000492000936976
M3,20.13028756116408
M3,20.282111508485137
M3,20.22312082116942
M3,20.196279237231092
M3,20.207971700798893
M1,19.94262402749252
M1,19.97552358161455
M1,19.99857716324116
M1,19.92127638479244
M4,20.050443876473707
M3,20.18501375260795
M3,20.189338156682904
M3,20.199809262801757
M1,19.943239091256853
M1,19.994244359345547
M4,19.9897341806877
M2,20.016402892989433
M3,20.193441884383205
M4,20.020863787167936
M1,19.97804721914385
M4,20.045803637067817
M3,20.212347617047097
M2,20.03437786624018
M2,20.066175905077205
M1,19.97512613139233
M1,19.90938522201586
M1,19.967075038973064
M4,20.013754173849584
M1,19.995852052181828
M2,19.97799373439596
M1,19.965357422473513
M2,19.964457488384987
M1,19.9334290085333
M2,19.955984450459297
M3,20.291464196372633
M4,20.044295922183228
M2,19.992550620884646
M3,20.19085578497801
M3,20.27726027351715
M4,20.01183064971379
M4,20.016911613429446
M1,19.99194913027634
M3,20.227668758244533
M4,20.04422720494841
M2,20.059023547851545
M3,20.214028955130868
M2,19.988076323685014
M2,20.05494130868781
M1,19.947585803465095
M1,19.957145604714295
M3,20.206340889790244
M4,19.982588635531567
M3,20.26048847387633
M1,19.95133104226974
M1,20.013058487868076
M3,20.19919410020825
M1,19.952217556942657
M3,20.311673423551063
M4,19.975711949720708
M1,20.02761350678805
M3,20.241224767282823
M4,19.966412391883303
M2,19.96295412391425
M4,20.046664297013965
M4,20.023745627269033
M2,20.037952514303463
M2,19.95856050180425
M3,20.277743222859876
M3,20.18883986057492
M2,20.040752020950404
M1,19.983175874398988
M3,20.181435471917588
M1,19.96093659193836
M1,19.946003477940657
M1,19.97421341322964
M2,20.0600799147944
M1,19.997919028332323
M2,19.973469619791903
M1,19.960505334118224
M2,20.005942514315564
M4,19.982604876605652
M2,19.958050704095847
M3,20.180311798146935
M1,19.958581904674947
M1,19.96923365701466
M4,20.003209357890903
M3,20.25480013951882
M1,19.950799018351574
M3,20.19811180296815
M1,20.008273622116775
M1,20.021837424341744
M2,19.97244997998754
M3,20.25217916121078
M3,20.200507513414287
M4,20.01764315539027
M1,19.95685036683562
M1,19.994350708210348
M3,20.202812079460347
M4,19.96272944734479
M3,20.21781406537422
M3,20.19255786502236
M1,19.967119006358462
M4,20.0168844511426
M4,20.005254965698654
M3,20.18512452515265
M2,19.99628982661876
M3,20.270241843812432
M3,20.2232898680617
M4,20.015956793600875
M1,19.99226634528661
M3,20.204493135698876
M3,20.120953471500172
M2,20.00694708874543
M4,20.058217428916446
M1,19.928922686583956
M1,19.974493250723153
M4,19.99610271355014
M1,19.957181185654772
M2,19.98479852088521
M2,20.05607703602809
M3,20.209087083619117
M1,20.01707577942954
M2,20.002825171516324
M4,20.083488936706733
M2,19.978460917674287
M3,20.21993305105376
M4,20.02149562394637
M3,20.168539103639795
M4,20.04673711092673
M4,20.05184896512602
M3,20.20774228197449
M4,20.0573604620683
M3,20.194511059382847
M4,20.01598983340992
M3,20.204391288051553
M2,20.008631635254982
M3,20.247330793346404
M2,20.06569538293694
M2,19.987069181978704
M2,19.977989173610663
M2,20.00513575641521
M2,20.023484575233866
M3,20.20251205271652
M2,19.986813800772055
M2,20.011378775003102
M1,19.97695086924469
M2,20.033051901197
M2,20.01592606957179
M4,20.041701721602323
M2,20.014542472266136
M1,19.99796492230023
M2,19.988335352405784
M3,20.15567807562527
M1,19.9619057617793
M1,20.007957164554377
M2,19.966878448719545
M2,19.981328457975252
M2,20.000600343846365
